gq,abaamang,06,1.6666667,10.6333333
gq,abagnam,06,1.1166667,11.0
gq,abama,09,1.2,11.2833333
gq,abam,07,1.8333333,10.8666667
gq,abanayop,06,0.9833333,10.9333333
gq,abanda,08,1.45,9.6333333
gq,abanengui,07,2.15,11.0666667
gq,abanfang,06,1.6,10.6666667
gq,abanga,06,1.1833333,11.0166667
gq,abang,07,1.8333333,10.7
gq,abe,06,1.8333333,10.4666667
gq,abeayop,07,1.9166667,10.8333333
gq,abebain,07,2.0,11.3333333
gq,abenelam,06,1.1333333,9.95
gq,abenelang,06,0.9666667,9.9833333
gq,abenelang,07,1.8833333,10.4166667
gq,abenelang,08,1.8,9.7833333
gq,abeng-nam,06,1.75,10.45
gq,abengnam,08,1.0833333,9.65
gq,abenye,06,1.0833333,10.4166667
gq,abet,06,1.1,9.7166667
gq,abiara,06,1.3333333,10.9833333
gq,abiara,07,1.9,11.1833333
gq,abogocola,06,1.1333333,9.9333333
gq,abogosu,06,1.4333333,10.4333333
gq,abomdama,07,1.9666667,10.35
gq,abomendama,07,2.0,10.7833333
gq,abomenvila,08,1.7,10.0833333
gq,abon,07,2.1,11.25
gq,aboramban,06,1.6166667,10.3166667
gq,aboransama,06,1.55,10.65
gq,abumayeme,06,1.0333333,11.0
gq,abumbem,07,1.8833333,10.35
gq,abumensok,08,1.5833333,10.0166667
gq,acaasi,06,1.3833333,10.4833333
gq,acaasi,07,1.85,10.7833333
gq,acaasi,08,1.85,10.0333333
gq,acaasi,09,1.3166667,11.0333333
gq,acalayon,08,1.0833333,9.6666667
gq,acalayong,06,1.2166667,10.6
gq,acam,06,1.0166667,10.8833333
gq,acam,07,1.8666667,10.6833333
gq,acam,09,1.6,11.0333333
gq,acanabor,06,1.0,10.0833333
gq,acanabor,08,1.1166667,9.45
gq,acanabot,08,1.75,9.7833333
gq,acan,06,1.25,10.15
gq,acas,06,1.2833333,10.2
gq,achap,06,1.5666667,10.4666667
gq,achap,07,1.85,10.7166667
gq,achebe-biyong,07,1.9166667,10.4166667
gq,achimelan,08,1.7,9.8166667
gq,achimelang,06,1.0166667,9.9333333
gq,acoacam,09,1.6166667,11.3166667
gq,acoaesakira,09,1.1166667,11.2666667
gq,acoc,06,1.05,10.7166667
gq,acoc,07,1.8166667,10.2666667
gq,acocnfang,08,1.7666667,9.9666667
gq,acocseng,06,1.3333333,11.0
gq,acocsi,09,1.35,11.15
gq,acoga,06,0.95,10.3833333
gq,acoga,07,1.9,10.7833333
gq,acoga,08,1.1,9.6333333
gq,acom,06,1.6166667,10.65
gq,acom,07,1.75,10.2
gq,acom,08,1.8833333,9.8666667
gq,acombele,06,1.8166667,10.55
gq,acon,06,1.4166667,10.5333333
gq,acon,07,1.7833333,10.8666667
gq,aconangui,06,1.7,10.4833333
gq,aconangui,07,1.7833333,10.2833333
gq,aconcemento,07,1.95,10.3833333
gq,aconekie,06,1.0166667,10.2
gq,aconekie,08,1.0666667,9.65
gq,aconekie,09,1.7166667,10.9833333
gq,aconekien,06,1.4,10.2333333
gq,aconekien,07,2.1166667,10.9833333
gq,aconibe,06,1.3,10.9333333
gq,aconikie,06,1.6166667,10.9333333
gq,aconikie,08,1.7833333,9.9333333
gq,aconikie,09,1.55,11.3
gq,aconngui,08,1.25,9.4333333
gq,acora,08,1.9,10.0166667
gq,acot,07,1.9333333,10.45
gq,acueton,07,1.8333333,10.7333333
gq,acumayene,09,1.3666667,11.25
gq,acunse,07,2.0333333,10.8666667
gq,acurenam,06,1.0333333,10.6666667
gq,acurenam,08,1.7,9.75
gq,acurensoc,06,1.0833333,10.3666667
gq,acurensoc,09,1.3833333,11.2333333
gq,acuse,07,1.9166667,10.3166667
gq,adjamibang,06,1.4,10.45
gq,adjap,09,1.5666667,11.1833333
gq,adjelon,06,1.3666667,10.6333333
gq,adurelan,07,1.9666667,11.2166667
gq,adurelang,07,1.9333333,10.8833333
gq,adyabasi,06,1.5,10.4833333
gq,adyamibang,06,1.2666667,10.5166667
gq,adyap,06,1.2166667,9.8833333
gq,adyap,08,1.1666667,9.6166667
gq,adyebe,06,1.1666667,10.4333333
gq,afaabitom,09,1.7166667,11.05
gq,afaanam,06,1.1833333,10.5833333
gq,afaansoc,06,1.75,10.7833333
gq,afaansok-esong,06,1.85,10.6166667
gq,afanabang,08,2.0166667,9.8833333
gq,afanangui,07,2.15,10.95
gq,afanebang,07,2.1333333,10.85
gq,afansoc,06,1.3,10.7
gq,afansok-abenelang,06,1.8333333,10.5166667
gq,afomadim,09,1.7666667,11.3166667
gq,afommanchim,07,1.9833333,11.3333333
gq,agua,09,1.8333333,11.0833333
gq,aguanam,09,1.5,11.0833333
gq,ajene,07,1.9166667,10.65
gq,akaasi,06,1.3833333,10.5166667
gq,akaasi,09,1.55,11.2833333
gq,akalayong,06,1.4333333,10.4166667
gq,akam,09,1.8,11.3333333
gq,akanabor,06,1.05,10.05
gq,akanabor,08,1.2666667,9.4333333
gq,akelayong,06,1.2,9.8833333
gq,akinebitom,07,1.9,10.7166667
gq,akoga,06,1.3666667,10.6833333
gq,akom,07,1.9333333,10.8
gq,akonangui,06,1.8,10.4
gq,akoo,07,2.0833333,11.3166667
gq,akora,08,1.85,9.9
gq,alar,06,1.0666667,10.0833333
gq,alarmintang,06,1.0833333,10.5
gq,alarmitang,07,1.8333333,10.2666667
gq,alarmitang,08,1.8333333,9.8
gq,alem,09,1.85,11.3666667
gq,alen,06,1.0166667,11.0
gq,alen,07,1.9,10.75
gq,alen,09,1.65,11.1
gq,alenasi,06,1.0333333,10.3
gq,alep,08,1.85,10.05
gq,alogoecog,07,1.9666667,10.4
gq,alogontang,06,1.1166667,9.75
gq,alon,06,1.6,10.85
gq,alon,07,2.0666667,11.3166667
gq,aloum,08,1.9333333,9.9
gq,alum,06,1.0,10.9833333
gq,alum,07,1.9666667,10.1666667
gq,alum,08,1.8333333,9.9333333
gq,alum,09,1.65,11.0666667
gq,alun,09,1.75,11.1333333
gq,aman,08,1.5833333,9.65
gq,amanening,06,1.1166667,9.9166667
gq,ambo,03,-1.4013889,5.6325
gq,amsen,06,1.1,10.1666667
gq,amvam,06,0.9833333,10.3833333
gq,amvam,07,1.9833333,10.8666667
gq,amvamg,06,1.75,10.4833333
gq,amvangsi,06,1.4666667,10.6666667
gq,amvonga,06,1.3166667,10.5833333
gq,amyonga,08,1.1666667,9.4833333
gq,andoc,06,1.8166667,10.6166667
gq,andoc,07,1.8666667,10.7
gq,andok,07,2.0,10.4333333
gq,andom,06,1.3166667,10.8666667
gq,andom,07,1.8833333,10.5
gq,andom,09,1.6,11.3
gq,andon,07,2.0333333,10.9666667
gq,andum,08,1.9166667,9.8833333
gq,angala,06,1.8,10.6
gq,angala,08,1.8166667,9.8833333
gq,anganchi,03,-1.4305556,5.6519444
gq,angoc,07,1.9166667,11.2333333
gq,angomayop,07,2.0166667,11.2333333
gq,angon,06,1.2833333,10.9
gq,angonbibana,09,1.8,11.0166667
gq,angonoveng,07,1.8166667,10.75
gq,angua,06,1.1333333,10.4833333
gq,anguec,08,1.9166667,9.9833333
gq,anguma,06,0.9833333,10.1
gq,anguma,07,2.0333333,10.1666667
gq,anguoc,08,1.6666667,9.7333333
gq,anisoc,07,1.85,10.7666667
gq,anisoc,08,1.6,10.0666667
gq,anisoc,09,1.4833333,11.1
gq,anomo,09,1.7833333,11.3
gq,anonguabani,08,0.9333333,9.3333333
gq,anongue,08,1.2666667,9.4
gq,ansem,06,1.0833333,9.95
gq,ansem,08,1.5333333,9.9
gq,anunga,09,1.3333333,11.2833333
gq,anungom,09,1.8166667,11.4
gq,anzem,09,1.5333333,11.1
gq,asa,08,1.4833333,9.6833333
gq,asam,08,2.0666667,9.8166667
gq,asamboa,08,1.0666667,9.6
gq,asang,07,2.0666667,11.2166667
gq,asasi,07,1.8333333,10.75
gq,asasi,09,1.1333333,11.2666667
gq,asem,08,1.95,9.9166667
gq,asemosi,07,2.15,11.0333333
gq,aseng,06,1.1833333,10.5
gq,asesoc,08,1.95,9.9666667
gq,asia,09,1.1,11.25
gq,asobla,06,0.9666667,9.9666667
gq,asoc,06,1.4333333,10.6
gq,asoc,07,1.8666667,10.1833333
gq,asoc,08,2.0,9.8666667
gq,asoc,09,1.4666667,11.3
gq,asocleme,06,1.0333333,10.3333333
gq,asoclon,06,1.4,10.6333333
gq,asoc-ncama,09,1.1,11.2166667
gq,asocndoba,06,1.2666667,10.4666667
gq,asogabia,06,1.25,10.8666667
gq,asogabo,06,1.2333333,10.6833333
gq,asogomansuein,09,1.6833333,11.1833333
gq,asogouein,06,0.9833333,10.4833333
gq,asoguebenga,06,1.0166667,10.0
gq,asoo,06,1.0,10.3
gq,asuiabe,06,1.1166667,10.2166667
gq,asuiabe,07,2.1,10.8333333
gq,asuiabe,08,1.2166667,9.6333333
gq,atoasoc,07,2.0166667,10.05
gq,atom,08,1.7833333,10.0166667
gq,atud,09,1.8166667,11.0333333
gq,atut,07,1.8833333,11.3166667
gq,aual,03,-1.4455556,5.6272222
gq,avagnam,06,1.45,10.75
gq,avam,06,1.3166667,11.0166667
gq,avam,07,1.8833333,11.1333333
gq,avang,07,1.9,10.3666667
gq,avangnam,06,1.3166667,10.8833333
gq,aveguening,06,1.3666667,10.6666667
gq,avelengong,06,1.4166667,10.0333333
gq,avensoc,06,1.0833333,10.45
gq,ayaaman,07,1.9333333,10.8333333
gq,ayaamang,07,2.0833333,10.4333333
gq,ayaamvela,07,2.05,10.85
gq,ayaantang,08,1.75,9.6833333
gq,ayabifara,06,1.75,10.6166667
gq,ayabilon,09,1.8,11.4
gq,ayabivila,08,1.8,9.9333333
gq,ayacmbong,08,1.7333333,10.0666667
gq,ayacntang,06,1.5666667,10.4166667
gq,ayacue,08,1.8,9.9666667
gq,ayaelon,08,1.8,9.85
gq,ayafein,08,1.5,9.6666667
gq,ayamboga,08,1.25,9.4166667
gq,ayamiken,07,2.1166667,10.0166667
gq,ayana,06,1.3166667,10.9666667
gq,ayan,06,1.3333333,10.7333333
gq,ayanesala,06,1.2,9.9333333
gq,ayap,07,2.0,10.45
gq,ayap,09,1.6833333,11.0333333
gq,ayap-ngo,07,2.1333333,10.65
gq,ayavene,09,1.6833333,11.05
gq,aye,08,1.35,9.4666667
gq,ayeenin,08,1.9,9.9
gq,ayeme,06,1.0,10.2833333
gq,ayene,06,1.1333333,10.5666667
gq,ayene,09,1.5166667,11.05
gq,ayuen,07,2.0333333,11.0666667
gq,bacake grande,04,3.55,8.85
gq,bacake pequeno,04,3.5666667,8.8666667
gq,bacipu,04,3.7333333,8.8166667
gq,baga,08,1.3166667,9.45
gq,baho,04,3.5166667,8.8166667
gq,baho,05,3.2833333,8.7333333
gq,baho basuala,04,3.6333333,8.9
gq,baho pequeno,04,3.5333333,8.8333333
gq,balacha de concepcion,05,3.4,8.7166667
gq,balakeke,08,1.1333333,9.4666667
gq,balelipa,05,3.4833333,8.8
gq,baloeri de cristo rey,04,3.6666667,8.6333333
gq,balombe,05,3.4333333,8.5333333
gq,bame,07,2.0666667,10.4833333
gq,banapa,06,1.0833333,9.7
gq,bandondolo,08,1.1166667,9.6333333
gq,bandy,08,0.9833333,9.5
gq,bandye,08,1.4833333,9.5666667
gq,baney,04,3.7,8.9166667
gq,banga,07,2.15,10.8166667
gq,bang,06,1.6166667,10.55
gq,bangbira,08,1.6666667,9.8333333
gq,bangole,08,1.65,9.8
gq,bangui,08,1.25,9.5666667
gq,bansogo,08,1.5166667,9.6
gq,bantabare,05,3.45,8.7666667
gq,bantabare pequeno,05,3.45,8.7833333
gq,bareso,04,3.65,8.9166667
gq,bariaobe,04,3.5833333,8.8666667
gq,barrio de las palmas,05,3.45,8.5666667
gq,basacato,05,3.5833333,8.6333333
gq,basacato del este,04,3.6166667,8.9
gq,basapo,04,3.6333333,8.65
gq,bas,06,1.1333333,10.7833333
gq,basile,04,3.7,8.8
gq,basile,06,1.0333333,10.6833333
gq,basuala,04,3.6333333,8.9166667
gq,basupu,04,3.7166667,8.6833333
gq,bata,08,1.85,9.75
gq,batete,05,3.45,8.5
gq,be,07,2.1333333,11.1
gq,bebogo,08,1.6666667,9.9166667
gq,bebudu,08,0.9166667,9.3
gq,bebulu,07,2.05,10.5833333
gq,bedimbe,08,1.1333333,9.45
gq,bedoum,07,2.15,11.0833333
gq,bedya,06,1.3333333,10.5833333
gq,behoke,08,0.9333333,9.3166667
gq,belebu balacha,05,3.4,8.5833333
gq,belombo,08,1.65,9.6166667
gq,belungu,08,1.5166667,9.5833333
gq,bemvong,06,1.2833333,10.5
gq,bemvong,08,1.1833333,9.4
gq,bengonbeyene,09,1.7,11.0166667
gq,beningo,08,2.2666667,9.8
gq,benito,06,1.5666667,10.4
gq,benito,08,1.5833333,9.6166667
gq,berbere,06,1.1166667,9.9833333
gq,besabeba,07,2.05,10.2166667
gq,besongo,07,1.85,10.0833333
gq,besu,08,2.1666667,9.8
gq,betimbile,08,2.2333333,9.7833333
gq,bevova,08,0.9833333,9.5166667
gq,beyibe,06,1.4166667,10.5833333
gq,biadibe,08,2.0333333,9.8
gq,biapa,08,1.2333333,9.4
gq,bibain,07,1.8666667,10.6
gq,bibara,07,1.9166667,10.85
gq,bibas,06,1.3166667,10.9
gq,bibe,07,2.0333333,10.3833333
gq,bibe,09,1.7833333,11.0666667
gq,biben,07,2.05,11.2
gq,bibo,09,1.8,11.35
gq,bibobindoc,06,1.75,10.2833333
gq,biboco,08,1.4166667,9.4833333
gq,bibono,08,1.4666667,9.6333333
gq,bibulubam,07,2.0833333,10.7
gq,bicaba,06,1.5333333,10.5666667
gq,bicaba,08,1.5833333,9.6833333
gq,bicat,07,1.9333333,10.7333333
gq,bichabichan,07,2.1666667,11.15
gq,bicoeme,08,2.0166667,9.8666667
gq,bicomo,08,1.7833333,9.8666667
gq,bicon,09,1.5166667,11.0166667
gq,biconete,08,1.8666667,9.9833333
gq,bicoro,08,1.7333333,9.9666667
gq,bicuama,09,1.8666667,11.2
gq,bicubini,08,1.6333333,9.6833333
gq,bicueme,08,1.8833333,10.0333333
gq,bicugo,07,1.85,10.8333333
gq,bicui,08,1.85,9.8166667
gq,bicum,06,1.0166667,10.4
gq,bicum,08,1.9,9.85
gq,bicuna,08,1.8333333,9.7666667
gq,bicurga,06,1.5833333,10.4666667
gq,bidoa,06,1.2333333,10.5833333
gq,bidobo,07,2.05,11.0
gq,bidogo,06,1.1,10.1333333
gq,bidogo,09,1.6,11.1166667
gq,bidoma,08,1.6833333,9.8333333
gq,biduangona,07,2.0666667,9.9833333
gq,bidya bidyan,08,1.3333333,9.6
gq,bidyangobibere,06,1.3,10.75
gq,bidyigdyiga,06,1.0333333,10.45
gq,bifee,07,2.0666667,11.2666667
gq,bigueme,06,1.45,10.4
gq,bigueme,08,2.2,9.8333333
gq,bigumo,09,1.4,11.0333333
gq,biguoba,07,1.7833333,10.2
gq,biguogo,06,1.3666667,11.0
gq,biion,07,2.1333333,10.2166667
gq,bilen,08,1.4833333,9.6166667
gq,bileosi,09,1.6833333,11.2666667
gq,bilon,07,1.9333333,10.4
gq,bilon,08,1.7,9.85
gq,bilont,07,2.05,10.4833333
gq,bimbon,08,1.85,9.9166667
gq,bindele,07,1.8666667,11.1
gq,bindoc,06,1.75,10.8333333
gq,bindun,08,1.8666667,9.8833333
gq,bindyengue,08,1.5166667,9.5666667
gq,bingacue,08,1.4166667,9.65
gq,bingocom,08,1.6333333,9.8666667
gq,bingon,09,1.7833333,11.15
gq,bingong,08,1.8833333,9.85
gq,binguala,06,0.9666667,10.1166667
gq,binguengueng,06,1.8,10.6666667
gq,binguru,08,1.5,9.8
gq,binsan,06,1.65,10.5166667
gq,bioco,05,3.35,8.6666667
gq,biok,07,1.9666667,11.2333333
gq,bisabat,07,2.1,10.8
gq,bisabinya,08,1.7833333,9.95
gq,bisega,06,1.2833333,10.7
gq,bisobinam,06,1.0166667,10.0166667
gq,bisobinam,07,1.9,10.6666667
gq,bisobinam,08,1.15,9.6166667
gq,bisobinam,09,1.3166667,11.0666667
gq,bisobinbong,07,1.9666667,10.2833333
gq,bisobinnam,09,1.65,11.2833333
gq,bisominam,09,1.4833333,11.2666667
gq,bison,06,1.1666667,10.55
gq,bison,07,2.0333333,11.3166667
gq,bisong,06,1.3666667,10.3166667
gq,bisum,08,1.4666667,9.85
gq,bisun,06,1.7166667,10.3
gq,bisun,07,2.0166667,10.2166667
gq,bitet,07,2.0,11.2666667
gq,bitica,08,1.4166667,9.6166667
gq,bitom,06,1.1166667,9.9333333
gq,boabele,08,1.4833333,9.55
gq,bococo,05,3.4166667,8.4833333
gq,bocondo,07,2.0166667,10.35
gq,bocoricho balacha,05,3.4,8.5666667
gq,bocoricho ombori,05,3.4166667,8.5666667
gq,boemeriba,05,3.4166667,8.5833333
gq,bofondo,08,1.6166667,9.6333333
gq,bola,06,1.0833333,9.85
gq,bolando,07,2.2166667,9.8666667
gq,bolankui,09,1.7833333,11.2
gq,boloco big,05,3.4333333,8.75
gq,bombe,05,3.45,8.6166667
gq,bomidi,08,1.8833333,9.7833333
gq,bon,06,1.6,10.6833333
gq,bonche,08,1.1333333,9.4833333
gq,bongo,08,1.8666667,9.9166667
gq,bonguila,06,1.1666667,9.9
gq,bono,07,1.9666667,10.5
gq,bonobono,08,1.2333333,9.6333333
gq,bonung,08,1.6333333,9.9333333
gq,boo,06,0.9666667,9.9
gq,boo,08,1.8166667,9.9
gq,bososo,04,3.6,8.8833333
gq,bouembo,08,2.1,9.7666667
gq,buabe,07,2.3166667,9.8
gq,buchica,05,3.4166667,8.55
gq,buma,08,0.9333333,9.3
gq,caangan,06,1.0666667,10.3833333
gq,cabo san juan,08,1.1833333,9.3666667
gq,cadiz,08,1.2833333,9.6
gq,calatrava,08,1.1,9.4166667
gq,cam,07,2.0833333,10.45
gq,cam,09,1.8166667,11.1166667
gq,camfere,08,1.35,9.6166667
gq,camferec,08,1.1166667,9.4333333
gq,campo,08,1.2333333,9.8166667
gq,cang,08,1.2166667,9.5166667
gq,chimi,06,1.7166667,10.65
gq,churu,06,1.3833333,10.0333333
gq,ciudad de ela nguema,04,3.75,8.7833333
gq,ciudad de luba,05,3.45,8.55
gq,ciudad de riaba,05,3.3833333,8.7666667
gq,cnesis,09,1.6833333,11.0666667
gq,coes,08,0.9666667,9.5
gq,cogo,08,1.15,9.55
gq,comandakina,08,1.85,9.7666667
gq,combo,08,0.9,9.3
gq,como,08,1.15,9.5833333
gq,compania,06,1.45,10.3833333
gq,cono,07,2.1666667,11.2166667
gq,corro,06,1.8,10.3833333
gq,cotango,08,1.55,9.5833333
gq,coumenye,08,1.4666667,9.5333333
gq,covadonga,08,0.9,9.3166667
gq,cucumancoc,06,1.3,10.8333333
gq,cuma,08,1.2,9.3833333
gq,cunoguono,07,1.9333333,10.5166667
gq,cupapa,04,3.6666667,8.9166667
gq,dalama,07,2.0,11.3166667
gq,dejambeme,06,1.3666667,10.5166667
gq,dibolo,08,2.1333333,9.8
gq,dibolo,09,1.6166667,11.3333333
gq,dipicar,07,2.2333333,9.8833333
gq,djobete,07,2.1333333,11.3
gq,dnmanduin,06,1.3166667,10.75
gq,dogo,08,1.85,9.8666667
gq,domande,08,0.8833333,9.3166667
gq,dumanduy,07,2.0166667,11.2666667
gq,dum,06,1.8,10.6833333
gq,dum,07,2.0166667,10.9166667
gq,dumo,09,1.3833333,11.3166667
gq,dumosi,09,1.35,11.3166667
gq,dyeng,06,1.0833333,10.1166667
gq,dyio,06,1.05,10.9333333
gq,ebacoc,08,1.6166667,9.7
gq,ebain,06,1.4,10.5833333
gq,ebain,07,1.85,10.2166667
gq,ebain,09,1.7,11.3666667
gq,ebala,08,1.5166667,9.6833333
gq,ebamayong,06,1.1,10.3833333
gq,ebam,06,1.0833333,9.8833333
gq,ebam,07,2.1166667,9.9666667
gq,ebam,09,1.5666667,11.3
gq,ebana,06,1.15,10.7833333
gq,ebane,06,1.0666667,10.5
gq,ebang,07,1.9333333,11.2333333
gq,ebang,09,1.5666667,11.15
gq,ebansoc,07,1.95,10.2666667
gq,ebansok,07,1.75,10.1333333
gq,ebay,07,1.9333333,11.2833333
gq,ebcua meyene,06,1.2,10.5333333
gq,ebebiyin,06,1.0833333,10.6166667
gq,ebebiyin,07,2.15,11.3333333
gq,ebein,09,1.75,11.3166667
gq,ebemayong,07,2.1333333,10.5333333
gq,ebengon,07,2.0333333,10.4333333
gq,ebensam,06,1.35,10.4
gq,ebesang,06,1.7333333,10.7166667
gq,ebiane,06,1.1833333,10.7833333
gq,ebiane,07,1.7333333,10.15
gq,ebien,06,1.3,10.5
gq,ebiengon,07,2.15,10.45
gq,ebinayon,06,1.45,10.5666667
gq,eboafan,06,1.3666667,10.5833333
gq,eboamvam,07,2.1,11.0833333
gq,ebo,07,1.8833333,11.15
gq,eboga,08,1.6,9.75
gq,eboloua,06,1.4833333,10.5
gq,ebom,09,1.5666667,11.1666667
gq,ebomekour,06,1.0333333,10.6
gq,ebomicu,09,1.3,11.2666667
gq,ebomitong,08,1.6666667,9.8166667
gq,ebommiku,09,1.3333333,11.0333333
gq,ebomosi,06,1.2,10.5
gq,ebongo,07,1.8666667,10.5833333
gq,ebuma,08,2.25,9.8
gq,eburu,05,3.3,8.75
gq,echaesia,06,1.3,10.4333333
gq,echam,06,1.0166667,10.25
gq,echam,07,2.1333333,10.75
gq,echume,08,1.3,9.7666667
gq,ecoco,09,1.3333333,11.3166667
gq,ecog,09,1.3166667,11.05
gq,ecoguon,07,1.95,11.1166667
gq,ecoguon,08,1.9166667,9.95
gq,ecoguong,06,1.2,10.4833333
gq,econeguon,07,2.1,10.3833333
gq,ecuc,06,1.1666667,10.3833333
gq,ecuc,07,2.0333333,10.95
gq,ecuc,08,1.4833333,9.75
gq,ecuco,08,1.8333333,9.75
gq,ecui,09,1.85,11.35
gq,ecumanguma,08,1.3333333,9.6166667
gq,ecumdum,07,1.8666667,10.8166667
gq,ecurudya,08,1.5333333,9.8166667
gq,edobngong,08,1.7666667,10.05
gq,edolo,06,1.2,9.9166667
gq,eduba,08,1.5,9.5666667
gq,edum,06,1.0,10.7833333
gq,edum,07,1.8666667,10.2
gq,edum,09,1.6833333,11.3666667
gq,edumesok,09,1.7333333,10.9333333
gq,edumzam,07,1.85,10.7
gq,edyomeete,07,2.0666667,10.2833333
gq,edyuba,06,1.0,9.9666667
gq,efon,06,1.0,10.25
gq,efulan-ayene,07,1.9166667,10.6333333
gq,efulan,06,1.0,10.75
gq,efulan,07,1.8833333,10.2666667
gq,efulan,08,1.0833333,9.5666667
gq,efulan,09,1.5166667,11.2
gq,efulayong,06,1.4333333,10.6166667
gq,egon,07,2.1333333,10.9333333
gq,eguom,07,2.0166667,10.9666667
gq,eguonannam,08,1.1833333,9.4166667
gq,eguong,07,2.0,10.9666667
gq,ehoko,05,3.3166667,8.75
gq,ekoguong,07,1.9833333,10.6166667
gq,ekok,09,1.7833333,11.2333333
gq,elansoc,09,1.5,11.3
gq,elebelaba,07,1.9,10.5333333
gq,elende,08,2.2166667,9.8
gq,eloa,08,0.9,9.3333333
gq,elolon,08,1.65,9.8166667
gq,elon,06,1.0,10.0
gq,elon,09,1.05,11.15
gq,elonesang,06,1.7166667,10.6833333
gq,elong,07,1.8,10.1166667
gq,elong,09,1.35,11.1666667
gq,elungu,08,1.5333333,9.5833333
gq,embiert,07,1.8666667,10.75
gq,emvemve,06,1.05,10.25
gq,emvila,06,1.0333333,9.95
gq,enang,06,1.4833333,10.4833333
gq,encoembe,09,1.65,11.3333333
gq,encoengoon,09,1.6333333,10.9666667
gq,endembe,08,1.05,9.6166667
gq,endemdem,08,1.8166667,9.8166667
gq,endenden,07,1.9666667,10.2666667
gq,enengmelen,06,1.0166667,10.85
gq,engas,09,1.4,11.3333333
gq,engomngom,06,1.2,10.4666667
gq,engong,06,1.4,10.0166667
gq,engong,07,1.8833333,10.2833333
gq,engong,08,1.35,9.5833333
gq,engongom,06,1.2666667,10.8833333
gq,enguez,06,1.65,10.9333333
gq,eniacugu,07,1.8333333,10.1166667
gq,enigabe,06,0.9833333,9.9666667
gq,enigaco,06,1.7666667,10.6
gq,enigaco,07,2.1666667,11.1
gq,enigayong,08,1.75,9.7666667
gq,enoc,07,2.1333333,10.8666667
gq,enoc,09,1.7166667,11.25
gq,enormebei,06,1.8,10.7
gq,ensalga,07,1.9166667,10.5333333
gq,ensang,07,2.0333333,10.9333333
gq,ensenada,00,1.4333333,5.6333333
gq,enuc,06,1.0333333,10.0333333
gq,enuc,09,1.5166667,11.3666667
gq,enuk,06,1.15,10.5166667
gq,enusoc,08,1.5166667,9.8833333
gq,eori,05,3.2666667,8.7
gq,epole,07,2.2333333,9.8666667
gq,esactom,06,0.9833333,10.5
gq,esangui,09,1.7,11.25
gq,esantua,07,2.0333333,10.15
gq,esomo,06,1.1666667,10.7833333
gq,eson,06,1.2833333,10.7166667
gq,eson,07,1.95,11.0166667
gq,eson,09,1.4833333,11.0833333
gq,esongasi,09,1.6,11.2333333
gq,esong,06,1.0333333,11.0333333
gq,esong,07,1.8833333,11.2166667
gq,esong,09,1.3166667,11.1166667
gq,espana,06,1.0333333,9.9333333
gq,esua,06,1.1666667,9.8166667
gq,esua,08,1.45,9.6666667
gq,esun,08,1.7333333,9.8666667
gq,eteete,07,1.9,11.3333333
gq,eteguevein,07,1.8833333,11.2666667
gq,etembue,08,1.2833333,9.4166667
gq,eteng,06,1.2,10.55
gq,etoantan,08,1.9666667,9.95
gq,etogo,08,1.1833333,9.6833333
gq,etom,06,1.3166667,10.85
gq,eton,07,2.05,11.25
gq,etong,06,1.8166667,10.6333333
gq,euonanam,06,1.1666667,10.5833333
gq,evaa,07,2.05,11.1166667
gq,evansoc,07,1.9666667,10.5166667
gq,evesasi,08,1.4333333,9.6166667
gq,eves,06,1.2166667,9.9666667
gq,eves,07,1.9333333,11.0833333
gq,eves,09,1.85,11.1666667
gq,evina,06,1.25,10.0
gq,evinayon,06,1.1166667,10.3666667
gq,evinayong-asiasi,06,1.7666667,10.75
gq,evoardulu,06,1.55,10.8666667
gq,evoaryulu,06,1.05,10.95
gq,evoaryulu,08,1.45,9.9333333
gq,evodulu,07,1.8666667,10.45
gq,evor,08,1.05,9.5833333
gq,evueman,06,1.7833333,10.6
gq,evuenam,08,1.4666667,9.8833333
gq,evuennam,08,1.45,9.5666667
gq,eyabe,07,2.3333333,9.8166667
gq,eyamayong,06,1.0333333,11.0666667
gq,eyamayong,08,1.7166667,9.8333333
gq,eyamayong,09,1.7,11.1
gq,eyameyong,06,1.0,9.95
gq,eyanebot,08,1.7833333,9.7833333
gq,eyina,07,1.9,11.3
gq,eyom,07,1.9166667,10.9666667
gq,eyubu,08,1.8666667,9.7833333
gq,fegayong,06,1.4166667,10.6333333
gq,feme,08,1.9166667,9.8333333
gq,fenayop,06,1.0333333,10.8
gq,fimacoc,06,1.35,10.4666667
gq,finca alena,08,1.8833333,9.9
gq,fonete,09,1.75,11.05
gq,foo,06,1.2666667,10.9333333
gq,fua,08,1.8666667,10.0333333
gq,fublia,07,1.8333333,10.1333333
gq,fula,06,1.3833333,10.5833333
gq,gabongobo,08,1.5666667,9.6
gq,ginguina,08,1.1,9.4
gq,ichime,08,1.3166667,9.7666667
gq,icondo,09,1.7166667,11.3666667
gq,idolo,06,1.15,10.5666667
gq,idolo,08,1.1333333,9.6333333
gq,iduma,08,1.3833333,9.4666667
gq,iguene,08,1.3666667,9.4666667
gq,ilale-igene,08,1.45,9.5166667
gq,ilende,07,2.3333333,9.8333333
gq,itala,08,1.5666667,9.85
gq,italamanga,08,1.25,9.4
gq,izaguirre,08,1.6166667,9.65
gq,jaaye,08,1.6333333,9.6166667
gq,janye,08,1.45,9.5333333
gq,jawabuma,08,1.5833333,9.6
gq,kim,06,1.3666667,10.55
gq,kinanongo,08,1.7833333,9.6166667
gq,kinbendag,07,1.95,10.5666667
gq,king,08,1.5666667,9.6333333
gq,kiri,06,1.1833333,10.55
gq,laca,06,1.0833333,9.7166667
gq,leng,06,1.5166667,10.6333333
gq,liengue,08,2.1833333,9.8166667
gq,llama,06,1.1166667,10.5833333
gq,loa,06,1.1833333,10.7333333
gq,loayop,06,1.2666667,10.7
gq,lobe,08,1.7333333,10.05
gq,londone,08,2.2833333,9.8
gq,long,07,1.9166667,11.0
gq,luango,08,1.7,9.65
gq,maan,07,2.1333333,10.1666667
gq,mabain,07,1.9333333,11.2666667
gq,mabam,06,1.5,10.55
gq,mabana,03,-1.4583333,5.6366667
gq,mabeguele,07,1.85,10.2333333
gq,mabeguolo,07,1.9166667,10.4666667
gq,mabele,06,1.5833333,10.8333333
gq,mabeman,08,1.8833333,9.8166667
gq,mabem,08,1.5333333,9.9333333
gq,mabere,06,1.6333333,10.8833333
gq,mabere,09,1.3833333,11.0666667
gq,maboe,07,2.1666667,11.2333333
gq,mabo,07,1.9166667,10.7666667
gq,mabono,06,1.45,10.6
gq,maboo,09,1.7166667,11.0
gq,mabuki,08,1.2,9.3666667
gq,mabumuom,08,1.4333333,9.9666667
gq,mabuno,06,1.7333333,10.65
gq,macac,07,2.1166667,11.1666667
gq,macac,08,2.0333333,9.9
gq,macac,09,1.65,11.25
gq,macamensoc,06,1.3333333,10.2666667
gq,machamabe,06,1.1333333,9.7833333
gq,machaua,08,2.2,9.7833333
gq,machimi,09,1.5333333,11.15
gq,machinda,08,1.8833333,9.9666667
gq,macoete,06,1.1,10.4
gq,macoga,06,1.4,10.25
gq,macoga,07,1.9833333,11.1666667
gq,macoga,08,1.5,9.6
gq,macoga,09,1.8,11.25
gq,macogu,07,2.1333333,10.6666667
gq,macom,07,1.85,11.0
gq,macomo,07,1.85,11.0833333
gq,macomo,08,1.7166667,9.8166667
gq,macomo,09,1.0833333,11.1666667
gq,maconanam,06,1.35,10.3333333
gq,maconanam,07,1.9166667,10.7333333
gq,maconanam,08,1.7666667,9.75
gq,maconanan,06,1.35,10.35
gq,macon,08,1.7,9.7833333
gq,macoraete,06,1.1666667,9.85
gq,macora,07,2.1666667,9.9166667
gq,macula,09,1.05,11.1666667
gq,madouma,06,1.8333333,10.6666667
gq,madyap,08,1.2666667,9.7833333
gq,mae,07,1.8833333,10.65
gq,mafo,06,1.3833333,10.4666667
gq,maguomo,06,1.5666667,10.5166667
gq,makoga,06,1.5,10.7333333
gq,makomo,06,1.1333333,10.0
gq,makonannam,08,1.2666667,9.6
gq,malabo,05,3.35,8.65
gq,malem,07,1.95,11.2333333
gq,malen,07,1.8666667,10.7833333
gq,malen,09,1.6666667,11.3333333
gq,malen-malen,07,1.9666667,10.8333333
gq,maloo,07,1.8833333,11.3666667
gq,mameni,07,2.1,10.35
gq,manchine,06,1.6333333,10.7666667
gq,mandame,07,1.9,10.6
gq,mandoc,07,1.9333333,10.5
gq,mandoc,08,1.25,9.4666667
gq,mandoc,09,1.15,11.2666667
gq,mandok,08,1.75,10.0333333
gq,manduma,07,2.0166667,11.1833333
gq,mandum,06,1.0666667,10.3333333
gq,mane,06,1.7166667,10.75
gq,mangala,08,1.5333333,9.6833333
gq,manga,06,1.7333333,10.8833333
gq,manga,07,1.95,11.1333333
gq,mangasi,07,2.15,11.2666667
gq,mang,06,1.7166667,10.8666667
gq,mangola,08,1.5166667,9.6333333
gq,mangone,06,1.1333333,9.9833333
gq,mangong,06,1.1333333,9.9
gq,mangui,07,1.8833333,11.05
gq,manguma,08,1.45,9.6
gq,manseng,06,1.4833333,10.2333333
gq,manumone,06,1.1,9.9666667
gq,manung,07,1.8333333,10.0833333
gq,manyanga,08,1.6166667,9.7166667
gq,margomo,09,1.6333333,11.3166667
gq,masama,07,1.9166667,11.1333333
gq,masama,09,1.3833333,11.05
gq,masa,06,1.8,10.5333333
gq,masam,06,1.3666667,10.25
gq,maseng,07,1.8833333,10.5666667
gq,maseng,08,1.5333333,9.65
gq,maseng,09,1.5833333,11.3
gq,maseyem,09,1.5333333,11.3
gq,masia,07,2.15,10.9833333
gq,masoc,06,1.6166667,10.4666667
gq,masoc,07,2.0333333,10.4666667
gq,masok,06,1.6666667,10.3666667
gq,masseng,07,1.9,10.7
gq,masuguening,06,1.1833333,9.8833333
gq,mataamalong,07,2.15,10.15
gq,matamasi,09,1.8166667,11.2333333
gq,mata,06,1.5,10.7
gq,matondo,08,1.6833333,9.6333333
gq,matuin,09,1.6833333,11.1166667
gq,matungu,08,2.15,9.8
gq,maule de gaesa,05,3.4166667,8.7166667
gq,mavo,06,1.1333333,9.8
gq,mavumo,06,1.35,10.5833333
gq,mawomo,08,1.7,9.9666667
gq,mayala,07,1.9,10.3833333
gq,mayang,06,1.15,9.9333333
gq,mayang,08,1.45,9.65
gq,mayang,09,1.6833333,11.1
gq,mayom,09,1.25,11.2666667
gq,mayos,07,2.0666667,10.6166667
gq,mbabiyegue,06,1.0,9.9333333
gq,mbamansoc,07,1.9,10.6166667
gq,mba,06,1.8,10.4166667
gq,mba,07,1.9,10.2
gq,mba,08,1.95,9.85
gq,mbam,06,1.0166667,10.9666667
gq,mbam,07,1.9833333,10.4333333
gq,mbam,09,1.7166667,11.3166667
gq,mbanenvila,08,1.7333333,10.0166667
gq,mbangosi,07,2.0666667,11.0333333
gq,mban,07,1.8833333,11.2833333
gq,mbedumo,07,2.0666667,11.1166667
gq,mbele,06,1.2166667,9.8333333
gq,mbelobi,08,1.0,9.5
gq,mbe,07,2.1166667,10.7333333
gq,mbe,09,1.7,11.0
gq,mbeme,07,2.0666667,10.4666667
gq,mbenam,06,1.0166667,10.0666667
gq,mbifala,08,1.6166667,9.8166667
gq,mbinda,08,1.15,9.5666667
gq,mbintang,07,2.0666667,10.25
gq,mbiombio,06,1.4333333,10.4666667
gq,mbiralem,08,1.9333333,9.8833333
gq,mbiralem,09,1.7833333,11.3833333
gq,mboete,06,1.1166667,9.9666667
gq,mboete,08,1.8666667,10.0
gq,mboma,07,2.0166667,11.3166667
gq,mbomang,09,1.8333333,11.3833333
gq,mbominang,07,1.95,10.7333333
gq,mbonda,08,2.0833333,9.7666667
gq,mbonete,08,1.3,9.6
gq,mbono,06,1.8333333,10.55
gq,mbubui,07,2.1166667,10.4
gq,mbubuin,08,2.0,9.9166667
gq,mbuc,08,1.8166667,10.05
gq,mbum,07,1.9166667,11.1666667
gq,mbut,06,1.5166667,10.2666667
gq,mbut,09,1.5166667,11.0333333
gq,mebain,06,1.5166667,10.6
gq,mebametan,06,1.3166667,10.2166667
gq,mebang,07,1.9833333,10.0
gq,mebaya,08,1.3666667,9.6166667
gq,mebing,07,2.1333333,10.0333333
gq,meboman,08,1.7333333,9.9
gq,mecac,06,1.55,10.7333333
gq,medouneau,06,1.0166667,10.8
gq,medyanga,06,1.1,10.5333333
gq,mefeng,07,2.1166667,11.3
gq,mekomeseng,07,2.1333333,10.6166667
gq,melang,07,1.9166667,11.2666667
gq,melan,06,1.3833333,10.65
gq,melele,07,2.1166667,11.1833333
gq,melimbinambongo,08,1.5666667,9.5833333
gq,melong,06,1.05,10.8333333
gq,melong,08,1.6666667,9.6333333
gq,melongmelong,08,1.2333333,9.45
gq,menang,07,2.1666667,11.3
gq,mendouma,08,1.5666667,9.95
gq,mendung,06,1.7166667,10.4166667
gq,mengui,07,2.1,11.3
gq,menvo,09,1.8333333,11.3333333
gq,meseng,06,1.0,9.9166667
gq,metemelete,06,1.3333333,10.4833333
gq,metong,06,1.0666667,11.0
gq,meyec,07,2.05,10.9666667
gq,mfama,06,1.55,10.4666667
gq,mfaman,06,1.05,10.6166667
gq,mfaman,08,1.1333333,9.4333333
gq,mfana,07,1.9333333,10.5833333
gq,mfan,06,1.3,10.7166667
gq,mfeme,06,1.4,10.3833333
gq,mfene,07,1.8666667,11.05
gq,mfua,06,1.2666667,10.1666667
gq,mfua,07,1.8833333,11.35
gq,mfui,07,1.8666667,10.9833333
gq,mfulacon,07,2.15,10.4833333
gq,mfulayong,06,1.15,10.5333333
gq,mfulayong,07,1.9666667,10.6
gq,mfulesong,06,1.7833333,10.4666667
gq,mfulu,09,1.6166667,11.1166667
gq,mfurencoc,06,1.35,10.55
gq,mgundu,08,1.1833333,9.3833333
gq,miang,06,1.2166667,10.0166667
gq,miang,08,1.7166667,10.0166667
gq,mibamenga,07,1.8,10.2166667
gq,mibamenga,08,1.7166667,10.0833333
gq,mibammangui,07,1.9333333,10.4666667
gq,mibam,09,1.7166667,10.95
gq,mibe,07,2.0,10.5166667
gq,micala,06,1.2,10.8
gq,micamitan,08,1.2166667,9.3833333
gq,mican,08,1.8666667,9.9666667
gq,micaosi,06,1.4833333,10.6166667
gq,micha,06,1.2,9.8666667
gq,micheng,07,2.0166667,10.75
gq,michimitom,08,1.8666667,10.05
gq,michimiton,07,1.9,10.6833333
gq,michoo,06,1.6166667,10.4833333
gq,micomibe,08,1.6666667,9.7166667
gq,mico,07,1.9166667,11.0333333
gq,micomocomo,08,1.4833333,9.7333333
gq,micong,06,1.8166667,10.6
gq,midchobo,06,1.2166667,10.1333333
gq,midong,09,1.4,11.2333333
gq,midyimiton,07,2.1333333,10.8333333
gq,midyobo,06,0.9833333,10.0333333
gq,midyobo,07,1.75,10.1666667
gq,milega,06,1.2,9.95
gq,milong,06,1.7666667,10.6166667
gq,minague,06,1.0,9.8666667
gq,minang,06,1.15,9.8166667
gq,minang,08,1.4666667,9.6833333
gq,minbamengui,07,2.1,10.5333333
gq,mindyimasia,06,1.3,10.4166667
gq,mindyiminve,08,1.85,10.0166667
gq,mindyimitom,07,2.1166667,11.0333333
gq,minlom,06,1.1166667,10.25
gq,minsengminsoc,06,1.1333333,10.4666667
gq,minsenminsoc,06,1.15,10.0666667
gq,misega,08,1.5166667,9.8333333
gq,misegue,06,1.1666667,10.0833333
gq,miselgue,06,1.4,10.2666667
gq,misere,06,1.3,10.8
gq,misobong,08,1.4833333,9.7666667
gq,mitang,08,1.6333333,9.8166667
gq,mitombo,06,1.1,9.7833333
gq,mitomo,09,1.2833333,11.2666667
gq,moca,05,3.3333333,8.6666667
gq,mocoa,07,2.1166667,11.05
gq,mocoa,08,1.85,9.8333333
gq,mocoamongona,07,2.0833333,11.1166667
gq,mococ,06,1.0,10.2666667
gq,mocomo,07,1.9333333,11.3333333
gq,mocuu,07,2.1333333,10.0166667
gq,moeri,05,3.4666667,8.6666667
gq,mofub,06,1.0666667,10.7833333
gq,mofui,07,2.0166667,10.3833333
gq,moga,06,1.65,10.3166667
gq,mogup,07,2.0666667,10.5
gq,mokom,07,2.0166667,10.95
gq,mokomo,06,1.7333333,10.6833333
gq,molomo,06,1.6166667,10.35
gq,mondoo,07,1.9,10.65
gq,mongola,06,1.5166667,10.5333333
gq,mongo,07,1.8666667,10.15
gq,monte alen,06,1.6666667,10.3
gq,monyo,07,2.0833333,11.2
gq,mosoc,08,1.1833333,9.5
gq,mosumo,08,1.7333333,10.0833333
gq,motom,06,1.0666667,10.75
gq,motomo,09,1.55,11.1
gq,movo,06,1.3,10.5833333
gq,movo,07,1.9333333,10.4833333
gq,mumbe,08,1.5166667,9.6666667
gq,musela,05,3.4333333,8.6166667
gq,musoc,07,2.1166667,10.6666667
gq,mvain,06,1.35,10.2833333
gq,mveayong,06,1.0333333,10.25
gq,mvengayong,06,1.0333333,10.65
gq,mvengayong,07,1.95,10.8
gq,mveng,06,1.1333333,10.3666667
gq,mveng,08,1.7166667,10.1
gq,mviga,06,1.4333333,10.5833333
gq,mvoayop,06,1.0333333,10.8666667
gq,mvom,09,1.3833333,11.2166667
gq,mvong,06,1.7333333,10.4333333
gq,mvongo,07,1.95,10.6333333
gq,mvubu,07,1.9,10.3
gq,namelen,08,1.0333333,9.5833333
gq,namicale,08,1.6166667,9.7333333
gq,nanama,06,1.7666667,10.5833333
gq,nanda,08,0.9166667,9.3333333
gq,nansang,08,1.9833333,9.85
gq,nboman,09,1.4666667,11.1
gq,nbona,06,1.8166667,10.5333333
gq,nbona,07,2.0833333,10.4166667
gq,nbubui,07,1.8666667,10.2666667
gq,ncalayong,06,1.85,10.6
gq,ncama,07,1.9166667,10.9333333
gq,ncamanvi,06,1.45,10.2833333
gq,ncan,06,1.6,10.8666667
gq,ncan,07,1.9,10.8166667
gq,ncasia,07,2.0833333,11.2833333
gq,nchengayong,06,1.1,10.6
gq,nchengbor,07,1.9,10.7333333
gq,ncoabeben,08,2.0333333,9.95
gq,ncoacom,08,1.8666667,9.9333333
gq,ncoadyap,06,1.7333333,10.45
gq,ncoaeben,08,1.75,10.1166667
gq,ncoaecuc,08,1.9333333,9.9833333
gq,ncoaekie,08,1.7,9.8
gq,ncoaelon,08,2.1833333,9.85
gq,ncoaete,09,1.6666667,11.0
gq,ncoambe,07,2.0833333,10.5166667
gq,ncoamvam,06,1.0,10.55
gq,ncoangala,08,1.75,10.0
gq,ncoasas,07,2.0666667,10.3
gq,ncoatom,07,2.05,9.9666667
gq,ncobeben,07,1.9833333,10.0333333
gq,ncocntono,07,1.85,10.1333333
gq,ncoekie,09,1.8166667,11.3333333
gq,ncoesi,06,1.3,10.1833333
gq,ncoesi,08,1.5333333,9.6333333
gq,ncolabam,06,1.0333333,10.6333333
gq,ncolayop,09,1.5333333,11.2
gq,ncomacac,07,2.0,10.3166667
gq,ncomacoc,06,1.7166667,10.6
gq,ncomayang,07,1.9333333,10.6
gq,ncomayop,06,1.0666667,10.7666667
gq,ncomayos,07,1.95,10.5
gq,ncombia,07,2.0666667,9.9666667
gq,ncomedyi,07,1.8166667,10.1166667
gq,ncomococ,08,1.75,10.0166667
gq,ncomo,06,1.7333333,10.4166667
gq,ncomo,07,1.8666667,10.4166667
gq,ncomo,09,1.5833333,11.1666667
gq,nco,06,1.6833333,10.6
gq,ncooveng,09,1.6333333,11.1166667
gq,ncorennam,06,1.6333333,10.3166667
gq,ncorveng,07,1.95,10.5833333
gq,ncuara,06,1.15,10.8333333
gq,ncue,07,2.0166667,10.4666667
gq,ncumadyap,06,1.0,10.9166667
gq,ncumadyap,08,1.4666667,9.8333333
gq,ncumedum,07,2.05,10.2
gq,ncumekie,06,1.2333333,9.8333333
gq,ncumekie,08,1.5166667,9.7
gq,ncumekie,09,1.6833333,11.15
gq,ncumensong,06,1.6,10.3333333
gq,ncumikie,06,1.7666667,10.4666667
gq,ncum,07,1.8833333,11.1833333
gq,ncumuton,08,1.6,10.05
gq,ndaga,06,1.1333333,9.9166667
gq,ndakong,06,1.4333333,10.45
gq,ndalama,06,1.6666667,10.35
gq,ndama,09,1.4166667,11.3333333
gq,ndangueng,07,2.0333333,10.5666667
gq,ndangueng,09,1.8333333,11.3666667
gq,ndayos,07,1.95,11.05
gq,ndele,09,1.3666667,11.2
gq,ndeng,07,2.0666667,10.7166667
gq,ndgong,06,1.3333333,10.4333333
gq,ndjakom,08,2.0333333,9.9166667
gq,ndjong,09,1.7666667,11.3
gq,ndogo,07,1.9333333,11.3166667
gq,ndomayop,06,1.35,10.3
gq,ndombo,06,1.0333333,10.4166667
gq,ndomenko,07,1.85,10.2666667
gq,ndong,08,1.6333333,9.7166667
gq,ndongo,06,1.0,9.9
gq,ndorocui,08,1.4333333,9.6833333
gq,nduma,06,1.4833333,10.6833333
gq,nduma,07,1.8333333,10.3833333
gq,nduma,09,1.6833333,11.2
gq,ndumo,07,2.0666667,11.25
gq,ndumuc,07,1.9333333,11.2166667
gq,ndyengavong,06,1.1666667,9.9166667
gq,ndyengayong,08,1.6833333,9.7333333
gq,ndyengmiang,06,1.0333333,10.05
gq,ndyengmiang,08,1.15,9.3833333
gq,ndyomso,06,1.4,10.9
gq,ndyong,06,1.4833333,10.6
gq,ndyumengue,06,1.1833333,10.1
gq,nfaman,06,1.3833333,10.35
gq,nfaman,07,1.9166667,10.2333333
gq,nfintang,08,1.7166667,10.1166667
gq,ngabe,08,1.3833333,9.65
gq,ngambe,06,0.9666667,9.9333333
gq,ngamb,06,0.95,9.9333333
gq,ngang,07,2.0666667,11.2
gq,ngoacua,07,2.1333333,11.2333333
gq,ngobi,06,1.0333333,10.35
gq,ngobi,08,1.35,9.6666667
gq,ngole,08,2.05,9.8166667
gq,ngolensok,06,1.1666667,10.5666667
gq,ngolomo,09,1.6833333,11.2833333
gq,ngoma,08,1.2333333,9.4833333
gq,ngomasi,06,1.4166667,10.6166667
gq,ngomete,09,1.7666667,11.3833333
gq,ngomgom,06,1.6,10.7166667
gq,ngom,06,1.35,10.4833333
gq,ngom,07,2.1666667,10.3166667
gq,ngom,09,1.55,11.05
gq,ngonamanga,08,2.15,9.7833333
gq,ngona,06,1.7166667,10.7
gq,ngong,06,1.0833333,10.75
gq,ngong,07,1.9166667,11.3333333
gq,ngong,09,1.0833333,11.2166667
gq,ngon,09,1.3166667,11.1
gq,ngono,08,1.9166667,9.9
gq,ngonsoc,07,1.8833333,11.25
gq,ngossoc,09,1.8,11.2833333
gq,nguanda,07,2.2333333,9.85
gq,nguanden,09,1.8333333,11.2
gq,nguba,08,1.75,9.8333333
gq,ngueayong,07,2.05,10.9166667
gq,nguelensoc,06,0.9666667,10.35
gq,nguelensoc,08,1.0833333,9.5833333
gq,nguema,09,1.7833333,11.3166667
gq,nguiebe,09,1.7166667,11.1166667
gq,ngungum,07,1.8833333,10.25
gq,niabiguo,08,1.8,9.8
gq,niamayong,06,1.7166667,10.4833333
gq,niamayong,07,1.8166667,10.8833333
gq,niamitang,07,2.1666667,10.9833333
gq,niamoyong,07,2.1666667,11.25
gq,niasam,07,1.95,10.2333333
gq,niasam,08,2.0333333,9.8333333
gq,niasang,07,2.0666667,10.9166667
gq,niefala,06,0.9666667,10.0166667
gq,niefang,06,1.3,10.5166667
gq,niefang,07,1.8333333,10.2333333
gq,niefang,08,1.7166667,9.75
gq,niemayong,07,1.95,11.1666667
gq,niemitang,06,1.3,10.95
gq,niemitang,07,1.75,10.9166667
gq,niemitang,09,1.45,11.3
gq,niemoyong,06,1.2,10.5833333
gq,nifala,06,1.0166667,10.7833333
gq,nium,06,1.4,10.6833333
gq,nkienayu,06,1.0,10.35
gq,nkimi,07,1.9333333,10.35
gq,nkinfala,08,1.7666667,9.7833333
gq,nkin,07,2.0,11.0833333
gq,nkol amvam,06,1.25,9.9833333
gq,nkolamvam,08,1.1833333,9.6166667
gq,nkol amvam,08,1.5,9.85
gq,nkol amvan,06,1.4,10.65
gq,nkombe,07,2.1333333,11.3166667
gq,nko,07,1.8666667,10.5
gq,nko,08,2.1,9.8
gq,nlangmang,07,1.8833333,10.75
gq,nlang,07,1.9166667,10.7166667
gq,nloayong,07,1.8666667,10.8333333
gq,nloayon,07,2.15,11.3166667
gq,nlonsok,07,2.05,10.2333333
gq,nlonsok,08,1.9,10.0
gq,nniemayong,06,1.2,10.6
gq,nniemayong,07,1.9,10.9166667
gq,nnoayong,06,1.15,9.8333333
gq,nnoayong,07,1.8666667,10.55
gq,nnonkien,09,1.7333333,11.2333333
gq,nomenan,08,1.7,9.95
gq,nom,06,1.5,10.2
gq,nonsoc,06,1.3833333,10.3333333
gq,nosoc,08,1.15,9.4666667
gq,nsaaca,09,1.7,11.3333333
gq,nsamata,08,1.4833333,9.6333333
gq,nsangayong,09,1.4166667,11.3
gq,nsangnam,06,1.0666667,9.95
gq,nsangnam,08,1.1666667,9.4666667
gq,nsang,07,1.9333333,11.05
gq,nseguete,06,1.3666667,10.5666667
gq,nsemekok,06,1.65,10.6333333
gq,nsem,06,1.2833333,10.5666667
gq,nsengafum,06,1.0666667,10.6166667
gq,nsengamvoa,06,1.1166667,9.7666667
gq,nsimi,07,1.8833333,10.7833333
gq,nsinec,09,1.7333333,11.1
gq,nsinengosi,09,1.3666667,11.3166667
gq,nsini,07,2.0833333,11.0833333
gq,nsoagono,06,1.6333333,10.4
gq,nsoamayong,07,2.0333333,11.2166667
gq,nsoc,07,1.7666667,10.9
gq,nsoengono,09,1.45,11.0666667
gq,nsogbor,06,1.1166667,10.7666667
gq,nsogmitang,06,1.0166667,10.8333333
gq,nsogoboot,07,2.15,10.8
gq,nsogobor,06,1.0,9.85
gq,nsogobor,08,1.7666667,10.1
gq,nsogobot,07,1.8833333,10.85
gq,nsogobuot,08,1.7333333,9.7666667
gq,nsokengono,06,1.5333333,10.65
gq,nsokengono,07,2.0,10.9833333
gq,nsomo,06,1.6166667,10.9
gq,nsueeman,08,1.8333333,9.7833333
gq,nsuemam,08,1.9666667,9.9833333
gq,nsumu,06,1.0333333,11.1166667
gq,nsunga,06,1.55,10.7666667
gq,nsung,07,1.8,10.9
gq,ntang,06,1.3666667,10.2833333
gq,ntang,07,2.1,10.6166667
gq,nterenga,06,1.7,10.5666667
gq,ntoayop,09,1.4,11.2833333
gq,ntobo,06,1.5666667,10.5333333
gq,ntobo,08,1.8166667,9.7666667
gq,ntoma,07,1.7666667,10.1833333
gq,ntom,06,0.9666667,10.0
gq,ntoroayop,06,1.3,10.9166667
gq,ntuba,08,1.95,9.8666667
gq,nueti,06,1.0,10.0166667
gq,nveayong,06,1.5666667,10.45
gq,nvengayong,06,1.05,10.0666667
gq,nvengayong,07,2.0166667,10.6166667
gq,nyeche,08,1.7833333,9.7333333
gq,nyong,06,1.8166667,10.4666667
gq,obamicu,06,1.25,11.0333333
gq,obandoc,06,1.15,10.3833333
gq,obe,09,1.6666667,11.1333333
gq,obocuin,07,1.9166667,11.1166667
gq,obut,09,1.6166667,11.2333333
gq,ocola,08,1.1333333,9.3833333
gq,ocong,07,2.1,11.15
gq,ocong,09,1.65,10.9666667
gq,ocong-osi,07,2.0833333,11.1333333
gq,ocua,07,2.1166667,11.2333333
gq,ocula,06,1.05,9.9666667
gq,ofos,08,1.9,9.8833333
gq,oguom,06,1.0833333,10.1
gq,oguom,08,1.8,9.9
gq,oleadyop,06,1.1333333,10.5166667
gq,olenam,09,1.5166667,11.0833333
gq,olong,06,1.3333333,10.8833333
gq,olong,08,1.8833333,9.8833333
gq,olumeteng,09,1.5833333,11.2166667
gq,olumnang,07,1.8833333,10.5833333
gq,omongueng,06,1.5666667,10.3666667
gq,omonguen,06,1.85,10.5
gq,omvang,09,1.5,11.2333333
gq,ondeng,06,1.1166667,9.8
gq,ondeng,09,1.2666667,11.0833333
gq,ongoma,07,2.0,11.25
gq,ongoma,09,1.2333333,11.2666667
gq,ongongo,07,2.0,11.0666667
gq,ongon,09,1.6333333,11.0
gq,ononebere,09,1.7833333,11.25
gq,onong,07,1.95,10.2833333
gq,onsalom,07,1.9,11.2
gq,onucanvim,06,1.7166667,10.35
gq,osamvain,09,1.3833333,11.25
gq,osomongo,08,1.2666667,9.5666667
gq,osuaayong,06,1.7333333,10.6166667
gq,otet,07,2.05,11.1666667
gq,otomiang,08,1.2333333,9.05
gq,otonde,08,1.9333333,9.8166667
gq,otunga,07,1.9666667,11.2666667
gq,ouormacoc,06,1.3333333,10.2333333
gq,ouor,06,1.1833333,10.4333333
gq,ousenye,08,1.5666667,9.8333333
gq,oveng,07,1.7833333,10.1166667
gq,oveng,08,1.8833333,9.9333333
gq,ovong,07,2.0833333,11.0
gq,oyac,07,1.8833333,10.8333333
gq,oyala,06,1.6166667,10.8333333
gq,oyem,06,1.0166667,10.05
gq,oyem,07,2.1333333,11.25
gq,parador de musola,05,3.4166667,8.65
gq,poto,08,1.5666667,9.6166667
gq,pume,08,1.1166667,9.4166667
gq,rebola,04,3.7166667,8.8333333
gq,rilaja,05,3.4333333,8.6333333
gq,saba,08,1.4833333,9.6666667
gq,sacriba,04,3.7,8.7166667
gq,salom,08,1.5,9.6333333
gq,samanguila,08,1.9,9.8333333
gq,san antonio de ureca,05,3.2666667,8.5333333
gq,san antonio,06,1.15,10.4833333
gq,sanayong,09,1.5166667,11.2333333
gq,san carlos,06,1.05,10.6833333
gq,san carlos,08,1.15,9.4166667
gq,san carlos,09,1.6833333,11.35
gq,sangayong,07,2.0833333,10.3166667
gq,san joaquin de ndyiacom,08,2.0333333,9.9333333
gq,san juan,03,-1.4166667,5.6333333
gq,santa maria,06,1.1833333,9.8666667
gq,saue,08,1.4333333,9.5
gq,seleye,08,1.9666667,9.8333333
gq,sene,07,2.0333333,11.1333333
gq,sene,08,1.5666667,9.8166667
gq,sevilla de niefang,07,1.85,10.25
gq,sinden,08,1.4666667,9.8666667
gq,sipolo,08,1.55,9.6166667
gq,sisacang,09,1.3833333,11.2833333
gq,sogodyam,06,0.9833333,10.0166667
gq,sogo,06,1.0666667,10.7333333
gq,sua,06,0.9833333,11.0666667
gq,tegaete,06,1.3333333,10.2833333
gq,tega,09,1.7833333,11.0
gq,temelon,07,1.9333333,10.6333333
gq,tepe,04,3.6833333,8.9166667
gq,tobo,06,1.5666667,10.3833333
gq,toledo,08,1.2,9.6333333
gq,tom,06,1.2666667,10.7166667
gq,tom,07,1.9333333,10.5333333
gq,tom,08,2.1,9.8333333
gq,tono,08,1.8,9.9833333
gq,too,06,1.8,10.6166667
gq,too,07,2.0333333,11.2
gq,tubana,08,1.7,9.6666667
gq,uloba,08,1.2833333,9.4
gq,valladolid de los bimbiles,07,1.8333333,10.7666667
gq,yaemben,07,2.0166667,10.4333333
gq,yecue,08,1.7666667,9.8666667
gq,yecuo,06,1.8,10.6333333
gq,yem,06,1.4166667,10.95
gq,yen,06,1.5833333,10.5666667
gq,yobo,08,1.7666667,9.85
gq,yomosomo,07,2.15,10.6333333
gq,yose,06,1.1666667,9.7833333
gq,yube-mangani,08,1.2166667,9.7166667
gq,zaragoza,04,3.7166667,8.75
gq,zaragoza,06,1.2,9.85
