kg,abdykalyk,03,41.7666667,72.05
kg,acha-kaindy,04,41.1422222,75.8111111
kg,achi,03,41.1,73.0833333
kg,achiksu,05,39.4833333,72.4833333
kg,aflatun,03,41.6333333,71.9333333
kg,ail batal,03,41.9,73.8166667
kg,ail-torken,03,41.8833333,73.1833333
kg,akarp,05,40.05,72.45
kg,akbash,03,40.9833333,72.9666667
kg,akbashim,04,41.4,75.4
kg,ak-bashin,02,42.8,75.2666667
kg,akbeit,04,40.9,75.1333333
kg,akbosaga,05,39.8,73.2333333
kg,akbulak,04,41.3333333,75.35
kg,akbulak,05,40.2,72.6833333
kg,ak-bulak,05,40.3,72.1333333
kg,ak-bulak,07,42.7333333,78.25
kg,ak-bulun,04,41.4508333,76.2908333
kg,ak-bulun,07,42.6333333,78.8166667
kg,ak-chal,05,40.25,72.2833333
kg,ak-chaya,05,40.2333333,72.3
kg,akchikarasu,03,41.8166667,72.9
kg,akchi-karasu,03,41.8294444,72.8547222
kg,akchiy,04,41.2,74.8333333
kg,ak-dyube,07,42.4666667,78.1
kg,akdzhar,03,41.6333333,73.3166667
kg,akdzhar,04,41.1666667,75.8
kg,ak-dzhar,05,40.8,73.45
kg,ak-dzhol,01,42.9383333,74.4886111
kg,ak-dzhol,03,41.6,72.25
kg,akeleng,07,42.3475,76.1625
kg,akhman,03,41.0,72.8
kg,ak-ityk,05,40.3166667,72.4
kg,ak-kochkor,07,42.4333333,78.1833333
kg,ak-kuduk,04,41.5,75.3333333
kg,ak-kul,04,41.6833333,74.1666667
kg,akkyungey,05,40.4833333,73.7833333
kg,akkyya,04,41.4333333,74.8333333
kg,akkzu,04,41.2505556,76.1355556
kg,ak-mechet-aral,05,40.8666667,72.65
kg,ak-moyun,04,41.2166667,76.0513889
kg,ak-osten,07,42.45,78.1666667
kg,ak-say,07,42.1313889,76.8313889
kg,ak-shirak,07,42.4666667,78.2
kg,akshiyrak,07,41.8169444,78.7147222
kg,akshor,05,40.4666667,72.2166667
kg,ak-su,01,43.0166667,74.1666667
kg,ak-su,02,42.8166667,74.0166667
kg,aksu,03,41.4666667,72.05
kg,ak-suu,02,42.8166667,74.0666667
kg,ak-suu,04,41.5,75.2
kg,aktala,04,41.0833333,75.6666667
kg,ak-tala,04,41.4094444,75.0597222
kg,aktala,05,39.95,73.5
kg,aktam,03,41.5,71.1166667
kg,ak-tam,06,41.8333333,71.2
kg,aktash,05,40.05,72.8333333
kg,aktash,06,41.6833333,70.6166667
kg,aktauk,03,41.2166667,73.1
kg,ak-terek,03,40.9666667,73.1666667
kg,ak-terek,05,40.4136111,72.7733333
kg,akterek,05,40.4,73.5
kg,ak-terek,07,42.2352778,77.7325
kg,akterek,07,42.2455556,76.575
kg,aktersk,07,42.25,76.7166667
kg,aktuidu,03,41.65,72.0666667
kg,ak-turpak,09,40.1863889,71.0552778
kg,ak-tuz,07,42.8783333,76.1375
kg,ala-bash,07,42.1127778,76.4794444
kg,ala-buka,03,41.3833333,71.5
kg,ala-dzhida,03,41.8,73.1333333
kg,alamedin,01,42.6333333,74.6166667
kg,alamudun,01,42.8969444,74.6347222
kg,alash,03,41.2666667,72.6666667
kg,alashan,05,40.3333333,72.35
kg,alatay,03,41.95,72.2833333
kg,aleksandrovka,06,42.6294444,71.5905556
kg,alekseyevka,03,41.8,72.8333333
kg,alekseyevka,07,42.75,78.0
kg,alekseyevskiy,03,41.8013889,72.8088889
kg,alga,03,41.6666667,72.0666667
kg,alga,05,40.2333333,71.4666667
kg,alike,05,40.2333333,72.7833333
kg,alim-tepe,05,40.6158333,72.7683333
kg,alkym,07,42.4666667,78.25
kg,almalu,02,42.7238889,75.5113889
kg,almalu,03,41.9333333,73.5166667
kg,altayskoye,03,41.3666667,73.9
kg,altynarasan,07,42.3666667,78.6
kg,altynmazar,05,39.1833333,72.2333333
kg,alysh,04,41.4447222,76.1994444
kg,aman-ail,03,41.0333333,72.9666667
kg,amanbayevo,06,42.6,71.2
kg,ananevo,07,42.7363889,77.6641667
kg,andarak,05,39.75,69.4666667
kg,andarkhan,05,40.0,69.85
kg,arab,00,41.5833333,70.3166667
kg,aral,01,42.9,74.2666667
kg,aral,03,41.4,73.9
kg,aral,04,41.8666667,74.3666667
kg,aral,06,42.5333333,72.6666667
kg,aral-vakhym,03,41.0166667,72.6666667
kg,aravan,05,40.515,72.4991667
kg,arek,05,40.4916667,72.7372222
kg,arimdzhan,03,41.0333333,72.5666667
kg,arkhangelskiy,03,41.1666667,73.3333333
kg,arkit,03,41.8,71.95
kg,arpa,04,40.75,74.75
kg,arpatektir,05,40.3666667,73.4
kg,arslanbab,03,41.3333333,72.9333333
kg,askaly,05,40.0833333,73.5833333
kg,aslam,04,41.4333333,74.15
kg,at-bashi,04,41.1697222,75.8102778
kg,augul,05,39.8,71.0333333
kg,auliye,05,40.2,72.2166667
kg,aul pyatyy,03,42.4166667,73.0
kg,austan,05,40.0166667,72.0833333
kg,avgandala,03,41.2833333,73.0333333
kg,aygyr-dzhal,06,41.7333333,70.9833333
kg,ayratam,03,41.1166667,71.4166667
kg,baetov,04,41.2166667,74.9
kg,baglan,05,40.2333333,72.2
kg,bagosh,04,41.9833333,74.9666667
kg,bagysh,03,41.0166667,73.0833333
kg,balykchy,07,42.4611111,76.1802778
kg,balykty,03,41.9833333,72.5833333
kg,bardu,05,40.3833333,73.25
kg,barskaun,07,42.1561111,77.6038889
kg,basbeshik,07,42.4333333,77.9472222
kg,bash-bulak,05,40.5122222,72.9658333
kg,bash-kaindy,04,41.1536111,75.9025
kg,bash-karakain,04,41.0166667,75.4833333
kg,bashkugandy,04,42.0166667,74.15
kg,baskyya,04,41.5,75.8166667
kg,basteri,07,42.6530556,77.185
kg,batkan-buzhum,09,40.0166667,70.8333333
kg,batken,09,40.05,70.8333333
kg,bayastan,03,41.3333333,71.6
kg,baybiche,04,41.4333333,75.0333333
kg,baybiche,05,40.8333333,73.9666667
kg,baygonchak,04,41.3666667,74.9166667
kg,baymam-bet,05,40.8833333,73.6666667
kg,baytyk,01,42.7333333,74.5
kg,bazar,03,41.0333333,72.75
kg,begovat,03,40.8666667,72.9666667
kg,bek-dzhar,05,40.3666667,73.0666667
kg,belaldy,03,41.9166667,73.2333333
kg,bel,05,40.2833333,72.45
kg,bel- kyshtak,05,40.5602778,72.6811111
kg,belogorka,01,42.6833333,74.2333333
kg,belovodskoye,02,42.8333333,74.1
kg,belyy piket,02,42.8166667,75.6333333
kg,bereynok,03,41.9666667,72.2833333
kg,beryu,05,40.3391667,72.9705556
kg,besharal,06,41.7,70.5166667
kg,besh-aryk,03,41.4666667,72.1333333
kg,beshbadam,03,41.15,72.8666667
kg,beshbadom,03,41.2166667,72.9333333
kg,beshburkhan,05,40.1833333,72.2666667
kg,besheke,06,42.6166667,71.65
kg,beshkaram,05,40.7166667,72.35
kg,beshkent,05,40.0308333,69.8186111
kg,beshtash,03,41.9833333,72.4833333
kg,birikken,02,42.7166667,75.1666667
kg,birinchi may,04,41.1761111,76.0538889
kg,birlik,04,41.2075,75.9413889
kg,bish-agach,03,41.05,72.6166667
kg,bishkek,01,42.8730556,74.6002778
kg,blagoveshchenka,03,40.9833333,72.95
kg,bodzhoy,05,40.0166667,71.2166667
kg,bogatorovka,07,42.5333333,78.1333333
kg,bokombayevskoye,07,42.1152778,76.9933333
kg,bolshevik,04,42.1769444,75.7727778
kg,bolshevik,07,42.1194444,76.8919444
kg,bordaba,05,39.5166667,73.2666667
kg,bordunskiy,02,42.65,75.6166667
kg,boroldoy,02,42.79,75.8580556
kg,boskorgon,05,40.3333333,73.4
kg,bostrorechenskoye,02,42.7852778,75.6911111
kg,budennyy,06,42.5,72.5833333
kg,bulakbashi,05,39.8833333,70.75
kg,bulak,05,40.6666667,73.6
kg,buma,03,41.6166667,71.8
kg,bura-chato,05,40.3666667,74.2
kg,burana,02,42.7333333,75.3333333
kg,burbash,05,40.2666667,72.3666667
kg,burdalyk,05,40.3,73.55
kg,burgandy,03,41.25,72.4
kg,burlykiya,03,41.9333333,73.3666667
kg,burlyu-bash,07,42.5333333,78.3333333
kg,byulkuldek,06,42.45,72.2666667
kg,camp snerif,04,40.55,74.4166667
kg,chaek,04,41.9338889,74.5183333
kg,chagym,03,41.0666667,72.5833333
kg,chagyr,05,39.8666667,73.2833333
kg,chakan,03,40.9833333,72.75
kg,chak,05,39.5666667,72.1166667
kg,chakir,05,40.2,74.3833333
kg,chalakazaki,01,42.8333333,74.5
kg,chaldavar,02,42.8333333,73.5333333
kg,chaldavar,03,41.7666667,72.0333333
kg,chalkaydy,05,40.7333333,73.65
kg,chalkuyruk,05,39.9833333,73.0166667
kg,chalpan-ata,07,42.6563889,77.0822222
kg,chamyndy,04,41.6166667,74.3333333
kg,chanach,06,41.8666667,71.2333333
kg,changortash,03,40.8666667,72.8333333
kg,chapkul,03,40.9833333,72.0833333
kg,charbak,03,41.25,72.9833333
kg,charku,05,39.9666667,70.55
kg,chashma,05,39.9666667,71.2666667
kg,chat,03,41.5333333,72.1666667
kg,chatkel,01,42.9333333,74.35
kg,chatyndy,05,39.7333333,72.2
kg,chatyr-tash,04,40.8975,76.4327778
kg,chaugent,06,42.6333333,71.5
kg,chauvay,05,40.1333333,72.1333333
kg,chekabad,05,40.5,72.45
kg,chek,03,40.9833333,72.6833333
kg,chelek,04,41.1833333,74.55
kg,cheleke,06,42.4333333,72.8
kg,chelpek,07,42.45,78.35
kg,cherik,03,41.6166667,71.7666667
kg,cherpokto,07,42.5155556,76.5819444
kg,chetbulak,04,41.2833333,73.9833333
kg,chetkoysu,07,42.5833333,76.8666667
kg,chet-malay,03,41.05,73.2
kg,chichkan,07,42.3,77.7666667
kg,chigir,03,41.6166667,72.25
kg,chilandy,05,39.9166667,72.1833333
kg,chilgazi,09,40.1666667,70.6166667
kg,chimkorgon,02,42.8333333,75.45
kg,chok-tal,07,42.5844444,76.7411111
kg,choku-biy-rabat,03,41.1666667,73.65
kg,cholpan,07,42.6333333,78.4833333
kg,cholpon,04,42.195,75.4755556
kg,chomkamysh,03,41.5666667,72.1833333
kg,chon-aryk,01,42.8155556,74.5855556
kg,chonbleuli,05,40.1666667,73.65
kg,chonborolbog,04,41.5,75.2333333
kg,chon-bulak,04,42.1666667,75.7166667
kg,chon-dzhargylchak,07,42.1888889,77.6505556
kg,chongaryk,03,41.8833333,72.7333333
kg,chongkarakel,05,39.9333333,73.4
kg,chong-kyzylsu,07,42.3,78.0666667
kg,chongolot,05,40.6666667,73.6333333
kg,chong-oruktu,07,42.7391667,77.8430556
kg,chongsaray,07,42.61,76.9475
kg,chongtebe,04,41.7333333,74.1333333
kg,chonkadyraly,04,41.5,75.3
kg,chot-nura,04,41.6,76.3166667
kg,chudok,07,42.6166667,78.5333333
kg,chuka-tepe,03,40.9,73.0
kg,chukurchak,06,41.8,71.1333333
kg,chukur,05,40.25,72.7
kg,churbek,05,39.9833333,69.9
kg,chuy,02,42.8186111,75.2808333
kg,dachnoye,01,42.9397222,74.7033333
kg,danalysh,04,42.2597222,75.235
kg,daraut-korgan,05,39.55,72.1833333
kg,darkan,07,42.3113889,77.8847222
kg,dasgan,05,39.8666667,69.3333333
kg,dedemel,04,41.45,74.4
kg,den-aryk,02,42.7472222,75.2188889
kg,dengtala,07,42.1252778,76.5825
kg,denisovka,01,42.9666667,74.8833333
kg,dinau,05,39.6833333,69.35
kg,dmitriyevka,03,41.1333333,73.3333333
kg,dmitriyevka,06,42.5222222,72.2419444
kg,dodan,05,40.3333333,72.3
kg,dolinka,07,42.6322222,77.0194444
kg,doloko,07,42.7,78.45
kg,dolona,06,42.5,72.3333333
kg,donguztau,05,40.8333333,73.5166667
kg,dostuk,04,41.3697222,75.6366667
kg,druzhba,01,42.9316667,74.7116667
kg,dungurme,04,41.7,74.3
kg,dupkur,04,41.4666667,73.95
kg,dyubeli,04,41.45,76.25
kg,dyudyumel,04,41.4666667,74.2833333
kg,dyuyshaly,05,40.3166667,73.6
kg,dyykan-kyshtak,05,40.5141667,72.7872222
kg,dzhak,03,41.8833333,73.8166667
kg,dzhalabek,05,40.7333333,72.3166667
kg,dzhalal-abad,03,40.9333333,73.0
kg,dzhalgyzterek,04,41.4666667,75.7833333
kg,dzhalpak-sary,03,41.15,73.0833333
kg,dzhaman-kyrchin,05,39.6,72.5333333
kg,dzham-bulak,04,41.4361111,75.7336111
kg,dzhanbulak,07,42.45,78.2333333
kg,dzhangyaryk,05,40.6666667,73.1166667
kg,dzhangyshaar,05,39.4833333,72.1833333
kg,dzhangytalap,04,41.4505556,75.0141667
kg,dzhangyz-uryuk,07,42.3166667,77.95
kg,dzhany-alysh,02,42.8075,75.6075
kg,dzhany-dzher,05,40.025,69.9430556
kg,dzhany-kyshtak,05,40.5369444,72.7766667
kg,dzhapalak,05,40.4927778,72.7641667
kg,dzharbashi,05,39.5166667,72.1166667
kg,dzhar,05,39.9666667,69.3666667
kg,dzhargalan,07,42.6,79.0333333
kg,dzhas,05,40.2333333,72.4333333
kg,dzhele-dyube,07,42.4666667,78.1833333
kg,dzhenish,07,42.275,77.785
kg,dzhenychek,02,42.8333333,75.3666667
kg,dzhergelchak,07,42.2063889,77.6927778
kg,dzherges,07,42.55,78.6666667
kg,dzhergetal,03,41.1,73.2166667
kg,dzhergetal,04,41.15,74.3666667
kg,dzhergety,04,41.5702778,75.7869444
kg,dzher-kazar,01,42.9369444,74.7288889
kg,dzhetyoguz,07,42.3166667,78.2333333
kg,dzhida,03,40.85,72.9166667
kg,dzhida,05,40.3,72.4333333
kg,dzhigdy,05,40.45,73.2166667
kg,dzhilanaryk,04,41.4333333,75.2166667
kg,dzhilandy,05,40.8166667,73.3
kg,dzhilgin-say,05,40.3833333,72.2
kg,dzhilusu,07,42.2166667,78.15
kg,dzhirgital,05,39.9833333,73.4833333
kg,dzhol-golot,07,42.45,78.4333333
kg,dzholkara,04,41.8666667,74.7166667
kg,dzhonkungey,03,41.1833333,73.35
kg,ebenfeld,02,42.8,75.0166667
kg,egilik,07,42.75,77.75
kg,ekachat,04,41.6,75.0166667
kg,elektor,04,42.1666667,75.9166667
kg,emgekchil,04,41.5552778,75.9716667
kg,emgek-talaa,04,41.39,75.6047222
kg,emir-kul,05,40.8833333,73.7
kg,engilchek,07,42.0166667,79.0833333
kg,epkin,04,42.1666667,75.4166667
kg,erke-kashka,05,40.4833333,72.4833333
kg,erkintoo,05,40.45,73.3
kg,eshsay,03,41.6833333,72.5
kg,eski-nookat,05,40.2666667,72.6
kg,folbaumka,07,42.75,78.1166667
kg,frunze,05,40.1166667,71.7333333
kg,frunze,07,42.7666667,78.1833333
kg,frunzenskoye,05,40.1333333,71.7166667
kg,gaday-aryk,03,41.0166667,73.0666667
kg,galyam-alik,05,40.85,73.6333333
kg,gava,03,41.2666667,72.8333333
kg,gavrilovka,03,41.05,73.05
kg,gaz,05,39.8666667,71.05
kg,gerait,05,40.3,72.2333333
kg,gorno-serafimovka,02,42.5833333,74.8333333
kg,grigorevka,07,42.7227778,77.4711111
kg,gulbaar,05,40.4891667,72.6586111
kg,gulcha,05,40.3166667,73.4333333
kg,gulma,03,41.0833333,72.6666667
kg,guzar,05,40.5666667,73.1333333
kg,ichkebash,04,41.6166667,75.9
kg,ichkedzherges,07,42.5666667,78.7
kg,ichkesu,04,41.3,74.9166667
kg,ichkesu,07,42.7833333,78.4166667
kg,ikazak,05,39.7333333,73.7833333
kg,ilchibay,07,42.7166667,78.55
kg,imeni budennova,05,40.15,73.45
kg,imeni chapayeva,05,40.35,72.6
kg,imeni chkalova,03,41.7833333,72.95
kg,imeni fedorova,05,40.2,73.5333333
kg,imeni frunze,03,41.65,72.6666667
kg,imeni ilicha,02,42.7666667,75.9666667
kg,imeni kalinina,04,41.0872222,75.6772222
kg,imeni kalinina,05,40.3333333,74.4333333
kg,imeni karla marksa,02,42.7,74.0333333
kg,imeni karla marksa,03,41.9333333,72.6666667
kg,imeni karla marksa,07,42.7833333,76.2
kg,imeni kirova,03,41.3333333,72.1666667
kg,imeni kirova,07,42.5333333,76.5833333
kg,imeni kuybysheva,04,41.5105556,75.8544444
kg,imeni mikoyana,02,42.8261111,73.8441667
kg,imeni molotova,03,41.3166667,73.8333333
kg,imeni molotova,05,40.8833333,73.5
kg,imeni pervogo maya,03,41.8333333,73.0
kg,imeni vecheki,07,42.7333333,78.4166667
kg,imeni voroshilova,07,42.0666667,76.8666667
kg,internatsional,05,40.5541667,72.8766667
kg,iradan,05,40.2666667,72.1
kg,irdyk,07,42.45,78.3
kg,irisu,03,41.0166667,73.4
kg,irisu,05,40.4833333,73.4166667
kg,irkeshtam,05,39.6833333,73.9166667
kg,isfana,05,39.8333333,69.5166667
kg,ishma,05,40.5833333,73.0166667
kg,ishtyk,07,41.6016667,78.2852778
kg,itagar,03,41.6333333,71.8666667
kg,ivano-alekseyevka,06,42.5166667,72.2333333
kg,ivanovka,02,42.8877778,75.0838889
kg,izym-bay,05,40.9,73.7666667
kg,jeto-oguz,07,42.4333333,78.2
kg,kadzhi-say,07,42.1391667,77.1783333
kg,kaganovich,01,42.8666667,74.3
kg,kagoy,04,41.4833333,75.1166667
kg,kainda,02,42.8166667,73.6833333
kg,kaindy,03,41.7166667,73.5833333
kg,kaindy,04,41.5,74.45
kg,kaindy,07,42.7475,76.1586111
kg,kaindyn,04,41.6166667,75.1666667
kg,kairagach,05,40.05,69.75
kg,kairma,04,41.9833333,74.65
kg,kala,03,41.45,72.2
kg,kalday,05,40.0666667,72.5833333
kg,kalinino,06,42.4166667,72.0833333
kg,kalininskoje,02,42.8333333,73.8166667
kg,kalinovka,02,42.6880556,75.3555556
kg,kalinovka,07,42.4666667,78.2333333
kg,kalmion,05,40.2130556,71.6413889
kg,kaltak,05,40.1,71.4833333
kg,kamancha,05,40.6,73.5833333
kg,kampyr-ravat,05,40.7833333,73.1333333
kg,kanduga,05,40.7166667,73.5
kg,kan,05,40.1833333,71.3333333
kg,(( kansalyk )),03,41.7794444,72.925
kg,kant,01,42.8875,74.8472222
kg,kantsin,09,40.0833333,70.8
kg,kanysh-kiya,06,41.75,71.0833333
kg,kara-agach,03,41.5833333,71.7333333
kg,karaalma,03,41.1833333,73.3166667
kg,karabshin,05,39.6666667,70.3333333
kg,karabulak,02,42.8333333,75.6
kg,karabulak,04,41.7166667,73.9333333
kg,karabulak,05,40.4333333,73.6
kg,karabulun,04,41.3666667,74.2
kg,kara-burga,04,41.3,74.7
kg,karacha,03,41.1,72.8
kg,karachi,04,41.4166667,74.1
kg,kara-debe,02,42.7827778,75.4463889
kg,kara-dekhkan,05,40.7666667,73.4
kg,kara-dzhar,07,42.5833333,78.4333333
kg,kara-dzhegach,05,40.1333333,72.0833333
kg,karadzhigach,03,41.1333333,72.3833333
kg,karadzhilga,05,40.5833333,73.65
kg,kara-dzhygach,01,42.8072222,74.7063889
kg,karagandy,05,39.9666667,72.1833333
kg,karagansay,03,41.3166667,72.2
kg,karagayna,06,42.3666667,72.1333333
kg,kara-gonush,05,40.4333333,73.85
kg,kara-kashkar,05,40.6833333,73.4666667
kg,kara-kavak,05,39.65,72.7
kg,karakeche,04,41.7166667,74.7666667
kg,kara-kel,03,41.6302778,72.6727778
kg,kara-kel,05,40.75,73.2333333
kg,kara-kesmak,03,41.3,71.2333333
kg,karakin,04,41.4166667,74.3166667
kg,karako,07,42.2105556,76.6266667
kg,kara-kokty,05,40.35,72.6166667
kg,karakol,03,41.2333333,73.0666667
kg,karakol,07,42.4833333,78.4
kg,kara-kshtak,05,40.1166667,72.1
kg,kara-kuchkan,05,40.4544444,72.57
kg,kara-kuldzha,05,40.6833333,73.45
kg,karakungey,04,42.2033333,75.9169444
kg,karamart,03,41.2166667,73.1333333
kg,karamurza,04,41.4333333,74.05
kg,karanay,05,40.3,72.4
kg,kara-oy,04,41.4527778,75.1161111
kg,kara-sadak,05,40.7666667,73.1
kg,kara-say,07,41.5483333,77.9022222
kg,karashar,07,42.3094444,76.2930556
kg,kara-shivak,05,39.5166667,72.1833333
kg,karasu,03,41.65,73.1833333
kg,karasu,04,41.1166667,74.8666667
kg,kara-su,05,39.55,72.2333333
kg,karasu,05,40.5666667,73.7333333
kg,kara-suu,04,41.1305556,75.6783333
kg,karatakhta,05,40.35,73.5833333
kg,kara-talaa,07,42.3144444,76.3983333
kg,karatash,05,40.2166667,72.6
kg,kara-tash,05,40.4,73.4833333
kg,karatay,05,40.5166667,73.0166667
kg,karatebe,04,41.8833333,74.4666667
kg,kara-tyube,03,41.05,72.7166667
kg,karatyube,05,40.6047222,72.965
kg,kara-tyube,05,40.8833333,73.9
kg,karaultebe,04,40.5363889,75.9641667
kg,kara-unkur,04,41.7636111,75.7244444
kg,kara-unkurt,04,41.7333333,75.6666667
kg,karautok,05,39.9333333,72.2833333
kg,karavan,03,41.5,71.75
kg,karavan,05,40.3,72.2
kg,karyn-kur,03,41.25,71.3666667
kg,kashat,04,42.3166667,75.4333333
kg,kashgar,05,40.6208333,72.8305556
kg,kashkaldak,05,40.2833333,72.65
kg,kash kanchi,03,41.0166667,73.05
kg,kashkasu,03,41.3166667,73.2
kg,kashkasu,05,39.9,72.7333333
kg,kashka-terek,03,41.15,73.1333333
kg,kashka-terek,05,40.7833333,73.1833333
kg,kasymbek,04,41.3,74.95
kg,(( katar )),05,40.3666667,72.9166667
kg,katran,05,39.8166667,70.0666667
kg,katranke,03,41.2,73.3166667
kg,kattagan,05,40.9166667,72.2666667
kg,katyrantash,05,40.2666667,73.6
kg,kavak,03,41.8666667,73.5166667
kg,kavak,07,42.4833333,78.15
kg,kayirma,03,41.85,72.8333333
kg,kaynar,05,40.6,73.1166667
kg,kaytmas,05,40.4166667,73.2833333
kg,kazarman,04,41.4,74.05
kg,kaz,03,41.4166667,72.1833333
kg,kazybek,04,41.0313889,75.5369444
kg,kegeti,02,42.6913889,75.1783333
kg,keglatar,05,40.8666667,73.7
kg,kek-aygyr,04,40.7277778,75.6133333
kg,kekbel,05,40.25,72.9333333
kg,kek-dzhar,01,42.8030556,74.6511111
kg,kekdzhar,04,42.1666667,75.6333333
kg,kekirim,03,41.4166667,73.8666667
kg,kek-moynok pervoye,07,42.4555556,76.0497222
kg,kek-moynok vtoroye,07,42.4819444,75.8525
kg,keksay,06,42.5,71.1166667
kg,kek-say,07,42.0736111,76.8086111
kg,kek-tash,03,41.1833333,72.4
kg,kektebe,07,42.7666667,77.6166667
kg,kel,03,41.95,72.3833333
kg,kel,05,40.2666667,73.2
kg,kelme,04,41.45,75.1
kg,kenbulun,02,42.8666667,75.1166667
kg,kendzhilga,05,40.3833333,73.5
kg,keng-suu,04,41.9291667,75.6777778
kg,kenjekul,05,40.6388889,72.8119444
kg,kensu,04,41.75,74.0833333
kg,kensu,07,42.75,78.7
kg,kepyure,03,42.4666667,72.9666667
kg,keregetash,07,42.5166667,78.5833333
kg,kerki-don,05,40.45,72.0833333
kg,kesek,05,40.4455556,72.5813889
kg,keterme,05,40.3,72.3666667
kg,khadyrsha,03,40.8333333,73.0
kg,khaidarkan,05,39.9413889,71.3458333
kg,(( khasan-chek )),05,40.5666667,72.8833333
kg,khazret-ayub,03,40.95,73.0166667
kg,khazret-bau,03,41.35,71.4666667
kg,khodyrsha-mugal,05,40.7333333,73.1
kg,khodzhaaryk,05,40.1666667,72.3666667
kg,khodzha-aryk,05,40.2666667,72.35
kg,khodzhaata,03,41.6833333,72.0166667
kg,khodzhanorum,05,40.0833333,71.3166667
kg,khodzharabad,05,40.95,72.6166667
kg,kichibulolu,05,40.1833333,73.6
kg,kichik-alay,05,40.0333333,72.9166667
kg,kichi-khaydarnen,05,39.9166667,71.45
kg,kichi-oryuktyu,07,42.7397222,77.9325
kg,kichitaldyk,05,40.35,73.1333333
kg,kipchak,05,40.7,73.1
kg,kirgizgava,03,41.2,72.8333333
kg,kisyk,05,40.0333333,71.75
kg,kizol-kiva,05,40.2538889,72.1227778
kg,kizol-kurgan,05,40.1833333,73.5
kg,kizyl-ata,03,41.4333333,71.55
kg,kizyl-tukay,03,41.3833333,71.3333333
kg,klozin,05,40.4666667,73.6333333
kg,klyuchevka,06,42.5666667,71.8
kg,kochkor-ata,03,41.0166667,72.4833333
kg,kochkorka,04,42.2127778,75.7541667
kg,(( kodul )),03,41.8244444,72.98
kg,kodzhokel,05,39.9,72.9666667
kg,kodzhoyar,07,42.7294444,77.5286111
kg,kok-arok,06,42.4166667,72.6666667
kg,kokdzhatyk,05,40.4219444,72.5841667
kg,kok-jengak,03,41.0333333,73.2
kg,kok-karga,05,40.3333333,72.3833333
kg,kok-magday,05,40.2666667,74.0166667
kg,koktash,03,41.3333333,71.15
kg,kok-tundy,05,40.8333333,73.6166667
kg,kolaryk,04,41.9666667,74.6666667
kg,kolba,06,42.4166667,72.4166667
kg,kolme,03,41.0833333,72.7
kg,koltor,04,42.3166667,75.4666667
kg,komsomol,04,42.2408333,75.3141667
kg,komsomol,07,42.0758333,76.5611111
kg,komsomolskoye,01,42.9444444,74.4688889
kg,kongorchok,04,41.25,74.5333333
kg,kongurat,07,42.5166667,78.2333333
kg,konguroleng,07,42.1019444,76.6161111
kg,kopurbashi,05,40.345,72.6144444
kg,korgon,05,39.9,69.9166667
kg,korgon,06,41.8333333,70.9
kg,korumdu,07,42.6858333,77.3430556
kg,koshbulak,04,41.4666667,74.4
kg,koshbulak,05,40.8333333,73.6
kg,kosh-kel,07,42.5361111,76.6144444
kg,koshmo,03,41.7,72.5166667
kg,koshtebe,04,41.0833333,74.25
kg,kosh-tegirmen,02,42.7952778,73.8522222
kg,kotak,00,41.55,70.25
kg,koy-kul,07,42.4833333,78.0666667
kg,koysara,07,42.55,78.1666667
kg,krasnaya rechka,02,42.9,74.9666667
kg,krasnooktyabrskiy,01,42.8333333,74.3166667
kg,krasnyy most,07,42.6,75.8333333
kg,krasnyy oktyabr,02,42.75,75.6666667
kg,krasnyy oktyabr,04,41.5,74.8333333
kg,krasnyy stroitel,01,42.9366667,74.5941667
kg,kromkol,05,40.3,73.0333333
kg,kugart,03,41.1333333,73.4
kg,kulanak,04,41.3577778,75.5097222
kg,kulat,03,40.9833333,72.7666667
kg,kulyugen,03,41.1166667,72.7
kg,kum-debe,04,42.2152778,75.5491667
kg,(( kurbantal-mady )),05,40.5833333,72.9166667
kg,kurbu,07,42.6333333,78.4333333
kg,kur-kol,05,40.25,72.3333333
kg,kurmento,07,42.7833333,78.25
kg,kurpsay,03,41.4833333,72.3166667
kg,(( kushchusu )),03,41.8441667,72.7522222
kg,kutarma,01,42.9,74.25
kg,kutchi,05,40.7,72.9
kg,kutchu,03,40.9833333,73.0333333
kg,kuturgan,03,40.9333333,73.4666667
kg,kyrchin,05,39.4666667,72.3333333
kg,kyrkkazyk,03,41.8333333,72.6833333
kg,kyzart,04,42.0166667,74.95
kg,kyzyl-asker,01,42.9,74.55
kg,kyzyl-asker,04,41.3833333,75.65
kg,kyzylbayrak,07,42.75,76.0666667
kg,kyzylbeyit,03,41.5,72.4
kg,kyzyl-debe,04,42.2019444,75.2625
kg,kyzyldezkan,04,41.1833333,75.7
kg,kyzyl-dzhar,03,41.2666667,72.0166667
kg,kyzyldzhar,05,40.3,74.2333333
kg,kyzyldzhazy,03,41.7833333,73.2833333
kg,kyzyldzhildyz,07,42.7333333,78.0666667
kg,kyzyl-dzhyldyz,04,41.5636111,75.8530556
kg,kyzylemgek,04,41.95,74.9333333
kg,kyzyleshme,05,39.5666667,72.2666667
kg,kyzylkishlak,03,41.5166667,72.2
kg,kyzylkiya,05,40.4833333,73.1666667
kg,kyzylkurgan,04,41.7333333,74.2
kg,kyzyl-oktyabr,03,41.35,73.9
kg,kyzyl-oktyabr,05,40.3,73.5333333
kg,kyzyloy,04,41.9666667,74.15
kg,kyzylozkerush,03,41.6333333,73.4166667
kg,kyzylsangir,05,40.6333333,73.1166667
kg,kyzylsu,03,41.15,73.6
kg,kyzyl-suu,07,42.3408333,77.9980556
kg,kyzyl-tala,05,39.9666667,72.9666667
kg,kyzyl-tana,05,40.35,73.3833333
kg,kyzylto,05,39.6666667,72.6666667
kg,kyzyltu,03,41.6166667,73.3333333
kg,kyzyltu,04,41.0511111,75.5544444
kg,kyzyltu,07,42.1844444,76.6683333
kg,kyzylungungir,03,41.3666667,73.0666667
kg,kyzyluran,03,41.7,73.3
kg,kyzylyak,05,40.2666667,72.05
kg,kyzylzhildyz,03,41.6666667,73.4166667
kg,kyzymchek-karakash,05,40.35,73.4833333
kg,laylysu,04,41.4666667,75.5166667
kg,lay-tala,05,40.6,73.6166667
kg,lebedinka,01,42.8802778,74.6805556
kg,lembur,09,40.0666667,71.1
kg,lenin-dzhol,03,41.0666667,72.6333333
kg,leninpol,06,42.4833333,71.9166667
kg,leninskoe,01,42.9602778,74.6555556
kg,leninskoye,05,40.6833333,73.1833333
kg,lipenka,07,42.5333333,78.2
kg,lizogubovka,07,42.6666667,78.8333333
kg,lugovoye,07,42.7666667,78.2666667
kg,lyaglan,05,40.3166667,73.1
kg,lyangar,05,39.8,72.0833333
kg,lyubinskiy,03,41.15,73.2833333
kg,maat-murat,05,39.85,69.7333333
kg,madaniyat,05,40.5902778,72.8663889
kg,mady,05,40.5388889,72.9458333
kg,maevka,01,42.9102778,74.5686111
kg,mallisay,03,41.2833333,72.45
kg,malovodnoye,01,42.8333333,74.3666667
kg,maman,07,42.5,78.4333333
kg,mama-sadyk,03,41.0666667,73.05
kg,manduz,03,41.45,71.95
kg,margun,05,40.0333333,69.9333333
kg,mariinskoye,07,42.4666667,78.3
kg,maydan,05,40.05,72.0833333
kg,maymak,06,42.7,71.2166667
kg,mazar-bulak,03,41.1166667,73.2666667
kg,mazar-bulak,05,40.3833333,73.4166667
kg,mazar,03,41.9166667,72.6666667
kg,mazar,04,41.6,76.1666667
kg,medrese,05,40.3333333,72.2666667
kg,mekka-turpak,03,41.0833333,72.7666667
kg,mikhaylovka,07,42.6166667,78.3333333
kg,millyanfan,01,42.9666667,74.8
kg,min-bulak,04,41.4761111,75.8508333
kg,mingteke,04,41.95,74.3833333
kg,min-kush,04,41.6833333,74.4666667
kg,mirza-aki,05,40.75,73.4166667
kg,mogol,03,41.3,73.0333333
kg,molotovabad,05,40.2333333,72.0666667
kg,monchak-tepe,03,41.3,71.3166667
kg,mukur,03,41.5333333,71.8833333
kg,munduz,07,42.45,78.1333333
kg,murakinskoye,02,42.75,74.0
kg,musabek,06,41.7166667,70.7666667
kg,mykach,01,42.9305556,74.6536111
kg,naiza,00,41.5833333,70.3833333
kg,nariman,05,40.5541667,72.7911111
kg,naron,04,41.43,76.0
kg,naryn,03,41.3458333,72.21
kg,naukent,03,41.05,72.5666667
kg,nayman,05,40.2833333,72.3333333
kg,nazar-makhram,05,40.6666667,72.0666667
kg,nazyk,05,39.95,73.4666667
kg,nichke,03,41.7166667,73.4166667
kg,nikolaevskoye,07,42.7,78.3
kg,nikolayevka,02,42.8,73.6833333
kg,niyaz,03,41.0166667,72.95
kg,nizhniy norus,01,42.9236111,74.7433333
kg,nizhniy orok,01,42.8083333,74.5358333
kg,nizhnyaya ala-archa,01,42.9188889,74.5675
kg,noruskel,05,39.6166667,72.3333333
kg,novo konstantinovka,07,42.6,78.7333333
kg,novo-mikhaylovka,02,42.8166667,75.5333333
kg,novopavlovka,01,42.8705556,74.4866667
kg,novopokrovka,01,42.8658333,74.7361111
kg,novorossiyka,07,42.735,76.0791667
kg,nura,03,40.9,73.1833333
kg,nura,05,39.6333333,73.8666667
kg,okhna,05,40.05,71.7
kg,oktyabr,03,41.8166667,73.0333333
kg,oktyabrskiy,02,42.8,75.35
kg,oktyabrskoye,03,41.05,73.1
kg,on-archa,04,41.5666667,75.8666667
kg,orgochor,07,42.3666667,78.05
kg,orgo,03,41.8166667,73.55
kg,orgorush,04,41.21,76.2069444
kg,orlevka,06,42.5333333,71.95
kg,orlovka,02,42.7475,75.5888889
kg,ormok,04,41.5333333,75.9166667
kg,orto-karakain,04,41.0333333,75.4666667
kg,ortok,04,42.2,75.3661111
kg,orto-nura,04,41.4536111,76.2161111
kg,orto-say,01,42.8016667,74.5955556
kg,orto-saz,04,41.4466667,76.0622222
kg,ortoterek,06,41.9333333,71.35
kg,orto-tokay,07,42.3425,76.0205556
kg,osaviakhim,04,41.2333333,74.5333333
kg,osh,05,40.5294444,72.79
kg,otradnoye,07,42.5833333,78.65
kg,ottuk,04,41.6233333,75.8430556
kg,otuzul,07,42.55,78.4833333
kg,oyalma,03,41.7166667,72.4833333
kg,oyalma,05,40.6666667,73.95
kg,oy-bir-dzhilga,02,42.6666667,75.4666667
kg,oytal,05,40.4,74.1
kg,oytersken,04,41.1333333,75.8
kg,ozgon,05,40.7666667,73.3
kg,padak,03,41.3333333,71.8166667
kg,(( pakyr-abad )),05,40.5833333,72.9833333
kg,pamyat ilicha,05,40.7833333,73.3833333
kg,papan,05,40.3,72.9833333
kg,pavloskoye,01,42.7333333,74.5166667
kg,pervomayskoye,05,40.6166667,73.6833333
kg,podachi,03,40.9666667,72.65
kg,pogranichnik,04,41.0166667,75.4666667
kg,pokrovka,06,42.75,71.6
kg,pokrovskoye,05,40.7,73.15
kg,preobrazhenskoye,07,42.75,78.3333333
kg,prigorodnoye,01,42.8936111,74.5486111
kg,pristan-przhevalsk,07,42.55,78.3
kg,privokzalno-voznesenskoye,01,42.8333333,74.5333333
kg,pum,05,40.0833333,72.0833333
kg,pyshvyrkan,05,40.2,72.25
kg,raut,05,39.75,70.9166667
kg,ravat,05,39.9,70.2
kg,razdolnoye,07,42.6166667,78.7333333
kg,rendzhit,03,41.4,71.85
kg,romanovka,06,42.4666667,71.95
kg,romanovskoye,01,42.8666667,74.3333333
kg,rybachye,07,42.4333333,76.2
kg,rybpunkt,07,42.3694444,77.8952778
kg,sadovoye,01,42.8666667,74.2
kg,safarovskoye,02,42.8166667,75.6
kg,sagoz-kandor,03,41.95,72.5166667
kg,samansur,02,42.7833333,75.5166667
kg,sarabulak,03,41.1666667,73.2333333
kg,saragata,03,41.7333333,73.2
kg,saritash,05,39.7333333,73.25
kg,sarkisar,05,40.3333333,73.2
kg,sarsagut,03,41.95,73.2833333
kg,sar,06,41.6833333,70.95
kg,saru,07,42.3236111,77.9208333
kg,sarybiya,03,41.1,72.3666667
kg,sary-bulak,04,41.9647222,75.7536111
kg,sarybulak,05,40.9,73.8166667
kg,sarybulak,07,42.7833333,78.2833333
kg,sarybulun,04,41.4333333,74.1166667
kg,sary-dzhon,01,42.8027778,74.7422222
kg,sarykamysh,03,41.7,72.7
kg,sarykamysh,04,41.7833333,73.9
kg,sary-kamysh,07,42.4858333,76.2866667
kg,sarykamysh,07,42.5333333,78.6333333
kg,sarykamysh,09,40.1333333,71.1833333
kg,sary,05,40.8833333,73.7333333
kg,sarytebe,07,42.75,78.4
kg,sassyk,05,40.7833333,73.45
kg,savay,05,40.75,72.9833333
kg,saydi-kum,05,40.95,72.6
kg,saylyk,02,42.8,75.4
kg,saz,01,42.7333333,74.25
kg,saz,03,41.2333333,73.3
kg,saz,04,41.3,74.6833333
kg,segizinchi mart,04,41.4563889,75.4044444
kg,sekelek,05,40.65,73.6333333
kg,selektsionnoye,01,42.83,74.5241667
kg,seluka,05,39.9302778,69.5697222
kg,semenovka,07,42.7222222,77.5475
kg,shadymyr,05,39.9166667,70.0666667
kg,shakaptar,03,41.2166667,71.3166667
kg,shalba,07,42.4333333,78.1333333
kg,shaldyr,03,41.4666667,71.2
kg,shaltak,05,40.5333333,73.0333333
kg,shamaldy-say,03,41.2,72.1833333
kg,shamalterek,05,40.7833333,73.6
kg,shamalyk,03,41.5166667,72.6833333
kg,shamshaly,05,40.1333333,72.65
kg,shamsi,02,42.7,75.3833333
kg,shamsi,04,42.3166667,75.4166667
kg,shankol,05,40.2,72.75
kg,shaty,07,42.7666667,78.3666667
kg,sheker,06,42.5333333,71.15
kg,shibbe,05,39.9,72.0833333
kg,shidyr,03,41.0833333,72.7166667
kg,shigay,05,39.9666667,72.1
kg,shirali,05,40.75,73.2666667
kg,shorkishlak,05,40.55,72.3333333
kg,shoro,04,41.4833333,75.4833333
kg,shor-tube,02,42.8666667,75.2333333
kg,shumkar,05,39.8333333,73.2666667
kg,shuran,05,40.1666667,71.45
kg,sofi-kurgan,05,40.0333333,73.5
kg,sokolovka,07,42.6666667,78.7833333
kg,solu-sassyk,05,40.7166667,73.6
kg,sosnovka,02,42.6666667,73.8333333
kg,sovetskoye,02,42.7405556,75.8963889
kg,sovetskoye,03,41.0666667,72.7333333
kg,sovsintorg,07,42.3666667,77.9
kg,spasskiy,03,41.0166667,72.9833333
kg,sretenka,01,42.9333333,74.1333333
kg,stambek,02,42.7333333,75.0833333
kg,stanovishche tur-aygir,07,42.4922222,76.4230556
kg,stavropolka,02,43.0,73.8333333
kg,stavropolskiy,01,42.8666667,74.35
kg,stepnoye,01,43.1833333,73.95
kg,subashi,05,39.8833333,70.9166667
kg,sugut,03,41.5,71.6166667
kg,sugut,05,39.9666667,73.5
kg,sukhay khrebet,07,42.6,78.1333333
kg,sungandy,05,40.2166667,73.5166667
kg,susamor state farm,01,42.2,73.9666667
kg,suzak,03,40.9,72.9
kg,svetlaya dolyana,07,42.3333333,78.0833333
kg,syn-tash,02,42.7033333,75.06
kg,syny,03,41.6333333,72.0666667
kg,syuttu-bulak,07,42.3333333,78.1
kg,tagan,05,40.0666667,69.8166667
kg,taka,05,39.4833333,72.4333333
kg,talabulak,04,42.2666667,75.25
kg,(( tala )),05,40.5333333,72.75
kg,taldok,05,40.2833333,73.2666667
kg,taldo-su,04,41.1666667,76.1333333
kg,taldo-su,07,42.8,78.4666667
kg,taldy-su,05,40.55,73.9666667
kg,tamaterek,03,41.7666667,72.7166667
kg,tambashat,05,40.2833333,73.4
kg,tamchi,07,42.5613889,76.6563889
kg,tamga,07,42.1486111,77.5469444
kg,tarasu,07,42.1358333,76.3366667
kg,tarsu,07,42.7058333,76.0563889
kg,tash-bashat,04,41.4655556,76.4047222
kg,tash-bulak,03,41.1666667,72.9333333
kg,tashbulak,04,41.4166667,75.9
kg,tash-bulak,05,40.25,72.2333333
kg,tash-kepe,05,40.9333333,73.8333333
kg,tash-kurgan,05,39.85,70.55
kg,tashtebe,04,41.5833333,75.95
kg,tash-tyube,01,42.7333333,74.5833333
kg,tash-tyube,06,42.5833333,72.0833333
kg,tassor,07,42.1616667,77.4391667
kg,(( tatar )),05,40.3766667,72.895
kg,taukent,05,40.6427778,72.9294444
kg,tayan,05,39.9166667,71.1333333
kg,tebykty,04,41.4166667,74.05
kg,tegerek-kyrchin,04,41.5,75.6166667
kg,tegerek,05,40.4333333,73.6333333
kg,tegermach,05,39.9333333,72.2666667
kg,tegermen-sai,06,41.7,70.6333333
kg,tegermenti,07,42.7611111,76.1622222
kg,tegermenty,07,42.7166667,77.55
kg,tegizchil,07,42.5666667,78.4166667
kg,teleyken,05,40.445,72.5663889
kg,temir-kanat,07,42.0533333,76.9163889
kg,temirkent,03,41.8,73.45
kg,temirovka,07,42.7013889,77.4166667
kg,tengizbay,05,39.7833333,72.1666667
kg,tepe-guzar,05,40.6,72.4
kg,tepke,07,42.6,78.4166667
kg,teploklyuchenka,07,42.5,78.5
kg,terek-say,03,41.5,71.1833333
kg,tereksu,04,41.1186111,75.7338889
kg,tereksu,05,40.5666667,73.75
kg,terek,04,41.2166667,74.9833333
kg,terek,05,40.0166667,73.55
kg,terskey,05,39.9,71.3666667
kg,tertkel,07,42.1047222,76.9422222
kg,tillya-bay-kurgan,05,40.1166667,71.3
kg,titovka,03,41.4166667,73.8333333
kg,toguzbay,07,42.7166667,78.5666667
kg,toguzbulak,04,41.5666667,75.8
kg,toguz-bulak,04,42.1833333,75.7666667
kg,toguz-bulak,07,42.0869444,76.7375
kg,tokmak,02,42.8413889,75.2883333
kg,tokoldosh,01,42.8666667,74.6333333
kg,toktogul,03,41.9033333,72.9455556
kg,toktoyan,07,42.7,78.6666667
kg,tolman,05,40.3333333,72.2
kg,toluk,03,41.9333333,73.5833333
kg,tong,07,42.1688889,77.0311111
kg,topu,03,40.95,73.3
kg,tortkel,03,41.75,72.8666667
kg,tortkul,05,40.7833333,73.3
kg,tubek,05,39.6833333,70.6666667
kg,tugelsay,04,41.9833333,74.7833333
kg,tuleyken,05,40.4983333,72.8033333
kg,tura-chita,05,39.9833333,72.8166667
kg,turasu,07,42.0647222,76.9969444
kg,tuya-lyash,03,40.8833333,72.95
kg,tuzbel,05,40.5666667,73.35
kg,tyulek,04,41.9666667,75.6833333
kg,uchar,05,40.4875,72.7913889
kg,uchbay,05,40.3,72.7
kg,uch-emchek,01,42.6666667,74.75
kg,uchi-kur,05,40.5166667,73.2
kg,uch-kul,05,40.4,73.8166667
kg,uchkun,04,41.3772222,75.3608333
kg,uchkurt,03,41.6,72.1166667
kg,uch-tapkyr,03,40.95,73.2666667
kg,(( uchterek )),03,41.7833333,73.1469444
kg,uch-tyube,05,39.9166667,73.4333333
kg,uchuruk,02,42.7833333,75.9333333
kg,ugut,04,41.4,74.85
kg,ukok,04,42.1666667,75.5833333
kg,ulakhol,07,42.2666667,76.5333333
kg,ulgu,04,42.1333333,75.0833333
kg,uluchat,05,40.8833333,73.8
kg,ulukent,03,41.7666667,73.1833333
kg,uluk,03,41.4166667,71.8333333
kg,unkur,05,40.5166667,73.2833333
kg,urakain,05,39.8333333,72.0333333
kg,urgi,05,40.3,72.1833333
kg,urnok,03,41.9166667,72.7333333
kg,urtak,04,41.2166667,75.25
kg,urta-kyzyl,05,40.3,72.65
kg,urumbash,03,41.2,73.4
kg,uryukty,05,40.35,73.5666667
kg,ushat,05,40.3333333,73.6833333
kg,uspenka,03,41.5666667,71.8166667
kg,(( uzak )),05,40.4,72.75
kg,uzgorysh,02,42.7833333,75.4833333
kg,uzgorysh,04,41.2166667,74.7
kg,uzunbulak,04,42.1333333,75.2666667
kg,valyakish,05,40.2,72.0833333
kg,verkhniy orok,01,42.8011111,74.5233333
kg,vidana,05,40.2166667,72.9833333
kg,vladimirovka,06,42.5333333,71.9
kg,vorontsovskoye,01,42.7166667,74.5833333
kg,vostochnyy,05,39.9166667,69.65
kg,vostok,01,42.8991667,74.6738889
kg,voyenno-antonovka,01,42.8666667,74.4
kg,yalgiz-alcha,05,40.7833333,73.6166667
kg,yalgyz-yangak,03,41.1,73.1833333
kg,yanabadam,03,41.1166667,72.7833333
kg,yangi-bazar,06,41.6666667,70.8833333
kg,yangi-dzhol,04,41.8666667,74.45
kg,yangi-naukat,05,40.25,72.55
kg,yar-kurgan,05,40.25,72.8333333
kg,yartash,05,40.3333333,72.6666667
kg,yaryktash,03,41.8333333,72.0666667
kg,yerish,03,41.4166667,72.3666667
kg,yurevka,02,42.7136111,75.0361111
kg,yuvash,05,40.6,72.9166667
kg,zardale,05,39.65,70.95
kg,zarger,05,40.8166667,73.3333333
kg,zar-tash,09,40.2588889,71.0288889
kg,zharkynbayevo,07,42.7397222,77.7458333
