mk,adzarlar,79,41.9780556,21.6494444
mk,adzemka,10,41.8947222,20.9425
mk,adzibegovo,60,41.7602778,21.9852778
mk,adzievci,88,41.5888889,20.6130556
mk,adzimatovo,60,41.8008333,21.9411111
mk,adzinci,97,42.2547222,21.8502778
mk,aevaelijad,33,41.1391667,22.5025
mk,afmate,94,41.7211111,21.0088889
mk,agino selo,75,42.0463889,21.6811111
mk,ajranli,a8,41.3466667,22.5311111
mk,ajvatovac,36,42.0063889,21.6102778
mk,akhris,74,41.1172222,20.8019444
mk,alakince,a4,41.945,21.8816667
mk,alasevce,59,42.1861111,21.5902778
mk,aldanci,c4,41.3683333,21.2963889
mk,aldinc,a2,41.8030556,21.4286111
mk,aleksandrovo,53,41.3380556,21.4066667
mk,algunja,97,42.2605556,21.8169444
mk,alilabasi,84,41.6966667,22.4797222
mk,alimedska maala,59,42.1986111,21.5161111
mk,alince,26,41.2588889,21.4811111
mk,alince,85,42.2094444,21.9994444
mk,alinci,a7,41.1511111,21.5052778
mk,alisavci,52,42.2813889,22.2694444
mk,aljkurtovci,c1,41.5772222,20.9183333
mk,alsar,b5,41.155,21.9433333
mk,ame,21,41.5516667,20.5266667
mk,amzabegovo,a4,41.8119444,21.9947222
mk,amzali,11,41.5013889,22.7563889
mk,an,94,41.6855556,20.9608333
mk,andrejevo,31,42.0533333,21.0191667
mk,andrejinci,85,42.3361111,22.2016667
mk,angelci,a9,41.4763889,22.6111111
mk,aonceli,96,41.2563889,22.6655556
mk,aorce petrov,90,42.0077778,21.3530556
mk,aracine,01,42.0263889,21.5619444
mk,aranael,77,41.5947222,21.0244444
mk,arazli,66,41.3666667,22.4666667
mk,arbanasko,85,42.265,22.0
mk,arbasanci,a4,41.8902778,22.0847222
mk,arbinovo,03,41.3705556,20.8288889
mk,argulica,40,41.8194444,22.2794444
mk,arilevo,54,41.3963889,21.1983333
mk,armatus,a7,41.0969444,21.5266667
mk,arnacija,48,41.9775,21.2733333
mk,arnicko,b5,41.1913889,21.915
mk,arvati,86,40.9436111,21.1130556
mk,arzhano,61,41.3730556,20.6655556
mk,asamagi,86,40.9863889,21.0511111
mk,asan-begovo,01,42.0166667,21.5166667
mk,atista,b6,41.4533333,21.0391667
mk,auraeviste,70,41.8944444,20.8622222
mk,azirlar,59,42.2022222,21.4894444
mk,babi,98,41.7594444,22.2025
mk,babino,93,41.2994444,21.0797222
mk,babiste,76,42.0175,22.4147222
mk,babuna,b1,41.6808333,21.8027778
mk,bac,02,40.9333333,21.5666667
mk,bacista,c1,41.6052778,20.9069444
mk,badar,c2,41.8644444,21.6880556
mk,badelin,72,41.45,22.95
mk,bajcovci,52,42.2655556,22.2719444
mk,bajkovo,72,41.4166667,22.9333333
mk,bajlovce,97,42.2302778,21.9622222
mk,bajrambos,a1,41.3094444,22.705
mk,bajramovci,21,41.4813889,20.5711111
mk,balaban,64,41.7466667,20.7822222
mk,balabanska maala,85,42.315,22.1511111
mk,balanci,21,41.485,20.5502778
mk,balcinci,97,42.2694444,21.8572222
mk,baldovenci,71,41.0158333,21.5383333
mk,balija maala,94,41.7213889,21.005
mk,balince,a8,41.2891667,22.5136111
mk,balin dol,34,41.7908333,20.9380556
mk,baltalija,98,41.6519444,22.2363889
mk,banajni,20,42.1080556,21.3880556
mk,banica,a1,41.4452778,22.6083333
mk,banista,21,41.5594444,20.5294444
mk,banja,25,41.405,22.2488889
mk,banja,73,41.9113889,22.3336111
mk,banja,79,41.8983333,21.6969444
mk,banjica,15,41.7005556,21.6655556
mk,banjsko,68,41.3838889,22.7436111
mk,banova,21,41.505,20.4802778
mk,barakli,66,41.4,22.4833333
mk,baraklija,85,42.2325,22.1958333
mk,barakovo,24,41.2505556,21.2266667
mk,baratlici,52,42.2736111,22.2888889
mk,baratlija mahala,52,42.2877778,22.3177778
mk,barbarevo,72,41.4608333,22.8969444
mk,barbarevo,83,41.9813889,22.0627778
mk,(( barbaros )),63,41.5083333,21.2741667
mk,bardina,24,41.2358333,21.2425
mk,bardovce,41,42.0269444,21.3761111
mk,bardovska maala,20,42.1408333,21.3072222
mk,baresane,05,40.95,21.35
mk,barovo,25,41.3438889,22.1405556
mk,barovo,92,41.9452778,21.3438889
mk,barska maala,52,42.2780556,22.2338889
mk,basali,66,41.3958333,22.4805556
mk,bas,52,42.1875,22.3869444
mk,basete i postr,77,41.6086111,21.0397222
mk,basibos,a1,41.3083333,22.6908333
mk,basino selo,b1,41.7483333,21.76
mk,bastevo,52,42.2269444,22.2416667
mk,batanje,40,41.8219444,22.1786111
mk,batinc,a2,41.9197222,21.4819444
mk,bazernik,93,41.2822222,21.0480556
mk,bebar,21,41.525,20.5275
mk,bedinje,57,42.1416667,21.6963889
mk,begniste,42,41.3675,21.9975
mk,bekirli,60,41.68,21.9411111
mk,bela crkva,53,41.2808333,21.3452778
mk,bela crkva,92,41.8558333,21.3775
mk,belanovce,59,42.2327778,21.5627778
mk,belavinci,52,42.3011111,22.3533333
mk,bela vodica,82,41.3366667,21.7036111
mk,belce,24,41.2452778,21.1997222
mk,belcica,64,41.6938889,20.6902778
mk,belcista,03,41.3027778,20.8302778
mk,belestevica,b1,41.7633333,21.6983333
mk,beli,46,41.9275,22.3805556
mk,belica,89,41.6761111,21.3044444
mk,belica,b6,41.4030556,20.9491667
mk,belimbegovo,36,41.9961111,21.5822222
mk,beli vlajkovci,97,42.2944444,21.8533333
mk,beljakovce,45,42.1152778,21.93
mk,beljakovci,52,42.2733333,22.3125
mk,belo pole,28,41.4108333,21.3961111
mk,belotino,a1,41.4338889,22.5452778
mk,beloviste,27,41.7755556,20.9355556
mk,beloviste,b8,42.1366667,21.1041667
mk,beluce,b5,41.2358333,21.7355556
mk,belusino,c4,41.4363889,21.2525
mk,bence,89,41.6922222,21.0983333
mk,beranci,67,41.1588889,21.3597222
mk,berikovo,c1,41.6416667,21.0011111
mk,berovce,26,41.2975,21.4963889
mk,berovo,04,41.7030556,22.8577778
mk,bervenice,12,41.9672222,20.9808333
mk,besiste,b5,41.1397222,21.7822222
mk,besvica,25,41.3847222,22.1827778
mk,bezikovo,62,41.9725,22.5280556
mk,bezovec,91,42.0533333,20.8280556
mk,bezovo,61,41.3291667,20.6019444
mk,bibaj,64,41.7319444,20.6275
mk,bidzevo,23,41.23,20.6983333
mk,bigla,22,41.9608333,22.6775
mk,bigor dolenci,b4,41.4855556,21.0
mk,biljanik,71,41.0391667,21.49
mk,biljanovce,57,42.1088889,21.7327778
mk,birino,53,41.3119444,21.2697222
mk,bistrenci,25,41.4469444,22.2005556
mk,bistrica,05,40.9833333,21.3666667
mk,bistrica,09,41.6155556,21.5161111
mk,bitola,06,41.0311111,21.3402778
mk,bitovo,89,41.7458333,21.0808333
mk,bitus,88,41.6166667,20.5883333
mk,bitushe,88,41.6591667,20.5911111
mk,bivolarci,97,42.2636111,21.8819444
mk,blaca,07,41.8377778,22.5780556
mk,blacanci,97,42.3013889,21.8638889
mk,blace,16,41.895,21.0202778
mk,blace,20,42.1522222,21.3327778
mk,blace,c2,41.8713889,21.665
mk,blizanci,51,42.0525,22.2169444
mk,blizansko,89,41.7588889,21.1627778
mk,bllace e poshteme,20,42.1325,21.3213889
mk,bogacinovci,52,42.26,22.3238889
mk,bogdanci,08,41.2030556,22.5755556
mk,bogdevo,64,41.7441667,20.7011111
mk,bogomila,09,41.5930556,21.4716667
mk,bogorodica,33,41.1405556,22.5488889
mk,bogoslovac,60,41.7733333,22.0227778
mk,bogovina,10,41.9236111,20.9136111
mk,bohula,49,41.2880556,22.1616667
mk,boista,24,41.1966667,21.1013889
mk,bojana,c3,42.0,21.1930556
mk,bojanciste,49,41.2627778,22.0291667
mk,bojcoska maala,22,41.9694444,22.6711111
mk,boletin,88,41.6575,20.6016667
mk,bolno,86,41.1094444,20.9722222
mk,bonce,26,41.2280556,21.5969444
mk,borievo,11,41.4233333,22.765
mk,borino,c4,41.4322222,21.2794444
mk,borisovo,72,41.3833333,22.8333333
mk,boroec,58,41.2894444,20.5961111
mk,borotino,26,41.2894444,21.4011111
mk,borovci,76,41.9755556,22.5013889
mk,borovo,76,42.0525,22.4172222
mk,borovska breznica,89,41.7366667,21.2263889
mk,bosilevo,11,41.4405556,22.7277778
mk,boskovci,52,42.3430556,22.2869444
mk,bosnjani,a3,42.0633333,21.4344444
mk,botum,03,41.2852778,20.7913889
mk,(( botuse )),89,41.7161111,21.0866667
mk,brailovo,28,41.4766667,21.4613889
mk,brajcino,86,40.9063889,21.1591667
mk,brajkovci,a8,41.2916667,22.5222222
mk,brashtica,21,41.4919444,20.5847222
mk,bratin dol,06,41.055,21.2613889
mk,bratislavca,62,42.0333333,22.6666667
mk,brazda,20,42.0808333,21.3986111
mk,brcevo,23,41.2977778,20.6730556
mk,brdaci,52,42.2091667,22.2302778
mk,brdarska maala,97,42.2636111,21.9188889
mk,bresani,03,41.2716667,20.9616667
mk,breshtani,21,41.4544444,20.5861111
mk,brest,59,42.2166667,21.4777778
mk,brest,84,41.6063889,22.3227778
mk,brest,89,41.725,21.1569444
mk,brezica,79,41.8713889,21.7258333
mk,brezno,a5,42.0858333,21.0388889
mk,brezovec,b9,41.7552778,20.7838889
mk,brezovo,93,41.3422222,21.1272222
mk,brnik,95,41.0819444,21.6405556
mk,brnjarce,01,42.0341667,21.5466667
mk,brodac,20,42.1411111,21.4402778
mk,brodac,64,41.7863889,20.6863889
mk,brod,02,40.95,21.5666667
mk,brod,63,41.5136111,21.2152778
mk,brodec,91,42.0580556,20.8922222
mk,brusani,42,41.4008333,21.955
mk,brusnik,06,41.0230556,21.2852778
mk,brusnik,69,41.5108333,22.2075
mk,brzak,57,42.0655556,21.6758333
mk,brzdani,30,41.4466667,20.9069444
mk,bucim,84,41.6705556,22.3397222
mk,bucin,53,41.2747222,21.3166667
mk,bucince,36,42.0333333,21.6408333
mk,buciste,c5,41.9288889,22.1966667
mk,buckovci,97,42.2675,21.8175
mk,budakovo,a7,41.1383333,21.4741667
mk,budimir,95,41.0566667,21.7308333
mk,budinarci,78,41.7641667,22.7755556
mk,budur,25,41.3869444,22.2247222
mk,bujek,97,42.3144444,21.9541667
mk,bujkovac,36,42.0038889,21.6497222
mk,bukojcani,c1,41.6252778,20.9594444
mk,bukolovska maala,97,42.2544444,21.9283333
mk,bukovic,48,41.9683333,21.2369444
mk,bukovljane,97,42.3158333,21.9705556
mk,bukovo,05,40.9833333,21.3333333
mk,bukurica,59,42.1125,21.595
mk,bulacane,01,42.0705556,21.5027778
mk,buluntuli,a1,41.3175,22.6913889
mk,bunarce,42,41.3366667,22.0813889
mk,bunardzik,36,41.9933333,21.6169444
mk,bunes,c5,41.9525,22.2361111
mk,burilcevo,19,41.8425,22.2961111
mk,burilovci,a4,41.8805556,22.0644444
mk,burinec,61,41.3952778,20.6172222
mk,busalar,59,42.1872222,21.4663889
mk,busilca,15,41.6230556,21.7038889
mk,butel,a3,42.0308333,21.4466667
mk,buzalakovo,b1,41.7397222,21.6722222
mk,buzinci,45,42.1525,21.8433333
mk,buzolak,85,42.2966667,22.0422222
mk,bzovik,95,41.1169444,21.7133333
mk,cafa,94,41.6572222,21.0202778
mk,caile,34,41.8019444,20.9325
mk,cair,41,42.0152778,21.4411111
mk,cajane,64,41.7494444,20.7691667
mk,caje,22,41.9333333,22.85
mk,cajlane,90,41.9613889,21.2586111
mk,calakli,a8,41.3033333,22.64
mk,callapek,12,41.9316667,21.0133333
mk,calniste,83,41.9986111,22.1902778
mk,calosevo,b1,41.7547222,21.7961111
mk,canakli,11,41.5147222,22.7319444
mk,caniste,95,41.1652778,21.6855556
mk,cankina maala,52,42.1769444,22.2436111
mk,capari,14,41.0561111,21.1783333
mk,cardaklija,98,41.7827778,22.1866667
mk,carev dvor,86,41.0430556,21.0072222
mk,carevic,82,41.3563889,21.7719444
mk,carevo selo,22,41.9672222,22.7694444
mk,casa,83,41.9402778,22.1788889
mk,caska,15,41.6505556,21.6622222
mk,caska,20,42.0830556,21.2775
mk,causli,96,41.2666667,22.6666667
mk,ceena maala,c2,41.8155556,21.5461111
mk,cegran,16,41.8388889,20.9758333
mk,cekrkci,06,41.0297222,21.4113889
mk,celanska maala,20,42.1297222,21.3225
mk,celevec,25,41.4244444,22.2786111
mk,celikovci,c1,41.6158333,20.9494444
mk,celopeci,b6,41.4725,21.0286111
mk,celopek,97,42.2272222,21.8263889
mk,cemersko,49,41.2938889,22.1413889
mk,cengici,52,42.2658333,22.2866667
mk,cepeli,a8,41.3730556,22.5480556
mk,cepigovo,a7,41.2477778,21.3955556
mk,cera,62,42.0694444,22.4875
mk,cer,b6,41.4166667,21.075
mk,cerkesko selo,57,42.1238889,21.6830556
mk,cerniste,96,41.2355556,22.6538889
mk,cerova,c3,41.9925,21.1361111
mk,cerovo,24,41.2163889,21.0911111
mk,cerovo,b9,41.7225,20.8458333
mk,cesendre,42,41.3933333,21.8322222
mk,cesinovis,19,41.8713889,22.2891667
mk,cestevo,a8,41.295,22.5736111
mk,cetirce,97,42.2155556,21.7627778
mk,cibaci,52,42.2366667,22.385
mk,ciflik,19,41.8688889,22.3175
mk,ciflik,22,41.9444444,22.78
mk,ciflik,52,42.2933333,22.3363889
mk,ciflik,62,41.9741667,22.5330556
mk,ciflik,78,41.7591667,22.8594444
mk,ciflik,79,41.9263889,21.68
mk,ciflik,92,41.9483333,21.3511111
mk,ciflik,c3,41.9513889,21.1205556
mk,ciflik,c5,42.0327778,22.2836111
mk,ciflik ljubin,48,42.0013889,21.3091667
mk,ciflik ljubos,a2,41.9227778,21.4888889
mk,ciflik mezdra,a4,41.9213889,21.9263889
mk,cmovo,82,41.2822222,21.5694444
mk,cojlija,79,41.945,21.6252778
mk,coselari,60,41.7586111,21.9411111
mk,cresevo,01,42.0508333,21.5097222
mk,creska,60,41.7047222,21.9811111
mk,cresnevo,09,41.6338889,21.4888889
mk,cresnevo,89,41.6452778,21.2841667
mk,crkva,42,41.4216667,21.9294444
mk,crkvina,b1,41.6572222,21.7952778
mk,crkvinska maala,85,42.2866667,22.1555556
mk,crnec,24,41.1558333,21.2247222
mk,crnicani,a7,41.1247222,21.54
mk,crni kamen,76,41.9238889,22.5358333
mk,crnik,78,41.8194444,22.8827778
mk,crniliste,09,41.5308333,21.4155556
mk,crni vlajkovci,97,42.3047222,21.8638889
mk,crni vrh,92,41.8119444,21.3777778
mk,crni vrv,56,41.1030556,21.2447222
mk,crnoboci,21,41.4844444,20.5675
mk,crnobok,56,41.1241667,21.3230556
mk,crvena niva,46,41.95,22.3833333
mk,crvena voda,03,41.3205556,20.7675
mk,crvena voda,a2,41.8575,21.4588889
mk,crvilevo,40,41.8113889,22.2952778
mk,cucer,20,42.1036111,21.3822222
mk,cukarci,52,42.2788889,22.3138889
mk,culovci,b5,41.1616667,21.9516667
mk,cvetanovska maala,52,42.2347222,22.3427778
mk,cvetisnica,85,42.2966667,22.0086111
mk,cvetovo,92,41.8580556,21.4097222
mk,cvilance,97,42.2183333,21.9272222
mk,dabila,11,41.4427778,22.6905556
mk,dabjani,c4,41.4272222,21.3658333
mk,dabnica,82,41.3980556,21.5658333
mk,dabniste,42,41.3783333,22.0138889
mk,dalbegovci,a7,41.1086111,21.4741667
mk,dallgash,61,41.4230556,20.5875
mk,damjan,84,41.6130556,22.3611111
mk,ðavat,14,41.0808333,21.1386111
mk,ðavato,08,41.1958333,22.5366667
mk,davidovo,66,41.3319444,22.4280556
mk,debrese,b7,41.8175,20.8805556
mk,debreste,c4,41.4797222,21.3152778
mk,debriste,87,41.4597222,21.8819444
mk,dedavacka mahala,97,42.3372222,21.9416667
mk,dedebalci,a7,41.1163889,21.4841667
mk,dedeli,a8,41.2841667,22.6047222
mk,dedino,84,41.57,22.4247222
mk,dejkovac,c2,41.7919444,21.5666667
mk,dejlovce,85,42.25,22.0
mk,deladrovce,36,42.015,21.6702778
mk,delagozde,23,41.2572222,20.7236111
mk,delisinci,60,41.7819444,21.9958333
mk,delska maala,85,42.3208333,22.1961111
mk,demir hisar,24,41.2216667,21.2030556
mk,derelska maala,97,42.2852778,21.9388889
mk,derma,31,42.0516667,20.9683333
mk,ðerman,85,42.2780556,22.1033333
mk,desini,97,42.2572222,21.8519444
mk,desovo,28,41.4627778,21.4911111
mk,devic,63,41.5511111,21.2266667
mk,dihovo,06,41.0302778,21.2638889
mk,ðinot,b1,41.6983333,21.7547222
mk,divlje,79,41.9269444,21.7666667
mk,djzumelci,60,41.8280556,21.8761111
mk,dlabocia,85,42.2902778,22.0425
mk,dlabocica,52,42.1986111,22.2413889
mk,dlapkin dol,c1,41.5591667,20.9352778
mk,dlga,75,42.0069444,21.7833333
mk,dobarce,c3,41.9541667,21.0877778
mk,doberdol,70,41.8658333,20.8875
mk,dobrasinci,a9,41.5252778,22.6752778
mk,dobrejci,a1,41.4608333,22.6525
mk,dobrenovac,30,41.4986111,20.8975
mk,dobreovo,83,42.0238889,22.1958333
mk,dobri dol,92,41.9269444,21.4038889
mk,dobrino,c2,41.7986111,21.6083333
mk,dobrisani,98,41.7425,22.0769444
mk,dobromir,71,41.0694444,21.4558333
mk,dobrosane,75,42.1002778,21.7572222
mk,dobroshte,a5,42.1033333,21.0777778
mk,dobrotino,42,41.3736111,21.935
mk,dobroven,02,40.95,21.6166667
mk,dobrovnica,52,42.2772222,22.3238889
mk,dobrovo,69,41.4833333,22.15
mk,dobrusevo,26,41.1686111,21.4825
mk,dodenska maala,97,42.2833333,21.9236111
mk,doerane,96,41.1875,22.7208333
mk,dojakova maala,85,42.2363889,22.2061111
mk,dojcinovci,52,42.2913889,22.3144444
mk,dolani,98,41.6936111,22.2019444
mk,dolenci,14,41.0838889,21.155
mk,dolenci,93,41.3152778,21.0975
mk,dolenci,c1,41.6277778,21.0152778
mk,dolgaec,09,41.5352778,21.3755556
mk,dolinarci,52,42.3213889,22.2638889
mk,doljna krusija,63,41.5941667,21.1447222
mk,dolna banjica,27,41.7861111,20.9061111
mk,dolna bela crkva,86,41.0375,21.0308333
mk,dolna belica,89,41.6816667,21.2786111
mk,dolna belica,b2,41.2133333,20.635
mk,dolna bosava,49,41.295,22.1063889
mk,dolna carlija,a7,41.1405556,21.4388889
mk,dolna djonovica,94,41.7169444,20.9038889
mk,dolna kuklica,85,42.1086111,22.0380556
mk,dolna lesnica,c3,41.9566667,21.0602778
mk,dolna maala,28,41.4713889,21.4569444
mk,dolna maala,52,42.285,22.3597222
mk,dolna maala,77,41.6127778,21.0397222
mk,dolna maala,97,42.2547222,21.9008333
mk,dolna maala,a5,42.0580556,21.0308333
mk,dolna maala,b4,41.5013889,21.0377778
mk,dolna matka,90,41.9641667,21.3008333
mk,dolna strogomista,c1,41.5927778,20.9730556
mk,dolna vrasnica,84,41.5880556,22.3402778
mk,dolneni,28,41.4252778,21.4547222
mk,dolne sredorece,03,41.295,20.845
mk,dolni balvan,40,41.8058333,22.2033333
mk,dolni celopek,12,41.9383333,21.0083333
mk,dolni ciflik,25,41.4022222,22.2413889
mk,dolni disan,69,41.4283333,22.0955556
mk,dolni dlapin dol,c1,41.5683333,20.9552778
mk,dolni grcec,90,41.9880556,21.3302778
mk,dolni lipovik,47,41.5041667,22.4569444
mk,dolni manastirec,89,41.6269444,21.2105556
mk,dolni nerezi,41,41.9975,21.3786111
mk,dolni podlog,46,41.8880556,22.3813889
mk,dolni prosovec,b7,41.8502778,20.8386111
mk,dolni rades,47,41.5625,22.3541667
mk,dolni stubol,83,41.9991667,22.1205556
mk,dolno aglarci,a7,41.0925,21.4702778
mk,dolno auaance,a4,41.9683333,21.9577778
mk,dolno botuse,89,41.7244444,21.0972222
mk,dolno cicevo,87,41.5488889,21.8761111
mk,dolno crniliste,a4,41.8172222,21.9641667
mk,dolno dejkovec,c2,41.8102778,21.5977778
mk,dolno divjaci,54,41.3891667,21.1847222
mk,dolno dobrino,c2,41.7986111,21.6094444
mk,dolno dupeni,86,40.8755556,21.1197222
mk,dolno egri,02,40.9666667,21.5
mk,dolno gradsko,35,41.5722222,21.9627778
mk,dolno jabolciste,09,41.7263889,21.5147222
mk,dolno jelovce,b9,41.8027778,20.8355556
mk,dolno karaslari,b1,41.6886111,21.8375
mk,dolno kolicane,a2,41.8863889,21.4855556
mk,dolno konjare,79,41.9425,21.7088889
mk,dolno kosovrasti,21,41.5405556,20.5852778
mk,dolno krusje,86,41.1580556,20.9822222
mk,dolno lakocerej,50,41.1588889,20.7955556
mk,dolno lisice,44,41.9575,21.5375
mk,dolno lukovo,61,41.3494444,20.6047222
mk,dolno lupste,89,41.6769444,21.155
mk,(( dolno maalo tazevo )),89,41.7180556,21.2497222
mk,dolno melinicani,21,41.5158333,20.5736111
mk,dolno nerezi,61,41.3397222,20.6033333
mk,dolno orasje,38,42.1019444,21.16
mk,dolno orehovo,a7,41.0644444,21.5619444
mk,dolno oreovec,80,41.4916667,21.1325
mk,dolno orizari,06,41.0502778,21.3794444
mk,dolno orizari,b1,41.6741667,21.7488889
mk,dolno palciste,39,41.9680556,20.9261111
mk,dolno perovo,86,41.0141667,20.9894444
mk,dolno sedlarce,12,41.9680556,20.9694444
mk,dolno solnje,92,41.94,21.3777778
mk,dolno srpci,a7,41.1741667,21.3652778
mk,dolno strbovo,86,40.9261111,21.1025
mk,(( dolno sveto race )),b4,41.5275,21.0702778
mk,dolno svilare,48,42.0286111,21.2855556
mk,dolno tatesi,23,41.2586111,20.6891667
mk,(( dolno trlo )),37,41.4719444,21.7808333
mk,dolno trogerci,40,41.8383333,22.1719444
mk,dolno vranovci,37,41.5880556,21.7044444
mk,dolno zitose,c4,41.4147222,21.3008333
mk,dolno zrkle,89,41.6677778,21.1616667
mk,donja dusogubica,30,41.5,20.8166667
mk,donje macevo,04,41.7486111,22.7947222
mk,dorfulija,60,41.765,21.8930556
mk,dorlobos,a1,41.3386111,22.6683333
mk,dorutli,96,41.2933333,22.6777778
mk,dovezence,45,42.1019444,21.9075
mk,drac,c5,41.9644444,22.2222222
mk,draceve,a2,41.9366667,21.5216667
mk,dracevica,25,41.3497222,22.1961111
mk,dracevica,92,41.8816667,21.4416667
mk,dradnja,42,41.3955556,21.9061111
mk,dragarine,56,41.0972222,21.3091667
mk,dragobrasta,07,41.8972222,22.5994444
mk,dragodol,63,41.6025,21.2180556
mk,dragoevo,98,41.6733333,22.1330556
mk,dragomanc,97,42.2230556,21.8644444
mk,dragos,05,40.8833333,21.35
mk,dragozani,56,41.1108333,21.2927778
mk,dragozel,42,41.3230556,22.0172222
mk,dramca,22,42.0097222,22.7166667
mk,draslajca,99,41.2155556,20.6930556
mk,drazevo,72,41.3730556,22.9233333
mk,drenak,52,42.1325,22.3525
mk,drenak,61,41.3913889,20.5605556
mk,drenak,83,41.9675,22.1508333
mk,drenak,85,42.2011111,22.0308333
mk,dren,25,41.3666667,22.25
mk,dren,82,41.3297222,21.7788889
mk,drenje,52,42.2294444,22.3488889
mk,drenoec,28,41.4683333,21.5447222
mk,drenovo,15,41.7286111,21.5713889
mk,drenovo,42,41.4194444,21.89
mk,drenovo,63,41.4652778,21.2372222
mk,drevenik,24,41.2005556,21.2975
mk,dreveno,83,42.0075,22.2116667
mk,dreznica,a2,41.9125,21.4669444
mk,drmeni,86,41.0330556,21.0
mk,drmos,a2,41.8141667,21.4758333
mk,drugovo,30,41.4841667,20.9233333
mk,drvendziska maala,52,42.1830556,22.2405556
mk,drviska maala,59,42.24,21.5655556
mk,drvos,11,41.5005556,22.7744444
mk,drzanci,84,41.6747222,22.5133333
mk,drzilovo,92,41.8508333,21.3477778
mk,duaanci,19,41.8791667,22.2377778
mk,duf,b9,41.7533333,20.7852778
mk,dukatino,81,41.5436111,22.5444444
mk,ðuleli,66,41.3666667,22.45
mk,dulica,62,41.9830556,22.5661111
mk,dulje,82,41.2575,21.6922222
mk,dumanovce,59,42.2122222,21.5427778
mk,dupjacani,28,41.4408333,21.5219444
mk,dupjani,b4,41.5416667,21.0725
mk,dupkarevi kolibi,b5,41.1747222,21.9194444
mk,duracka reka,52,42.1838889,22.36
mk,durcica maala,52,42.2591667,22.3752778
mk,durska maala,59,42.2166667,21.5155556
mk,durutli,81,41.6666667,22.5666667
mk,dusanovac,01,41.9991667,21.495
mk,duskovci,c1,41.5736111,20.9338889
mk,dvorce,38,42.0983333,21.1691667
mk,dvorci,80,41.4647222,21.0927778
mk,dvoriste,04,41.5861111,22.9194444
mk,dvoriste,35,41.5783333,21.8361111
mk,dzadovci,22,41.8616667,22.79
mk,dzadurci,52,42.2688889,22.2858333
mk,dzebin,23,41.2477778,20.7380556
mk,dzepciste,31,42.0327778,21.0
mk,dzepista,21,41.4427778,20.5327778
mk,dzidimirce,a4,41.8958333,21.7911111
mk,dzidimirci,69,41.5505556,22.0569444
mk,dzumabos,96,41.2980556,22.6802778
mk,dzuma,c1,41.6013889,20.9352778
mk,dzumajlija,60,41.7838889,21.9055556
mk,dzvan,93,41.2877778,21.1208333
mk,dzvegor,22,41.9666667,22.8083333
mk,edinakovce,24,41.2613889,21.2469444
mk,ednokucevo,11,41.4322222,22.7330556
mk,edrenikovo,a9,41.5055556,22.5875
mk,ehloec,30,41.4597222,20.7658333
mk,elevci,61,41.4205556,20.6233333
mk,elovec,15,41.6461111,21.6541667
mk,elovo,92,41.8413889,21.3708333
mk,emirica,51,42.0827778,22.3125
mk,emrulovci,b4,41.5372222,21.0019444
mk,enesevo,35,41.635,22.0202778
mk,ercevis,64,41.7483333,20.7780556
mk,erdzela,a4,41.8352778,22.0355556
mk,erekovci,26,41.2127778,21.4830556
mk,evla,61,41.4261111,20.6102778
mk,evla,86,41.075,20.9561111
mk,ezerani,86,41.0280556,21.0222222
mk,falise,12,41.98,21.005
mk,faris,87,41.4530556,21.8011111
mk,faskovci,c1,41.5725,20.94
mk,fera maala,20,42.1472222,21.3394444
mk,filipovci,51,42.0602778,22.0863889
mk,forino,16,41.8241667,20.9625
mk,frangovo,99,41.1452778,20.6230556
mk,frtok,94,41.7419444,21.0044444
mk,furka,08,41.2405556,22.6133333
mk,gabalavci,56,41.1341667,21.2408333
mk,gabar,52,42.2538889,22.2625
mk,gabres,47,41.5644444,22.3791667
mk,gabres,66,41.2855556,22.4019444
mk,gabres,75,42.0086111,21.8569444
mk,gabrovnik,09,41.5263889,21.4955556
mk,gabrovo,22,41.9888889,22.7980556
mk,gabrovo,72,41.3763889,22.7952778
mk,gaire,21,41.5008333,20.6827778
mk,gajranci,19,41.8944444,22.1780556
mk,gajre,a6,42.0125,20.9444444
mk,galata,b7,41.8408333,20.8783333
mk,galicani,26,41.305,21.4783333
mk,galicnik,88,41.5941667,20.6533333
mk,galiste,42,41.3211111,21.8638889
mk,garani,b4,41.5375,21.0208333
mk,garesnica,c1,41.575,20.9313889
mk,garnikovo,42,41.3347222,22.0380556
mk,garvan,47,41.5588889,22.2908333
mk,garvanica,52,42.2883333,22.2872222
mk,gecerli,11,41.4844444,22.7127778
mk,germijan,02,40.9166667,21.5333333
mk,ginovce,85,42.1880556,22.1566667
mk,glavinci maala,52,42.2516667,22.4072222
mk,glavovica,62,42.0402778,22.4880556
mk,glaznja,59,42.1838889,21.5425
mk,glecenska maala,97,42.2911111,21.9294444
mk,glincarci,52,42.2672222,22.3016667
mk,glisic,42,41.4497222,22.0236111
mk,gloae,a5,42.0902778,21.0638889
mk,globocica,61,41.3169444,20.6427778
mk,glumovo,90,41.9797222,21.3044444
mk,gluvo,20,42.0861111,21.3980556
mk,gneotina,71,40.9833333,21.4833333
mk,gniles,02,41.0127778,21.5858333
mk,godivije,03,41.4016667,20.7905556
mk,godivje,c4,41.3686111,21.3175
mk,golema crcorija,52,42.3111111,22.3305556
mk,golema recica,a6,41.9902778,20.9458333
mk,golem gaber,98,41.7513889,22.3047222
mk,(( golemi bigor dolenci )),b4,41.5030556,21.0075
mk,golemi gar,52,42.3480556,22.2719444
mk,golemi radobil,42,41.3786111,21.8069444
mk,golemi vrv,52,42.2661111,22.3541667
mk,golemo crsko,b6,41.3994444,20.9944444
mk,golemo ilino,b6,41.3166667,21.0083333
mk,golemo kojnari,28,41.3430556,21.4402778
mk,golem papradink,21,41.4766667,20.5444444
mk,goli rid,97,42.3275,21.9511111
mk,golozinci,15,41.6427778,21.6286111
mk,golujska maala,52,42.3116667,22.3316667
mk,gopes,86,41.12,21.1219444
mk,gorabinc,a4,41.8747222,21.8769444
mk,goracino,98,41.6411111,22.2783333
mk,(( gorance )),46,41.9630556,22.4086111
mk,gorenci,21,41.5005556,20.5575
mk,gorenci,65,41.1902778,20.7575
mk,gorjane,70,41.8977778,20.8813889
mk,gorjani,20,42.1102778,21.3794444
mk,gorna banjica,27,41.78,20.8925
mk,gorna bela crkva,86,41.0502778,21.0280556
mk,gorna belica,b3,41.2238889,20.5544444
mk,gorna bosava,49,41.2833333,22.1077778
mk,gorna carlija,a7,41.1527778,21.4336111
mk,gorna ðonovica,94,41.7086111,20.9080556
mk,gorna lesnica,c3,41.9280556,21.0633333
mk,gorna maala,14,41.0938889,21.1905556
mk,gorna maala,66,41.3477778,22.4683333
mk,gorna maala,77,41.6213889,21.0522222
mk,gorna maala,97,42.2666667,21.9130556
mk,gorna maala,b4,41.5316667,21.0941667
mk,gorna radusa,38,42.0891667,21.2097222
mk,gorna reka,89,41.7583333,21.1038889
mk,gorna strogomista,c1,41.6061111,20.9655556
mk,gorna vrasnica,84,41.5977778,22.3544444
mk,gorne sredorece,03,41.3005556,20.8525
mk,gorni balvan,40,41.8419444,22.1991667
mk,gorni celopek,12,41.9233333,21.0211111
mk,gornicet,33,41.1536111,22.4469444
mk,gorni disan,42,41.3933333,22.1077778
mk,(( gorni grcec )),90,41.9716667,21.335
mk,gorni lipovik,47,41.5113889,22.4930556
mk,gorni manastirec,89,41.6222222,21.1888889
mk,gorni nerezi,41,41.9788889,21.3733333
mk,gorni stubol,83,42.0113889,22.0997222
mk,gornja krusija,63,41.5825,21.1311111
mk,gornja maala,85,42.2888889,22.1838889
mk,gornje cicevo,87,41.5533333,21.8616667
mk,gornje jabolciste,09,41.7225,21.4858333
mk,gornje kolicane,a2,41.88,21.4719444
mk,gornje kratovo,51,42.0927778,22.2080556
mk,gornje lisicje,44,41.9672222,21.4869444
mk,gornje orizare,a3,42.06,21.4091667
mk,gornji-celtiki,b1,41.6858333,21.7336111
mk,gornji sedlarci,39,41.9366667,20.9444444
mk,gornji vranovci,15,41.6805556,21.5544444
mk,gorno aglarci,71,41.0847222,21.4763889
mk,gorno auaance,a4,41.9936111,21.9852778
mk,gorno barbarevo,83,41.9936111,22.0702778
mk,gorno botuse,89,41.7122222,21.0733333
mk,gorno crniliste,a4,41.8180556,21.9555556
mk,gorno divjaci,54,41.4155556,21.1730556
mk,gorno dobrenoec,30,41.5086111,20.8883333
mk,gorno dobrino,c2,41.7761111,21.5919444
mk,gorno dupeni,86,41.0622222,20.9752778
mk,gorno egri,05,40.95,21.4666667
mk,gorno jacince,45,42.0961111,21.8830556
mk,gorno jelovce,b9,41.8072222,20.7897222
mk,gorno karaslari,b1,41.6961111,21.8363889
mk,gorno kojnare,79,41.9758333,21.7216667
mk,gorno konjare,57,42.1816667,21.7275
mk,gorno kosovrasti,21,41.5480556,20.5758333
mk,gorno lakocerej,50,41.1686111,20.805
mk,gorno lupste,89,41.6586111,21.1308333
mk,(( gorno maalo tazevo )),89,41.725,21.2513889
mk,gorno melnicane,21,41.5188889,20.5880556
mk,gorno oreovec,80,41.4980556,21.1294444
mk,gorno orizari,06,41.0511111,21.3469444
mk,gorno palciste,39,41.9797222,20.9213889
mk,gorno selo,28,41.4208333,21.5338889
mk,gorno solnje,92,41.9480556,21.3847222
mk,gorno srpci,14,41.0861111,21.2113889
mk,gorno strbovo,86,40.9327778,21.1116667
mk,(( gorno sveto race )),b4,41.5322222,21.075
mk,gorno svilare,48,42.0441667,21.2791667
mk,gorno tates,23,41.2602778,20.6772222
mk,gorno trogerci,40,41.8577778,22.17
mk,gorogleda,92,41.8669444,21.3688889
mk,gosince,59,42.2261111,21.5058333
mk,gostirazna,09,41.5541667,21.4308333
mk,gostivar,34,41.7972222,20.9083333
mk,govarljevo,92,41.9327778,21.3438889
mk,goveaak,52,42.3330556,22.2372222
mk,gracane,20,42.0883333,21.2930556
mk,gradac,52,42.2083333,22.2916667
mk,gradec,07,41.8480556,22.5094444
mk,gradec,66,41.3791667,22.4013889
mk,gradec,70,41.8961111,20.9041667
mk,gradesnica,95,41.085,21.7633333
mk,gradiste,24,41.2377778,21.2205556
mk,gradiste,75,42.0230556,21.8877778
mk,gradmance,79,41.8988889,21.7233333
mk,gradosorci,a9,41.4825,22.6269444
mk,gradovci,c2,41.8486111,21.5794444
mk,gradski baldovci,a1,41.4236111,22.6630556
mk,graesnica,05,40.9,21.35
mk,grbavec,42,41.3841667,21.8744444
mk,grciste,66,41.2569444,22.4986111
mk,grdovci,c6,41.8808333,22.4191667
mk,grekaj,64,41.7241667,20.5844444
mk,gresnica,63,41.5619444,21.1902778
mk,grgurnica,16,41.8458333,21.1027778
mk,grizilevci,51,42.0377778,22.1466667
mk,grko pole,03,41.2902778,20.865
mk,grljane,62,41.9358333,22.6233333
mk,grncare,86,41.0172222,21.0533333
mk,grnciste,b1,41.6236111,21.8211111
mk,gruinska maala,52,42.2172222,22.2786111
mk,grumazi,a7,41.0438889,21.5844444
mk,grunista,95,41.0519444,21.695
mk,grupcin,c3,41.9677778,21.1302778
mk,grusince,01,42.0608333,21.6205556
mk,guaakovo,b5,41.2836111,21.7977778
mk,gujnovci,19,41.8919444,22.1988889
mk,gulince,85,42.2241667,22.0613889
mk,gumalevo,c2,41.8347222,21.6019444
mk,guvniste,97,42.335,21.9466667
mk,hadzi amzali,98,41.6827778,22.0361111
mk,hadzi redzepli,98,41.6372222,22.1375
mk,hadzi sejdeli,98,41.6413889,22.0802778
mk,hajdar,20,42.2338889,21.4091667
mk,hamzali,11,41.4897222,22.7430556
mk,han mavrovo,64,41.7005556,20.7555556
mk,hrani,86,40.9394444,21.1086111
mk,hrankovce,85,42.1819444,22.1227778
mk,hristifor,05,40.9833333,21.35
mk,(( hudaverli )),81,41.6563889,22.5575
mk,huma,33,41.1516667,22.3275
mk,iberli,25,41.4480556,22.2886111
mk,ibraimovo,79,41.9388889,21.615
mk,idrizovo,79,41.9608333,21.5755556
mk,ilijevo,62,41.9819444,22.6386111
mk,ilino,86,41.15,20.9588889
mk,ilovica,11,41.4705556,22.7986111
mk,imerovci,b4,41.5408333,21.0033333
mk,ince,89,41.6416667,21.1847222
mk,indzikovo,01,42.0041667,21.5172222
mk,inevo,84,41.6102778,22.4241667
mk,ishtib,98,41.7458333,22.1958333
mk,istevnik,22,41.8725,22.8561111
mk,istibanja,76,41.9297222,22.5025
mk,ivackovica,85,42.2938889,22.0508333
mk,ivancista,30,41.4619444,20.7916667
mk,ivanevci,a7,41.2063889,21.3588889
mk,ivankovac,60,41.8488889,21.8202778
mk,ivankovac,97,42.3191667,21.9772222
mk,iveni,95,41.0433333,21.6419444
mk,izbista,86,41.1316667,21.0047222
mk,izdeglavje,03,41.3363889,20.8266667
mk,iziste,80,41.4883333,21.0858333
mk,izlesevo,a8,41.3541667,22.5738889
mk,izvor,37,41.5547222,21.6972222
mk,izvor,59,42.2038889,21.5783333
mk,jablanica,61,41.3133333,20.5802778
mk,jablanica,c3,41.9247222,21.1458333
mk,jabolce,92,41.895,21.3308333
mk,jacimovo,76,41.9,22.5122222
mk,jagmurlar,60,41.7338889,22.0394444
mk,jagol,c1,41.6277778,21.0055556
mk,jakrenovo,c4,41.4475,21.2597222
mk,jamiste,51,42.0577778,22.2866667
mk,jance,88,41.5869444,20.6283333
mk,jancevci,52,42.2133333,22.4386111
mk,jancishte,38,42.0533333,21.1144444
mk,jankoec,86,41.1102778,21.0113889
mk,jankovci,52,42.3316667,22.2705556
mk,jargulica,81,41.5877778,22.5619444
mk,jasarska maala,59,42.2283333,21.5675
mk,jastrebnik,76,42.0047222,22.4147222
mk,javorec,30,41.5194444,20.8791667
mk,jazince,b8,42.1644444,21.1761111
mk,jedcarce,31,42.0472222,21.0011111
mk,jegunovce,38,42.0736111,21.1236111
mk,jelosnik,a5,42.1008333,21.0569444
mk,jelovjane,39,41.9594444,20.8969444
mk,jenikej,72,41.4138889,22.8811111
mk,josifovo,66,41.3316667,22.4752778
mk,jovanovska maala,85,42.2830556,22.2186111
mk,judovo,30,41.4444444,20.8733333
mk,junuzlija,40,41.7747222,22.3519444
mk,jurumleri,36,41.9672222,21.5569444
mk,kacarci,85,42.3266667,22.2144444
mk,kadino,79,41.9688889,21.6013889
mk,kadino selo,26,41.3066667,21.4597222
mk,kadrifakovo,a4,41.8102778,22.045
mk,kajganci,52,42.12,22.33
mk,kalajnevo,47,41.5055556,22.2644444
mk,kalapetrovci,98,41.7052778,22.3102778
mk,kalauzlija,40,41.7852778,22.3333333
mk,kalauzlija,84,41.67,22.4936111
mk,kalaverci,97,42.28,21.8591667
mk,kalderjac,a2,41.8319444,21.4583333
mk,kaleinci,52,42.2594444,22.2658333
mk,kalendziovci,b4,41.5330556,21.0147222
mk,kalen,82,41.2566667,21.6452778
mk,kalesovci,77,41.6227778,21.0597222
mk,kalimanci,62,41.9622222,22.6269444
mk,kalista,99,41.1536111,20.6494444
mk,kaliste,70,41.8769444,20.8580556
mk,kalkandelen,a6,42.0105556,20.9713889
mk,kalkovo,66,41.3430556,22.5
mk,kaluaerec,89,41.6608333,21.2411111
mk,kaluaerica,81,41.5722222,22.5155556
mk,kamen do,87,41.4791667,21.8930556
mk,kamenica,62,42.02,22.5919444
mk,kamenjane,39,41.9444444,20.9266667
mk,kanarevo,97,42.1866667,21.9191667
mk,kanatlarci,26,41.2102778,21.5033333
mk,kaorivetm maala,59,42.1822222,21.5119444
mk,kapetanska maala,07,41.9169444,22.5908333
mk,kapina,89,41.8166667,21.2177778
mk,kapinivo,09,41.625,21.4594444
mk,karabicane,97,42.2288889,21.7413889
mk,karabinci,40,41.8166667,22.2375
mk,karabuniste,c2,41.8097222,21.6536111
mk,karadzali,60,41.7794444,21.9008333
mk,karamancani,52,42.3155556,22.28
mk,karamani,06,41.0647222,21.3938889
mk,karatmanovo,60,41.7625,21.8686111
mk,karbunica,b6,41.4644444,20.9780556
mk,karlovce,97,42.2647222,21.8777778
mk,karpos dva,41,42.0027778,21.4080556
mk,karpos,43,41.5052778,20.9633333
mk,katlanove,79,41.8944444,21.6830556
mk,katlanovska susica,75,41.9577778,21.7802778
mk,kavadarci,42,41.4330556,22.0119444
mk,kavrak,51,42.1172222,22.2852778
mk,kazandol,a8,41.2761111,22.5730556
mk,kazani,14,41.0652778,21.1472222
mk,kestenjar,21,41.5161111,20.4591667
mk,ketenovo,51,42.0983333,22.0755556
mk,kicevo,43,41.5144444,20.9633333
mk,kicinica,64,41.6927778,20.7236111
mk,kienovac,30,41.4775,20.8086111
mk,kilisseli,a4,41.865,21.9427778
mk,kimcinci,97,42.2716667,21.8605556
mk,kisava,86,40.8833333,21.3166667
mk,(( kisela voda )),44,41.9488889,21.5027778
mk,kiselica,22,42.0166667,22.7666667
mk,kiselica,52,42.2611111,22.35
mk,kisino,60,41.7086111,21.9122222
mk,kitanci,97,42.2802778,21.8688889
mk,klacovce,45,42.1161111,21.8572222
mk,kladnik,b6,41.4405556,20.9722222
mk,klepac,a7,41.2044444,21.4602778
mk,klimestani,65,41.2561111,20.7672222
mk,klin,b5,41.2375,21.9486111
mk,klisura,25,41.3825,22.2875
mk,klisura,85,42.2825,22.1186111
mk,klisurska maala,85,42.215,22.2147222
mk,kljucka maala,20,42.2172222,21.3630556
mk,klukovec,b1,41.7,21.6908333
mk,kmetovska maala,97,42.2872222,21.8819444
mk,kneze,a4,41.8475,21.9052778
mk,knezevo,52,42.1166667,22.3
mk,knezino,43,41.5219444,20.9161111
mk,kocane,46,41.9163889,22.4127778
mk,kocanik,76,42.0311111,22.435
mk,kocilare,b1,41.665,21.8625
mk,kocishta,21,41.4627778,20.5913889
mk,kocista,54,41.3444444,21.1725
mk,koculi,a1,41.3122222,22.6966667
mk,kodzadzik,21,41.4452778,20.6019444
mk,kodzalija,84,41.6894444,22.4202778
mk,koince,97,42.2508333,21.8588889
mk,kojcevi kolibi,b5,41.1813889,21.9297222
mk,kojkovo,51,42.0838889,22.2797222
mk,kojnara,21,41.5230556,20.4811111
mk,kojsko,74,41.05,20.8136111
mk,kokino,97,42.2605556,21.9422222
mk,kokosinje,45,42.0130556,21.9663889
mk,kokre,82,41.2913889,21.6302778
mk,kolari,c1,41.6352778,20.9141667
mk,kolcaci,97,42.305,21.8561111
mk,kolesino,72,41.3833333,22.8166667
mk,kolibari,77,41.5722222,20.9625
mk,kolicko,75,42.0172222,21.8158333
mk,kolipska maala,52,42.3308333,22.2936111
mk,koloverska maala,94,41.7227778,20.9983333
mk,konca,47,41.4958333,22.385
mk,kondovo,48,42.0116667,21.3136111
mk,konjsko,33,41.1858333,22.3263889
mk,konjsko,86,40.9,20.9833333
mk,konjuh,45,42.0813889,21.9597222
mk,konopiste,49,41.2472222,22.0772222
mk,konopnica,52,42.1775,22.2891667
mk,kopacin dol,c3,41.9594444,21.1386111
mk,kopance,38,42.0480556,21.1377778
mk,kopanica,48,42.0077778,21.2380556
mk,koprisnica,25,41.3383333,22.2536111
mk,koprulu,b1,41.7155556,21.7755556
mk,korenica,53,41.3561111,21.3252778
mk,koresnica,25,41.4347222,22.2372222
mk,korito,16,41.8058333,21.0266667
mk,korosista,65,41.2491667,20.7486111
mk,kosani,42,41.3561111,22.0152778
mk,kosarci,85,42.2241667,22.2066667
mk,kosare,52,42.2002778,22.3525
mk,kosarka,25,41.4336111,22.3172222
mk,koselj,50,41.1744444,20.8355556
mk,kosevo,84,41.7033333,22.3475
mk,kosino,c4,41.4686111,21.29
mk,kosmatac,45,42.0713889,21.8769444
mk,kosovo,89,41.7286111,21.1338889
mk,kostinci,28,41.5016667,21.4069444
mk,kostin dol,62,42.0577778,22.6569444
mk,kostin dol,76,42.02,22.4508333
mk,kostrum,a8,41.3572222,22.6094444
mk,kostur,52,42.2047222,22.4352778
mk,kovacevicevac,a4,41.8225,21.9844444
mk,kovac,89,41.6791667,21.1322222
mk,kovanci,66,41.2236111,22.4205556
mk,kovce,89,41.6625,21.1730556
mk,kozbunar,84,41.7266667,22.4722222
mk,kozica,b6,41.4197222,20.9333333
mk,kozicino,b4,41.5327778,21.0897222
mk,kozjak,40,41.8086111,22.2738889
mk,kozjak,86,41.0586111,21.0430556
mk,kozjak,97,42.2888889,21.9027778
mk,kozle,c2,41.8405556,21.6822222
mk,krajnici,37,41.5708333,21.7780556
mk,krakornica,64,41.7561111,20.6938889
mk,krapa,63,41.5522222,21.31
mk,kratova,51,42.0791667,22.1813889
mk,kremenica,02,40.9166667,21.4666667
mk,krgujci,97,42.2727778,21.8586111
mk,krilatica,85,42.1211111,22.1058333
mk,kriva krusa,15,41.6,21.6238889
mk,kriva palanka,52,42.2019444,22.3319444
mk,krivci,21,41.5438889,20.5247222
mk,kriveni,86,41.1402778,21.0238889
mk,krivi do,98,41.7872222,22.105
mk,krivi kamen,85,42.2375,22.1391667
mk,krivi vrt,85,42.2936111,22.1272222
mk,krivogastane,53,41.3361111,21.3330556
mk,krivolak,69,41.5272222,22.1208333
mk,krklino,56,41.0738889,21.3288889
mk,krklja,52,42.2138889,22.3941667
mk,krmalnik,62,41.9808333,22.6125
mk,krnino,37,41.5208333,21.7783333
mk,krnjevo,49,41.3075,22.1266667
mk,krsje,85,42.2969444,22.0994444
mk,krsla,07,41.9155556,22.5636111
mk,krstec,82,41.4044444,21.6711111
mk,krstinci,85,42.2788889,22.0327778
mk,krstov do,52,42.3033333,22.2997222
mk,krstovska maala,52,42.2255556,22.2708333
mk,krupiste,40,41.8419444,22.2497222
mk,krusa,79,41.8777778,21.7663889
mk,krusa,a2,41.815,21.4541667
mk,kruseani,53,41.3116667,21.3497222
mk,kruseica,a7,41.2072222,21.6516667
mk,krusevica,87,41.5330556,21.8827778
mk,krusevo,07,41.895,22.6222222
mk,krusevo,54,41.3688889,21.2488889
mk,krusica,a4,41.9152778,21.8236111
mk,krusica,b4,41.5244444,21.0516667
mk,krusopek,90,41.9783333,21.3544444
mk,ksane,45,42.0288889,21.9430556
mk,kucevishte,20,42.1097222,21.4180556
mk,kucica,84,41.7422222,22.3816667
mk,kucicino,19,41.845,22.3175
mk,kucilat,40,41.7833333,22.3166667
mk,kuckarevo,75,42.0344444,21.8605556
mk,kuckove,48,42.0569444,21.305
mk,kudino,83,42.0233333,22.1461111
mk,kuklis,55,41.4052778,22.6652778
mk,kukovo,83,41.9313889,22.1066667
mk,kukurecani,56,41.0955556,21.3255556
mk,kularska maala,52,42.2436111,22.3861111
mk,kumanicevo,49,41.2836111,21.9947222
mk,kumanove,57,42.1322222,21.7144444
mk,kumarino,b1,41.7772222,21.8180556
mk,kunovo,51,42.0697222,22.2488889
mk,kunovo,94,41.7422222,20.9533333
mk,kurasita,65,41.2422222,20.8905556
mk,kurbinovo,86,40.9852778,21.0686111
mk,kurfalija,40,41.7608333,22.3236111
mk,kuridere,b1,41.6866667,21.8797222
mk,kurija,87,41.5263889,22.0169444
mk,kurtamzali,96,41.2955556,22.6944444
mk,kuskulija,81,41.6166667,22.6333333
mk,kutlesevo,28,41.4077778,21.4138889
mk,kutlibeg,45,42.0544444,21.9061111
mk,kutretino,24,41.2088889,21.2141667
mk,labunista,58,41.2686111,20.5961111
mk,lafce,a6,42.0255556,20.9561111
mk,lag,89,41.6333333,21.2322222
mk,lahci,06,41.0147222,21.3025
mk,lakaica,61,41.325,20.5330556
mk,lakavica,27,41.7463889,20.9236111
mk,lakavica,98,41.64,22.2330556
mk,laki,07,41.7969444,22.6694444
mk,laktinje,03,41.3875,20.7963889
mk,lanistarci,97,42.2652778,21.9425
mk,larce,c3,41.9347222,21.1255556
mk,laskarce,c3,41.9719444,21.2088889
mk,latovo,63,41.4883333,21.1691667
mk,lavcani,30,41.4858333,20.8672222
mk,lavci,86,41.0452778,20.9544444
mk,lazac,05,40.9166667,21.3833333
mk,lazani,b2,41.2272222,20.6758333
mk,lazani,c4,41.4422222,21.3158333
mk,lazaropole,21,41.5361111,20.6938889
mk,lazarovci,b4,41.5347222,20.9955556
mk,lenista,82,41.3602778,21.6230556
mk,leniste,92,41.8436111,21.4083333
mk,lepepelci,19,41.9022222,22.2111111
mk,lera,14,41.1016667,21.1727778
mk,lesak,a5,42.0638889,21.0327778
mk,lesane,03,41.2777778,20.8605556
mk,leska,46,41.9772222,22.3769444
mk,leska,c6,41.8675,22.4811111
mk,leskoec,50,41.1502778,20.8280556
mk,leskoec,86,40.95,20.8833333
mk,leskovica,98,41.5958333,22.2438889
mk,leskovo,24,41.2219444,21.1205556
mk,lesnica,b9,41.7986111,20.8591667
mk,lesnica,c1,41.5713889,20.9091667
mk,lesnovo,c5,42.0127778,22.23
mk,letevce,c2,41.8494444,21.7041667
mk,leunovo,64,41.695,20.7977778
mk,leva reka,86,41.1586111,21.0061111
mk,lezovo,19,41.9183333,22.1830556
mk,lingorovci,52,42.2933333,22.3772222
mk,lioista,50,41.2016667,20.8130556
mk,lipac,07,41.8416667,22.5527778
mk,(( lipa )),25,41.4780556,22.2466667
mk,lipkove,59,42.1563889,21.5852778
mk,lipov dol,98,41.7072222,22.2455556
mk,(( lisac )),07,41.7855556,22.5119444
mk,lisac,91,42.0033333,20.9241667
mk,lisicani,b6,41.4613889,21.0544444
mk,lisice,15,41.6755556,21.6083333
mk,lisicka maala,52,42.2691667,22.3088889
mk,lisje brdo,76,42.035,22.4033333
mk,lisolaj,56,41.1486111,21.3022222
mk,livada,23,41.2316667,20.7244444
mk,ljubance,20,42.1086111,21.4547222
mk,ljubanista,86,40.9166667,20.7833333
mk,ljubodrag,57,42.1180556,21.6611111
mk,ljubojna,86,40.8941667,21.1408333
mk,ljuboten,20,42.0975,21.4716667
mk,ljuboten,98,41.6694444,22.2433333
mk,ljucovska maala,20,42.1305556,21.3327778
mk,llojan,59,42.2333333,21.665
mk,lokov,61,41.3661111,20.6483333
mk,lokveni,c4,41.3991667,21.3083333
mk,lokvica,63,41.5752778,21.2758333
mk,lomnica,70,41.8952778,20.8327778
mk,lopate,57,42.1486111,21.6641667
mk,lopatica,24,41.1594444,21.2538889
mk,lopatica,a7,41.1797222,21.5958333
mk,loznani,a7,41.2077778,21.4038889
mk,lubnica,47,41.5016667,22.3658333
mk,lugunce,60,41.8347222,21.7794444
mk,lukarci,45,42.1605556,21.9111111
mk,lukar maalo,59,42.2325,21.5016667
mk,luke,52,42.3236111,22.2833333
mk,lukovica,62,42.0211111,22.6158333
mk,lukovica,c3,41.8888889,21.1558333
mk,lukovo,51,42.0477778,22.2444444
mk,lusanjanska mala,20,42.1280556,21.3347222
mk,maaka kosarica,52,42.1516667,22.2758333
mk,maala dzine,c2,41.8216667,21.5458333
mk,maala grazdanci,52,42.1630556,22.2755556
mk,maalo,89,41.6247222,21.1886111
mk,madric,61,41.3669444,20.5722222
mk,magarevo,14,41.0425,21.2369444
mk,maglence,97,42.3383333,21.9477778
mk,magostin,97,42.2844444,21.9277778
mk,majmarkova maala,85,42.1958333,22.2069444
mk,majstorovci,97,42.26,21.9466667
mk,makovo,a7,41.1186111,21.6094444
mk,makresh,97,42.1791667,21.8802778
mk,makres,a4,41.9675,22.0188889
mk,makrijevo,72,41.375,22.8386111
mk,maksimci,07,41.8980556,22.6544444
mk,mala crcorija,52,42.2913889,22.3511111
mk,mala recica,a6,41.9925,20.9577778
mk,mala reka,a2,41.8002778,21.4641667
mk,malciste,92,41.8794444,21.3908333
mk,malcovska maala,52,42.2513889,22.2594444
mk,malecka maala,52,42.2841667,22.3455556
mk,maleckanci,52,42.2713889,22.3569444
mk,male turcane,34,41.7866667,20.9358333
mk,mal gaber,98,41.7475,22.3147222
mk,malina maala,59,42.2216667,21.4744444
mk,malino,a4,41.9494444,21.8441667
mk,mali papradnik,21,41.4716667,20.5466667
mk,mali-preovci,21,41.4708333,20.5711111
mk,mali radobili,42,41.3730556,21.7980556
mk,mali vlaj,99,41.1191667,20.6155556
mk,maljok maalo,59,42.2122222,21.5197222
mk,malo crsko,b6,41.4027778,21.0016667
mk,malo ilino,93,41.2975,21.0369444
mk,malo kojnari,82,41.3366667,21.4636111
mk,malo mramorani,28,41.4138889,21.4875
mk,malo ruvci,26,41.2619444,21.5161111
mk,malovista,86,41.0330556,21.1305556
mk,malovolci,52,42.2436111,22.2711111
mk,mamucilar,60,41.7886111,21.8294444
mk,mamudovci,b4,41.5313889,20.9855556
mk,manastirci,87,41.4880556,21.9447222
mk,manastir dolenci,30,41.4719444,20.9455556
mk,(( manastirec )),89,41.6252778,21.2016667
mk,manastir,b5,41.1680556,21.7283333
mk,manilci,62,41.9516667,22.6194444
mk,marcino,83,42.025,22.1761111
mk,marena,42,41.4663889,22.0277778
mk,margare,63,41.5369444,21.3644444
mk,marinkovci,52,42.3430556,22.2755556
mk,marino,36,41.9930556,21.5911111
mk,markova susica,92,41.8988889,21.4080556
mk,markovci,63,41.5819444,21.1863889
mk,markov grad,82,41.3572222,21.5325
mk,martinica,52,42.1894444,22.3255556
mk,martinovce,97,42.2947222,21.9636111
mk,martinovci,97,42.2713889,21.8866667
mk,martolci,37,41.5672222,21.6538889
mk,marul,26,41.2288889,21.5480556
mk,marvinci,66,41.2833333,22.4980556
mk,maska,90,41.9691667,21.2861111
mk,maslan,59,42.1875,21.4875
mk,maslarci,52,42.3255556,22.3013889
mk,matejca,59,42.1255556,21.5977778
mk,mavrovo,64,41.6569444,20.7344444
mk,maznicka maala,52,42.2013889,22.2844444
mk,mazuciste,28,41.385,21.4986111
mk,meckovska maala,52,42.1855556,22.3011111
mk,meckuevci,a4,41.9177778,22.0630556
mk,medzedli,05,40.9333333,21.4333333
mk,meglenci,a7,41.0802778,21.5275
mk,melnica,15,41.6416667,21.59
mk,memesli,a8,41.3344444,22.6416667
mk,memisalar,20,42.2291667,21.3869444
mk,merovo,c3,41.9372222,21.175
mk,mershjevac,36,42.0175,21.6530556
mk,mescista,65,41.2386111,20.7766667
mk,mesnice,62,42.0666667,22.5833333
mk,metezevo,52,42.2816667,22.2277778
mk,metimer,86,41.1386111,21.145
mk,metovska maala,52,42.1761111,22.3605556
mk,mezefovica,91,42.035,20.9155556
mk,micac,84,41.75,22.4333333
mk,midimci,c1,41.6177778,20.9258333
mk,mikuljane,97,42.2169444,21.7997222
mk,milesevo,53,41.3088889,21.3127778
mk,mileskovo,66,41.2841667,22.4616667
mk,miletino,12,41.9075,21.0166667
mk,milevci,52,42.2313889,22.3016667
mk,milina,60,41.805,21.8705556
mk,milocovci,85,42.2302778,22.1877778
mk,milutince,85,42.1972222,22.1522222
mk,miokazi,b6,41.4836111,21.0522222
mk,miravci,66,41.3077778,22.435
mk,mirce acev,26,41.3188889,21.4233333
mk,mirdita,b9,41.7788889,20.8619444
mk,mirkovce,20,42.0944444,21.4063889
mk,misinci,52,42.3163889,22.2566667
mk,misinci,97,42.2794444,21.8422222
mk,mislesevo,99,41.185,20.7086111
mk,mislodezda,23,41.3,20.6933333
mk,mitkovska maala,52,42.2313889,22.26
mk,mitrasinci,07,41.7755556,22.7394444
mk,mitroj krsti,b9,41.7372222,20.8936111
mk,mitrovic,21,41.5583333,20.4966667
mk,mitrovska mahala,22,41.9977778,22.7269444
mk,mladenovska maala,52,42.2597222,22.3022222
mk,mlado nagoricane,97,42.1702778,21.8016667
mk,modriste,89,41.64,21.2436111
mk,mogila,67,41.1083333,21.3786111
mk,mogilec,89,41.6508333,21.2236111
mk,mogorce,21,41.5305556,20.6233333
mk,moin,33,41.1336111,22.455
mk,mojance,01,42.0475,21.5713889
mk,mojanci,73,41.8744444,22.3819444
mk,mojno,a7,41.1494444,21.5666667
mk,mokliste,42,41.3866667,22.0477778
mk,mokreni,09,41.5494444,21.5038889
mk,mokrino,72,41.3666667,22.85
mk,momin potok,41,42.0166667,21.4102778
mk,monospitovo,68,41.4155556,22.7536111
mk,morane,a2,41.9111111,21.55
mk,moran,37,41.5344444,21.6088889
mk,morista,99,41.2027778,20.7
mk,morodvis,c6,41.8488889,22.4152778
mk,mozdivjak,52,42.1577778,22.2538889
mk,mralino,79,41.9569444,21.6019444
mk,mramopec,03,41.3811111,20.8752778
mk,mrenoga,93,41.2566667,21.1075
mk,mrezicko,49,41.2077778,22.0022222
mk,mrzenci,33,41.1625,22.5072222
mk,mrzen,87,41.4833333,21.8533333
mk,mucoska-maala,c1,41.5797222,20.9330556
mk,mucovska mala,20,42.1252778,21.3297222
mk,muleza,94,41.7466667,20.9805556
mk,mulija,59,42.2233333,21.4636111
mk,mulijska maala,59,42.2022222,21.5058333
mk,murgasi,45,42.0722222,21.8991667
mk,muriz,59,42.2216667,21.4797222
mk,murtino,68,41.4152778,22.7266667
mk,musa oba,a7,41.1663889,21.5380556
mk,muskovo,51,42.0947222,22.25
mk,mustafino,a4,41.8391667,22.075
mk,mutalovo,97,42.2563889,21.7916667
mk,mutavcici,97,42.2708333,21.9802778
mk,nagorican i vjeter,97,42.1980556,21.8286111
mk,nakolec,86,40.8933333,21.1072222
mk,naovo,79,41.9386111,21.5794444
mk,naselba caska,15,41.6475,21.6922222
mk,naselba dracevo,44,41.9397222,21.5161111
mk,naselba novo selo,90,42.0177778,21.3561111
mk,naselba ohis,44,41.9538889,21.4861111
mk,nebojani,62,42.0580556,22.4613889
mk,nebregovo,28,41.4488889,21.5588889
mk,negorci,33,41.1836111,22.4847222
mk,negotin,69,41.4838889,22.0891667
mk,negotin,70,41.8786111,20.8838889
mk,negrenovci,47,41.55,22.45
mk,negrevo,78,41.7833333,22.9
mk,nemanci,a4,41.9175,22.0105556
mk,neokazi,83,41.9613889,22.1916667
mk,nerashte,b8,42.1066667,21.1088889
mk,nerav,85,42.2894444,22.1672222
mk,nezilovo,09,41.65,21.4533333
mk,nezilovo,51,42.115,22.2333333
mk,niciforovo,64,41.6758333,20.7758333
mk,nicpur,64,41.7438889,20.6736111
mk,nikistane,20,42.0672222,21.335
mk,nikodim,37,41.4433333,21.73
mk,nikolenci,52,42.2941667,22.225
mk,nikolici,96,41.2627778,22.7463889
mk,nikolinci,97,42.2580556,21.8194444
mk,nikoman,98,41.7308333,22.2905556
mk,nikostik,01,42.0805556,21.5797222
mk,nilolajci,45,42.1488889,21.9230556
mk,nistrovo,64,41.735,20.6361111
mk,nivicani,46,41.9552778,22.3375
mk,nivicino,a1,41.6,22.6747222
mk,nivishta,64,41.7305556,20.5913889
mk,nizepole,06,41.0111111,21.2458333
mk,nogaevci,35,41.6288889,21.9052778
mk,norovo,54,41.4,21.275
mk,nospal,26,41.1827778,21.4513889
mk,nova breznica,92,41.8883333,21.2783333
mk,novacani,b1,41.7666667,21.7458333
mk,novaci,61,41.4366667,20.6177778
mk,novaci,71,41.0419444,21.4561111
mk,novake,39,41.9602778,20.915
mk,nova maala,a9,41.5263889,22.6986111
mk,nova mezdra,a4,41.9027778,21.9227778
mk,nov dojran,96,41.2205556,22.7061111
mk,novi ciflik,75,42.0,21.7205556
mk,novi karaorman,40,41.7916667,22.2166667
mk,novi prisad,82,41.4161111,21.605
mk,novo cajle,34,41.8058333,20.9302778
mk,novo konjarevo,72,41.4,22.9333333
mk,novo lagovo,82,41.3111111,21.5161111
mk,novo selani,19,41.8841667,22.2277778
mk,novoselani,28,41.4036111,21.4333333
mk,novoselani,a7,41.2233333,21.3936111
mk,novoseljane,75,42.0647222,21.8538889
mk,novo selo,03,41.3097222,20.8058333
mk,novo selo,07,41.7247222,22.5758333
mk,novo selo,10,41.9452778,20.8625
mk,novo selo,15,41.6033333,21.6491667
mk,novo selo,23,41.2380556,20.6972222
mk,novo selo,48,42.0283333,21.3536111
mk,novo selo,59,42.0958333,21.6330556
mk,novo selo,62,42.0333333,22.4666667
mk,novo selo,71,41.0,21.5216667
mk,novo selo,77,41.5869444,21.0527778
mk,novo selo,84,41.61,22.3041667
mk,novo selo,89,41.6152778,21.2127778
mk,novo selo,92,41.8272222,21.3936111
mk,novo selo,93,41.3052778,21.1902778
mk,novo selo,98,41.735,22.1822222
mk,novo selo,a1,41.4858333,22.5091667
mk,novo selo,b1,41.7336111,21.8491667
mk,novo selo,b7,41.8347222,20.8672222
mk,novo selo,b9,41.7333333,20.83
mk,novo selo,c2,41.8544444,21.6225
mk,novo selo,c3,41.9638889,21.1588889
mk,novo zmirnevo,56,41.1213889,21.3138889
mk,obednik,24,41.1591667,21.1594444
mk,oblakovo,14,41.1247222,21.2188889
mk,oblavce,45,42.1572222,21.9066667
mk,oblesevo,73,41.8833333,22.3338889
mk,obrsani,53,41.2822222,21.3627778
mk,odalar,20,42.2302778,21.3975
mk,ode,59,42.1438889,21.5877778
mk,odrene,85,42.15,22.1833333
mk,odri,b8,42.1252778,21.0886111
mk,odzalar,59,42.1925,21.4786111
mk,odzalija,98,41.7547222,22.3288889
mk,odzovci,21,41.4869444,20.5627778
mk,ognjaci,79,41.9216667,21.5830556
mk,ogut,85,42.3083333,22.2083333
mk,oktisi,b3,41.2325,20.6072222
mk,oleveni,05,40.9666667,21.3666667
mk,opae,57,42.1597222,21.6563889
mk,opanci,50,41.1825,20.8691667
mk,opila,85,42.1427778,22.1441667
mk,opticare,05,40.9833333,21.4166667
mk,orah,45,42.1711111,21.9527778
mk,orahovac,b1,41.6352778,21.7594444
mk,orahovec,82,41.3880556,21.635
mk,orahovica,81,41.6258333,22.5133333
mk,oraov dol,09,41.5277778,21.5330556
mk,orasac,75,42.0625,21.7997222
mk,orasec,85,42.2594444,22.0830556
mk,orasje,b8,42.13,21.1369444
mk,orcusa,b9,41.7433333,20.8019444
mk,orehovo,06,40.9833333,21.3166667
mk,orel,a4,41.9397222,21.9780556
mk,oreovec,80,41.4955556,21.1302778
mk,oresane,c2,41.8986111,21.6036111
mk,orese,09,41.6191667,21.4188889
mk,organdzali,96,41.2963889,22.7041667
mk,orizare,59,42.1611111,21.6183333
mk,orizare,76,41.9227778,22.4469444
mk,orlance,01,42.0480556,21.5933333
mk,orlanci,b4,41.5036111,21.0394444
mk,orle,a7,41.1480556,21.6127778
mk,ormanli,a1,41.3469444,22.6491667
mk,orman,20,42.0669444,21.3561111
mk,orman,74,41.14,20.7844444
mk,orovnik,65,41.1733333,20.7541667
mk,osanci,85,42.2911111,22.1666667
mk,osicani,92,41.8905556,21.3713889
mk,osice,52,42.25,22.3080556
mk,osice,85,42.2277778,22.0291667
mk,oslomej,77,41.5772222,21.0
mk,osoj,21,41.5294444,20.6444444
mk,osoj,43,41.5288889,20.9313889
mk,osolnica,21,41.4555556,20.5608333
mk,ostrec,05,40.9333333,21.3
mk,ostrilci,54,41.3344444,21.2372222
mk,otavica,b1,41.7733333,21.7777778
mk,otesevo,86,40.9833333,20.9166667
mk,otisane,21,41.4441667,20.5169444
mk,otistine,15,41.6755556,21.6813889
mk,otosnica,85,42.1958333,22.0802778
mk,otunje,31,42.0577778,21.005
mk,ozdoleni,03,41.3319444,20.855
mk,ozormiste,c3,42.0138889,21.0705556
mk,padaliste,94,41.6861111,20.9758333
mk,padinje,52,42.3052778,22.3205556
mk,pagarusa,a2,41.8855556,21.4969444
mk,pagulevo,84,41.6061111,22.3758333
mk,pakliste,85,42.2561111,22.0483333
mk,pakosevo,c2,41.8733333,21.6183333
mk,palatica,c3,42.0038889,21.0569444
mk,paligrad,c2,41.8269444,21.4969444
mk,palikura,87,41.5369444,21.9755556
mk,pamcarevo,78,41.8497222,22.9019444
mk,panicare,c3,41.9533333,21.2113889
mk,pantelej,c5,41.9658333,22.3163889
mk,papavnica,47,41.5341667,22.5016667
mk,papradista,09,41.6413889,21.4394444
mk,papradista,c1,41.6480556,21.0266667
mk,paralovo,71,41.0416667,21.5527778
mk,parapuci,85,42.3013889,22.1633333
mk,parazh,21,41.4955556,20.5616667
mk,pardovica,33,41.2088889,22.5025
mk,paricanska maala,52,42.2544444,22.3458333
mk,pasadzikovo,46,42.0,22.3666667
mk,pasinci,52,42.2272222,22.3822222
mk,pasini ruvci,a7,41.2744444,21.3705556
mk,patec,63,41.5422222,21.1122222
mk,patetino,a4,41.9541667,22.0611111
mk,patishka reke,89,41.8,21.3169444
mk,pavlesenci,75,41.9983333,21.9038889
mk,pavlovci mahala,52,42.3122222,22.2266667
mk,pcinja,75,42.0397222,21.7561111
mk,peckovo,b9,41.7813889,20.8316667
mk,pehcevo,78,41.7594444,22.8905556
mk,peklani,07,41.8755556,22.6291667
mk,pelince,97,42.2875,21.8561111
mk,pendak,85,42.1255556,22.0155556
mk,penus,98,41.7119444,22.1069444
mk,pepeliste,69,41.5188889,22.1283333
mk,perlepe,82,41.3463889,21.5544444
mk,pescani,74,41.0152778,20.8108333
mk,pesocani,03,41.3263889,20.7919444
mk,pesovska maala,52,42.2822222,22.3852778
mk,pesrino,86,41.1036111,20.9461111
mk,pestalevo,28,41.4619444,21.3966667
mk,pestani,82,41.28,21.6716667
mk,pesterci,94,41.7027778,20.9988889
mk,pesternica,69,41.5383333,22.2108333
mk,petakovci mahala,85,42.3166667,22.2116667
mk,(( petalino )),95,41.0027778,21.7019444
mk,petkovci,97,42.2894444,21.8858333
mk,petkovska maala,52,42.2386111,22.29
mk,petralica,85,42.2083333,22.1872222
mk,petralinci,11,41.4705556,22.7269444
mk,petrasino,83,41.9577778,22.1638889
mk,petrovci,97,42.2566667,21.7844444
mk,petrovo,66,41.2961111,22.3830556
mk,pezovo,45,42.0427778,21.9291667
mk,pijanicka maala,52,42.1769444,22.3225
mk,pikljanci,52,42.2975,22.3563889
mk,pilska maala,59,42.2072222,21.5997222
mk,pindzurci,97,42.2736111,21.8483333
mk,piperevo,47,41.5747222,22.2686111
mk,piperevo,a9,41.4741667,22.6733333
mk,pirava,a8,41.3213889,22.5297222
mk,pirok,10,41.9108333,20.9105556
mk,pisica,19,41.8752778,22.2105556
mk,piskupstina,61,41.3211111,20.6058333
mk,pizinska maala,85,42.3041667,22.1927778
mk,place,86,41.2186111,20.9733333
mk,plasnica,80,41.4672222,21.1230556
mk,plavus,66,41.3794444,22.5013889
mk,plesanci,83,41.9986111,22.1338889
mk,pletvar,82,41.3691667,21.6519444
mk,plevenje,37,41.5777778,21.6175
mk,pobozje,20,42.1147222,21.4266667
mk,pocivalo,84,41.705,22.3836111
mk,podares,81,41.6138889,22.5422222
mk,podbrece,38,42.0627778,21.1216667
mk,podgorac,58,41.2591667,20.5958333
mk,podino,a7,41.2180556,21.3427778
mk,podlec,87,41.5283333,21.8177778
mk,podmocane,86,41.0236111,21.0508333
mk,podmoe,74,41.1611111,20.7522222
mk,podmol,a7,41.2,21.5644444
mk,podrzi konj,52,42.3072222,22.2633333
mk,podvis,30,41.4666667,20.9
mk,podvis,c4,41.3927778,21.3266667
mk,poesevo,06,41.0161111,21.3916667
mk,pohum,23,41.2816667,20.7113889
mk,pokrajcevo,81,41.5727778,22.5716667
mk,pokrvenik,86,41.0294444,20.9486111
mk,polaki,76,42.0458333,22.4105556
mk,polciste,b5,41.1486111,21.8227778
mk,poljana,46,41.9647222,22.3638889
mk,poljana,97,42.2625,21.9658333
mk,poljanska maala,85,42.3108333,22.2113889
mk,polog,02,41.0080556,21.6158333
mk,(( polosko )),42,41.3080556,21.9736111
mk,pomenovo,37,41.5158333,21.6586111
mk,popadeska maala,52,42.3169444,22.2838889
mk,popadija,37,41.4963889,21.7786111
mk,popcevo,a1,41.4172222,22.5883333
mk,poplzani,30,41.4666667,20.9166667
mk,popoec,30,41.4597222,20.8052778
mk,popotovo,c4,41.4502778,21.3736111
mk,popovjani,77,41.6144444,21.0072222
mk,porecanska maala,52,42.26,22.3347222
mk,porodin,05,40.9333333,21.3666667
mk,poroj,31,42.0308333,20.9925
mk,postolovi,97,42.2780556,21.9252778
mk,pozarane,b7,41.8533333,20.8658333
mk,pralenik,21,41.4577778,20.5486111
mk,pravednik,42,41.3413889,21.9338889
mk,predni maala,b4,41.5038889,21.045
mk,preglevo,80,41.4636111,21.1208333
mk,preljubiste,38,42.0336111,21.1
mk,premka,b4,41.5519444,21.0347222
mk,preod,a4,41.91,21.8525
mk,preseka,62,42.0058333,22.4869444
mk,presil,53,41.2958333,21.3136111
mk,pretar,86,40.9797222,21.0616667
mk,pribacevo,c6,41.8875,22.4425
mk,pribilci,93,41.2713889,21.1994444
mk,prikovci,51,42.0602778,22.1469444
mk,prilepac,82,41.2955556,21.5855556
mk,pripecane,c6,41.8038889,22.3694444
mk,pripor,76,41.9477778,22.4230556
mk,prisad stari,82,41.4352778,21.5986111
mk,prisojarci,52,42.1980556,22.2969444
mk,prisojarci,85,42.2791667,22.1894444
mk,prisojnica,88,41.5813889,20.6102778
mk,prisovjani,61,41.3305556,20.6844444
mk,privos,b5,41.1669444,21.9588889
mk,prnalija,84,41.6611111,22.4125
mk,prnalija,c6,41.7547222,22.3913889
mk,probistip,83,42.0030556,22.1786111
mk,proevce,57,42.1241667,21.7422222
mk,prosenikovo,a1,41.4591667,22.6822222
mk,prosovce,a5,42.0836111,21.0613889
mk,prostranje,b6,41.3563889,20.9927778
mk,prstan,a8,41.3163889,22.6602778
mk,prvce,b8,42.1275,21.075
mk,przdevo,25,41.42,22.1661111
mk,psaca,85,42.1663889,22.2033333
mk,puhce,98,41.6277778,22.1977778
mk,purinci,97,42.2705556,21.9066667
mk,puskarska maala,52,42.2202778,22.3019444
mk,pusta reka,80,41.4127778,21.1555556
mk,puturos,a7,41.1341667,21.5302778
mk,puzderci,83,41.9438889,22.1330556
mk,rabetino,b4,41.5441667,21.0663889
mk,raborci,a1,41.3972222,22.6
mk,rabrovo,a8,41.3213889,22.5788889
mk,raciska maala,52,42.1691667,22.3552778
mk,radanja,40,41.7788889,22.2761111
mk,radibus,85,42.2,22.11
mk,radicevo,a1,41.5386111,22.5680556
mk,radijovce,10,41.9069444,20.9633333
mk,radisane,a3,42.0611111,21.4477778
mk,radnja,49,41.2761111,22.2169444
mk,radobar,a7,41.1183333,21.4413889
mk,radolista,99,41.1641667,20.6233333
mk,radomirovo,03,41.3538889,20.7372222
mk,radova,11,41.45,22.7658333
mk,radoviki,21,41.5141667,20.5491667
mk,radovis,84,41.6383333,22.4647222
mk,radovo,93,41.3222222,21.1686111
mk,radozda,99,41.1038889,20.6330556
mk,radueva maala,85,42.1941667,22.2161111
mk,radulinci maala,52,42.2677778,22.3975
mk,radusa,38,42.085,21.2105556
mk,radusa rudnik,38,42.0852778,21.2247222
mk,raec,42,41.4241667,21.8469444
mk,rahmanli,57,42.0947222,21.6930556
mk,rajcanci,c5,41.9536111,22.2713889
mk,rajca,86,41.0022222,21.0619444
mk,rajicki,21,41.5158333,20.5383333
mk,rakitac,47,41.5430556,22.4258333
mk,rakitnica,93,41.3166667,21.19
mk,rakle,82,41.4219444,21.7497222
mk,raklis,84,41.6302778,22.4827778
mk,rakotinci,92,41.9413889,21.4127778
mk,rakovce,10,41.9205556,20.8994444
mk,rakovec,15,41.6630556,21.6636111
mk,ramna,14,41.09,21.1858333
mk,ramna,74,41.1091667,20.8363889
mk,ramne,89,41.6797222,21.1744444
mk,ramni gaber,a2,41.8638889,21.5194444
mk,ramno brdo,76,42.0530556,22.4002778
mk,ramno,97,42.2777778,21.9833333
mk,rancenci,a4,41.9258333,22.0494444
mk,raotince,38,42.0613889,21.1436111
mk,raovic,c3,41.9430556,21.2177778
mk,rapes,95,41.1030556,21.6483333
mk,rasadiste,a6,41.9988889,20.9297222
mk,rasadnik,a3,42.05,21.4386111
mk,rasavska maala,97,42.2533333,21.9469444
mk,rasce,48,42.0225,21.2505556
mk,rasino,50,41.2044444,20.8588889
mk,raski rid,52,42.2647222,22.3216667
mk,rasoman,87,41.5161111,21.9497222
mk,rastak,a3,42.0855556,21.4886111
mk,rastane,b1,41.7241667,21.7127778
mk,rastani,06,41.0530556,21.3241667
mk,rastani,43,41.5391667,20.9422222
mk,rastes,89,41.7466667,21.1036111
mk,rastojca,93,41.3286111,21.1938889
mk,ratae,31,42.0352778,21.0375
mk,ratavica,c5,41.9677778,22.2177778
mk,ratevo,04,41.6833333,22.85
mk,ratkovica,52,42.3655556,22.2636111
mk,ratkovica,c5,42.0077778,22.3044444
mk,raven,b9,41.7825,20.8569444
mk,razlovci,22,41.8447222,22.7686111
mk,recane,76,42.0041667,22.4525
mk,recane,94,41.7116667,20.9838889
mk,recane,b9,41.7530556,20.8269444
mk,recani-celopecko,b4,41.5075,21.0688889
mk,recani,c1,41.5872222,20.915
mk,recanje,52,42.2933333,22.3002778
mk,recica,50,41.2136111,20.9413889
mk,recica,57,42.1744444,21.6947222
mk,recka maala,52,42.2858333,22.3113889
mk,rec,64,41.7847222,20.6363889
mk,rekanska maala,59,42.2336111,21.5144444
mk,resan,86,41.0888889,21.0122222
mk,resava,42,41.3880556,21.9780556
mk,rezanovce,57,42.1577778,21.6752778
mk,ribarci,71,41.0177778,21.4680556
mk,ribarci,87,41.5094444,21.9622222
mk,ribnica,64,41.7202778,20.6097222
mk,ric,a1,41.4430556,22.5186111
mk,ridarci,52,42.2497222,22.3844444
mk,rilevo,c4,41.4861111,21.3638889
mk,ristakovci,85,42.3130556,22.1752778
mk,rlevci,b1,41.735,21.6411111
mk,rnkovce,59,42.1725,21.5472222
mk,robovo,11,41.4352778,22.7072222
mk,robovo,78,41.7666667,22.8166667
mk,rogacevo,b8,42.1563889,21.1569444
mk,rogle,c3,41.9677778,21.1652778
mk,rogozarci,97,42.2602778,21.8913889
mk,ropalce,59,42.1097222,21.62
mk,rosoki,88,41.5666667,20.6941667
mk,rostusa,88,41.61,20.6
mk,rotino,14,41.0572222,21.2116667
mk,rozden,b5,41.1869444,21.9586111
mk,ruaince,45,42.1475,21.975
mk,rubejci,97,42.2555556,21.8858333
mk,rudare,45,42.0727778,22.0161111
mk,rudare,c5,41.9811111,22.2563889
mk,rudnik,a8,41.3172222,22.5913889
mk,rudnik,b1,41.8430556,21.7569444
mk,rulevci maala,52,42.2705556,22.3813889
mk,ruljak,40,41.8027778,22.3302778
mk,rupje,52,42.2988889,22.3302778
mk,rusinovo,04,41.6833333,22.8083333
mk,rusjaci,63,41.4991667,21.1508333
mk,rzanicane,79,41.9266667,21.6330556
mk,rzanovo,b5,41.1766667,21.9819444
mk,(( rzanovo )),b5,41.2288889,21.9522222
mk,sacevo,68,41.4208333,22.7002778
mk,sahintas,84,41.7075,22.5525
mk,sakulica,51,42.0452778,22.0497222
mk,salarevo,c3,41.8830556,21.1275
mk,samakov,89,41.6836111,21.1441667
mk,sapatoec,89,41.7522222,21.1811111
mk,saracevo,98,41.8102778,22.1336111
mk,saracince,c3,41.9822222,21.04
mk,saraj,11,41.4777778,22.7025
mk,saraj,90,42.0,21.3277778
mk,saramzalino,60,41.7888889,21.9422222
mk,sarandinovo,28,41.4358333,21.4122222
mk,sariaol,81,41.65,22.5666667
mk,sasa,62,42.1,22.55
mk,sasavarlija,98,41.7172222,22.2877778
mk,sazdevo,c4,41.4522222,21.2722222
mk,sedlarci,a9,41.4902778,22.5847222
mk,sejdina maala,97,42.2666667,21.7827778
mk,sekirani,56,41.1225,21.2652778
mk,sekirci,28,41.4788889,21.4125
mk,sekirnik,11,41.4380556,22.7938889
mk,selce kec,10,41.9388889,20.8763889
mk,selce,61,41.3997222,20.6225
mk,selce,82,41.3255556,21.5730556
mk,selce,88,41.5733333,20.7127778
mk,selce,91,42.0347222,20.9397222
mk,selce,98,41.6497222,22.1713889
mk,selce,c4,41.4191667,21.2533333
mk,selemli,96,41.1502778,22.6172222
mk,seleverci,26,41.2405556,21.4819444
mk,seliste,89,41.7561111,21.2625
mk,selnik,22,42.05,22.7333333
mk,selo dracevo,a2,41.9330556,21.5216667
mk,selokuce,21,41.5355556,20.4872222
mk,semeniste,48,41.9672222,21.2608333
mk,semsevo,c3,42.0247222,21.0797222
mk,sence,64,41.6830556,20.6586111
mk,senokos,28,41.4136111,21.4697222
mk,senokos,70,41.8816667,20.8919444
mk,sermenin,66,41.2186111,22.3533333
mk,seskovo,42,41.3702778,21.9097222
mk,sesolje,31,42.0547222,21.0055556
mk,sevendekli,96,41.2855556,22.68
mk,shishevo,90,41.9741667,21.3108333
mk,shkup,41,42.0,21.4333333
mk,simnica,b9,41.72,20.8813889
mk,sindarci,52,42.2941667,22.2655556
mk,sinicane,39,41.9402778,20.9183333
mk,sipak maala,85,42.2769444,22.1419444
mk,sipkoecko teke,91,42.0263889,20.935
mk,sipkovica,84,41.7480556,22.4630556
mk,siricina,c3,42.0163889,21.095
mk,sirinci,52,42.2205556,22.3775
mk,sirkovo,87,41.5063889,21.8886111
mk,sirula,65,41.2347222,20.8447222
mk,sivec,42,41.4480556,21.9308333
mk,skacinci,b1,41.6,21.8080556
mk,skackovce,75,42.0480556,21.8252778
mk,skender,85,42.2630556,21.9916667
mk,skidrinja,88,41.5655556,20.6094444
mk,skocivir,02,40.9666667,21.65
mk,skorovo,76,42.01,22.4344444
mk,skorusa,47,41.5427778,22.325
mk,skrebatino,50,41.1527778,20.8913889
mk,sladuevo,24,41.2558333,21.2086111
mk,slansko,63,41.4880556,21.2275
mk,slatina,45,42.1380556,21.8075
mk,slatina,52,42.3169444,22.3161111
mk,slatina,63,41.5861111,21.1822222
mk,slatina,a5,42.0677778,21.0375
mk,slatinje,52,42.3205556,22.3116667
mk,slatino,03,41.3483333,20.8663889
mk,slegovo,51,42.0663889,22.1616667
mk,slepce,24,41.2333333,21.175
mk,slepce,28,41.5008333,21.4516667
mk,slivica,02,40.9666667,21.6
mk,slivje,28,41.4944444,21.3833333
mk,slivnica,86,40.9588889,21.0813889
mk,slivnik,b1,41.7183333,21.67
mk,slivovo,03,41.4055556,20.845
mk,sllupcanje,59,42.1733333,21.6277778
mk,sloesnica,93,41.2663889,21.0769444
mk,slp,b1,41.7805556,21.6847222
mk,smesnica,c2,41.8441667,21.6238889
mk,smilanci,84,41.6966667,22.6052778
mk,smilevo,86,41.155,21.1111111
mk,smiljkovci,01,42.0375,21.4944444
mk,smilovci,37,41.4922222,21.6936111
mk,smojmirovo,04,41.7333333,22.85
mk,smokvica,66,41.2594444,22.47
mk,smolane,82,41.3344444,21.7738889
mk,smolare,72,41.3741667,22.9055556
mk,snegovo,06,41.0672222,21.2941667
mk,sobri,a8,41.2936111,22.6344444
mk,sofilari,98,41.7094444,22.1366667
mk,sogle,09,41.5908333,21.5527778
mk,sogrlo,98,41.6075,22.2327778
mk,sojaklari,b1,41.7944444,21.8002778
mk,sokolarce,19,41.8966667,22.275
mk,solokici i poshtem,21,41.5388889,20.4788889
mk,solokici i siperm,21,41.5425,20.4883333
mk,sopishte,92,41.9547222,21.4275
mk,sopotnica,93,41.2947222,21.155
mk,sopotsko,86,41.085,21.0638889
mk,sopot,69,41.49,22.0247222
mk,sopot,97,42.2427778,21.7305556
mk,sopot,a4,41.8991667,21.8686111
mk,sopot,b1,41.7844444,21.7183333
mk,sopur,84,41.6355556,22.2994444
mk,sosani,03,41.3205556,20.8716667
mk,sovic,02,40.9,21.65
mk,spancevo,73,41.9055556,22.3086111
mk,spasinci,52,42.3258333,22.2322222
mk,spasi,21,41.55,20.4819444
mk,srbica,77,41.5880556,21.0311111
mk,srbinovo,94,41.7058333,20.9602778
mk,srbinovska maala,52,42.2733333,22.3313889
mk,srbjani,30,41.4858333,20.9497222
mk,sredna maala,52,42.3041667,22.2752778
mk,sredna maala,85,42.25,22.0975
mk,sredna maala,b4,41.5319444,21.0894444
mk,sredno dobrino,c2,41.7877778,21.5944444
mk,sredno egri,02,40.9666667,21.4833333
mk,sredno konjare,79,41.9577778,21.715
mk,sredorek,c4,41.4094444,21.3616667
mk,sretenovo,96,41.1805556,22.7258333
mk,sretkovo,64,41.705,20.8455556
mk,stafet e post,77,41.6083333,21.0347222
mk,stajkovce,01,42.0275,21.5130556
mk,stakovica,c5,41.9958333,22.2847222
mk,stalevci,94,41.6947222,21.0116667
mk,stambolica,52,42.1883333,22.2847222
mk,stamer,22,41.95,22.8166667
mk,stanca,85,42.2405556,22.0741667
mk,stanci,52,42.1772222,22.3663889
mk,stanica zelenikovo,c2,41.8733333,21.6030556
mk,stanisevce,20,42.2222222,21.3797222
mk,stanjevce,a4,41.9575,21.9033333
mk,stanjulovci,a4,41.8827778,22.0922222
mk,staravina,95,41.0897222,21.7338889
mk,stari grad,37,41.5811111,21.665
mk,stari karaorman,98,41.7816667,22.2036111
mk,staro baldevci,11,41.4658333,22.7483333
mk,staro cajle,34,41.8030556,20.9425
mk,staroec,b6,41.4616667,21.0055556
mk,staro konjarevo,72,41.3661111,22.955
mk,staro lagovo,82,41.2947222,21.5355556
mk,staro muskovo,51,42.0963889,22.2705556
mk,staro selo,89,41.6338889,21.2069444
mk,staro selo,b8,42.1530556,21.1344444
mk,staro selo,c2,41.81,21.5163889
mk,starovci,63,41.6219444,21.2938889
mk,staro zmirnevo,56,41.0966667,21.2938889
mk,stavica,26,41.2594444,21.5677778
mk,stekavica,92,41.8141667,21.3958333
mk,stence,16,41.8766667,21.0033333
mk,stenje,86,40.9333333,20.9166667
mk,stepance,97,42.25,21.9044444
mk,stepance,98,41.61,22.2169444
mk,stepanci,37,41.4947222,21.6505556
mk,stevanovci,52,42.2886111,22.2630556
mk,stinek,72,41.4666667,22.9166667
mk,stirovica,64,41.7755556,20.6513889
mk,stoevci,62,41.9675,22.5263889
mk,stojakovo,33,41.1555556,22.5775
mk,stojkovci,85,42.3025,22.2172222
mk,stopanstvo,25,41.4136111,22.2352778
mk,stracince,01,42.0461111,21.5322222
mk,stracin,85,42.1505556,22.0322222
mk,stracovo,49,41.3236111,22.1047222
mk,strahodacica,c2,41.86,21.6063889
mk,strajane,94,41.7238889,21.0061111
mk,straovica,52,42.2083333,22.4197222
mk,straza,59,42.2497222,21.6047222
mk,strelci,b4,41.5372222,21.0036111
mk,strezevo,24,41.1369444,21.1877778
mk,strezimir,64,41.7744444,20.6527778
mk,strezovce,45,42.1466667,21.8891667
mk,strima,59,42.1563889,21.5252778
mk,strimnica,c3,41.9675,21.0347222
mk,strisovce,83,41.9661111,22.0975
mk,strmasevo,25,41.3255556,22.17
mk,strmos,83,41.9816667,22.1625
mk,strnovac,97,42.1972222,21.8616667
mk,stroimanci,a4,41.9938889,22.0111111
mk,stroja,09,41.5630556,21.4105556
mk,stromitza,a1,41.4375,22.6433333
mk,struga,99,41.1780556,20.6761111
mk,strugovo,24,41.1997222,21.1813889
mk,stublica,97,42.2675,21.9611111
mk,studena bara,75,42.0213889,21.7258333
mk,studenicane,a2,41.9158333,21.5305556
mk,stuka,72,41.4666667,22.8166667
mk,sturovo,84,41.6802778,22.4769444
mk,sudic,40,41.8663889,22.1252778
mk,suldurci,84,41.5825,22.4858333
mk,supli kamen,45,42.1038889,21.8052778
mk,supurge,84,41.68,22.4025
mk,surlenci,86,41.0113889,20.9352778
mk,susevo,97,42.2461111,21.7655556
mk,susevo,98,41.7563889,22.1286111
mk,susevo,a9,41.5263889,22.6266667
mk,sushica,21,41.5147222,20.4908333
mk,susica,72,41.4372222,22.8363889
mk,susica,89,41.6413889,21.14
mk,susica,b9,41.7591667,20.8763889
mk,sutevo,b4,41.5472222,21.0222222
mk,suto orizare,a3,42.04,21.425
mk,suvi dol,63,41.5202778,21.2388889
mk,suvi lak,a1,41.5647222,22.7933333
mk,suvo brdo,76,42.0247222,22.3958333
mk,suvodol,24,41.2094444,21.2233333
mk,suvodol,a7,41.065,21.5347222
mk,suvo grlo,93,41.3013889,21.1661111
mk,svecani,35,41.5977778,21.8530556
mk,sveta petka,90,41.9411111,21.3322222
mk,sveta,24,41.2666667,21.2727778
mk,sveti todore,a7,41.2294444,21.3369444
mk,sveto mitrani,53,41.3213889,21.305
mk,svetorace,b4,41.5275,21.07
mk,svidovica,55,41.3905556,22.6980556
mk,svilarce,97,42.2975,21.9558333
mk,svinista,30,41.4363889,20.9147222
mk,svinista,50,41.2030556,20.9427778
mk,sviniste,24,41.1388889,21.1583333
mk,svinji dol,62,42.0494444,22.4741667
mk,tabanovce,97,42.2147222,21.7083333
mk,tajmista,c1,41.64,20.8586111
mk,talasmance,51,42.1055556,22.1241667
mk,tanatarci,98,41.6508333,22.28
mk,tanusaj,64,41.7219444,20.5727778
mk,taor,c2,41.8983333,21.6113889
mk,tarajinci,40,41.7988889,22.2302778
mk,taranci,73,41.8513889,22.3541667
mk,taranik,21,41.5019444,20.4905556
mk,tasmarunista,b2,41.2716667,20.6394444
mk,tatar elevci,21,41.5286111,20.5472222
mk,tatarinovac,97,42.2808333,21.7902778
mk,tatarli,a8,41.3036111,22.6363889
mk,tatomir,45,42.0336111,21.9977778
mk,tazevo,89,41.7216667,21.2494444
mk,tearce,a5,42.0744444,21.0525
mk,tece,a6,42.0019444,20.9544444
mk,tece,c1,41.5927778,20.9394444
mk,tekija,36,42.0075,21.6666667
mk,tenaare,59,42.1727778,21.4855556
mk,tenava,10,41.895,20.9836111
mk,tendzer maalo,59,42.1894444,21.4975
mk,teovo,09,41.5791667,21.5719444
mk,tepavci,02,41.0,21.5666667
mk,terzeli,a8,41.3505556,22.5230556
mk,testemelci,98,41.7341667,22.0972222
mk,timjanik,69,41.4675,22.0822222
mk,tisovica,c2,41.8208333,21.5394444
mk,tlminci,52,42.1838889,22.2641667
mk,tocovska maala,20,42.1322222,21.3186111
mk,todorovci,62,41.9994444,22.6202778
mk,toljane,b9,41.76,20.8013889
mk,tomino selo,89,41.63,21.1508333
mk,toplica,70,41.8586111,20.8880556
mk,toplica,82,41.4005556,21.7419444
mk,toplih,98,41.6911111,22.07
mk,topolcane,a7,41.2286111,21.4313889
mk,topolnica,84,41.6572222,22.3783333
mk,topolnica,89,41.6152778,21.1666667
mk,topolovic,51,42.0858333,22.0811111
mk,toranica,52,42.1680556,22.4830556
mk,torbeski most,64,41.8183333,20.6438889
mk,torhali,19,41.9036111,22.1555556
mk,tosinska maala,52,42.2552778,22.3313889
mk,toska,23,41.2780556,20.6752778
mk,trabotiviste,22,41.8875,22.8166667
mk,trakanje,46,41.9083333,22.3622222
mk,trapcin dol,77,41.5591667,20.9622222
mk,trap,a7,41.1319444,21.4702778
mk,trebenista,65,41.2063889,20.755
mk,trebicino,a1,41.5161111,22.5461111
mk,trebino,63,41.5277778,21.2097222
mk,trebishte,88,41.6283333,20.5891667
mk,trebos,31,42.0125,21.0322222
mk,trebovje,89,41.7586111,21.1316667
mk,tremnik,69,41.4394444,22.1536111
mk,tresance,64,41.5611111,20.7230556
mk,tri cesmi,98,41.7738889,22.1347222
mk,tripatanci,c5,41.9322222,22.2072222
mk,tri vode,a1,41.3958333,22.6316667
mk,trle,97,42.2725,21.845
mk,trnica,64,41.7119444,20.6880556
mk,trnovac,85,42.1322222,22.0777778
mk,trnovce,a7,41.2513889,21.3302778
mk,trnovo,06,41.0438889,21.25
mk,trnovo,11,41.4383333,22.7736111
mk,trnovo,52,42.2638889,22.3833333
mk,trnovo,94,41.7372222,20.9861111
mk,trnovska maala,97,42.2841667,21.8833333
mk,trn,06,41.0730556,21.4122222
mk,trojaci,82,41.3716667,21.7391667
mk,trojkrsti,a7,41.2369444,21.4086111
mk,tromeaa,57,42.1341667,21.765
mk,trpejca,86,40.95,20.7833333
mk,trsina,07,41.91,22.6497222
mk,trstenik,87,41.475,21.9191667
mk,trstenik,a4,41.8902778,21.8580556
mk,trstija,62,41.9341667,22.6475
mk,tudence,38,42.03,21.1180556
mk,tufkovci,c1,41.6019444,20.9505556
mk,tuin,77,41.6194444,21.0452778
mk,tumceviste,16,41.8491667,20.9419444
mk,turalevo,51,42.0822222,22.1269444
mk,turie,30,41.4136111,20.8663889
mk,turija,62,41.9511111,22.6477778
mk,turska mala,14,41.0991667,21.1708333
mk,tuseva maala,20,42.1413889,21.3377778
mk,ubogo,35,41.6402778,21.9475
mk,udovo,66,41.3430556,22.4427778
mk,ulanci,35,41.5880556,21.9427778
mk,ularci,19,41.8588889,22.2641667
mk,umin dol,59,42.0866667,21.6252778
mk,umlena,78,41.7833333,22.8333333
mk,umovo,92,41.8680556,21.4286111
mk,urvic,39,41.9511111,20.8944444
mk,usija,92,41.9561111,21.4563889
mk,utovo,24,41.1825,21.1938889
mk,uzem,52,42.2225,22.4263889
mk,vakaf,51,42.0633333,22.0438889
mk,vakav,75,42.0227778,21.7469444
mk,vaklinci,51,42.0119444,22.025
mk,vaksince,59,42.2061111,21.6630556
mk,valandova,a8,41.3169444,22.5611111
mk,valanovecmaala,51,42.0875,22.2316667
mk,valozanci,22,41.9413889,22.7258333
mk,vapa,21,41.4680556,20.5588889
mk,vapila,50,41.1927778,20.8311111
mk,varoska maala,52,42.2022222,22.4480556
mk,varoviste,52,42.2088889,22.3625
mk,varvara,31,42.0625,21.0172222
mk,varvara,92,41.9108333,21.4361111
mk,varvarica,a1,41.4997222,22.5286111
mk,vasarejca,a7,41.1730556,21.4055556
mk,vasilevo,a9,41.4761111,22.6416667
mk,vasilkovci,89,41.6213889,21.1805556
mk,vatasa,42,41.4169444,22.0188889
mk,vehcane,b3,41.2405556,20.5933333
mk,vejce,91,42.0827778,20.925
mk,vejseli,a8,41.3341667,22.5325
mk,velebrdo,88,41.6175,20.5980556
mk,veleselo,02,40.9666667,21.5666667
mk,velesta,b2,41.2408333,20.6438889
mk,velestovo,74,41.0836111,20.8277778
mk,velgosti,74,41.1325,20.8369444
mk,veliovci,b4,41.5452778,21.0052778
mk,veljanovci,63,41.5888889,21.1780556
mk,veljusa,a1,41.4761111,22.5675
mk,veljusino,05,40.9166667,21.35
mk,velmej,03,41.2980556,20.9013889
mk,velmenci,b6,41.3461111,21.0097222
mk,venica,b4,41.5286111,21.0138889
mk,veprcani,b5,41.27,21.7505556
mk,vesala,91,42.0605556,20.8469444
mk,veselcane,26,41.2722222,21.4416667
mk,vesje,25,41.3863889,22.1369444
mk,vetersko,b1,41.8227778,21.705
mk,vetren,22,42.0333333,22.7666667
mk,vetunica,85,42.1533333,22.0841667
mk,vidoviste,c6,41.845,22.3986111
mk,vidrani,30,41.4591667,20.9077778
mk,vikovija,64,41.7158333,20.6688889
mk,vince,75,41.9944444,21.7591667
mk,vinicani,35,41.6008333,21.8977778
mk,vinica,c6,41.8827778,22.5091667
mk,vinice,01,42.0558333,21.5225
mk,virce,22,41.9083333,22.8497222
mk,virovo,24,41.2327778,21.09
mk,vir,63,41.6027778,21.2761111
mk,visni,b3,41.1933333,20.5988889
mk,visoka maala,a9,41.5552778,22.6844444
mk,vistica,59,42.0997222,21.5930556
mk,vitaliste,b5,41.1808333,21.8266667
mk,vitanci,15,41.6447222,21.7213889
mk,vitanci,62,41.9880556,22.6533333
mk,vizbegovo,a3,42.0363889,21.4094444
mk,vladevci,a9,41.5208333,22.5913889
mk,vladilovce,37,41.5186111,21.7411111
mk,vladimirovo,04,41.71,22.7927778
mk,vlasici,21,41.4769444,20.525
mk,vlce,89,41.7627778,21.0716667
mk,voaani,53,41.2836111,21.3394444
mk,vodno,41,41.9897222,21.4133333
mk,vodno,92,41.9655556,21.3988889
mk,vodoca,a1,41.4494444,22.5883333
mk,vodovrati,35,41.5822222,21.8791667
mk,voislavci,84,41.5872222,22.4711111
mk,vojnica,37,41.6030556,21.7488889
mk,vojnik,45,42.1586111,21.8727778
mk,vojsanci,69,41.4755556,22.1644444
mk,volino,65,41.2202778,20.7405556
mk,volkoderi,86,41.0205556,20.9441667
mk,volkovija,16,41.8633333,21.0
mk,volkovo,82,41.3016667,21.5680556
mk,vozarci,42,41.43,21.9247222
mk,vracevce,97,42.2386111,21.8786111
mk,vragoturce,97,42.2861111,21.8819444
mk,vrance,c4,41.3936111,21.3736111
mk,vranesnica,b6,41.4452778,21.0266667
mk,vraninci,76,41.9608333,22.4380556
mk,vranista,b2,41.2119444,20.6644444
mk,vranjevci,71,41.0397222,21.5233333
mk,vranjovce,b7,41.8272222,20.8663889
mk,vrapcicshte,b7,41.8338889,20.8852778
mk,vratnica,b8,42.1433333,21.1169444
mk,vrazale,c2,41.8827778,21.5577778
mk,vrbena,64,41.7208333,20.7294444
mk,vrbica,19,41.9097222,22.2444444
mk,vrbici,97,42.2577778,21.975
mk,vrbjane,53,41.3316667,21.3891667
mk,vrbjane,64,41.6836111,20.6325
mk,vrbjani,03,41.4175,20.7941667
mk,vrboec,53,41.3333333,21.3166667
mk,vrginska maala,52,42.3077778,22.2972222
mk,vrisko,b5,41.2394444,21.8133333
mk,vrsakovo,98,41.8172222,22.1188889
mk,vrtakica,a2,41.885,21.5105556
mk,vrteska,c6,41.7588889,22.4183333
mk,vrutog,b9,41.7686111,20.8391667
mk,vucavice,85,42.2797222,22.1722222
mk,vuci dol,48,42.0461111,21.3461111
mk,vuckovci,52,42.2680556,22.2491667
mk,vutren,22,42.005,22.7525
mk,zabjani,28,41.4530556,21.3808333
mk,zabrcani,28,41.4291667,21.4980556
mk,zagorane,26,41.2636111,21.4344444
mk,zagorci,47,41.5477778,22.305
mk,zagorice,24,41.1880556,21.1961111
mk,zagracani,99,41.1913889,20.6286111
mk,zagrad,89,41.7544444,21.0944444
mk,zajac,c1,41.6072222,20.9383333
mk,zapolzani,28,41.3794444,21.4122222
mk,zarapinci,83,41.9427778,22.1477778
mk,zasle,54,41.3722222,21.1436111
mk,zavoj,50,41.1911111,20.9080556
mk,zbadzha,61,41.35,20.6727778
mk,zdanec,41,41.9944444,21.3877778
mk,zdunje,34,41.7941667,20.8755556
mk,zdunje,89,41.8097222,21.1608333
mk,zedilovo,52,42.225,22.3958333
mk,zegljane,97,42.2625,21.9108333
mk,zelengrad,c5,42.0305556,22.2972222
mk,zelenikove,c2,41.8866667,21.5869444
mk,zelezara,41,42.0144444,21.4583333
mk,zelezna reka,94,41.7036111,21.0
mk,zeleznec,93,41.3241667,21.0633333
mk,zeleznica,51,42.0838889,22.1511111
mk,zelino,c3,41.9802778,21.0641667
mk,zeljuvino,85,42.2277778,22.0011111
mk,(( zeravina )),52,42.3094444,22.3455556
mk,zerovjane,10,41.9152778,20.9477778
mk,zezen,64,41.7530556,20.6247222
mk,zezovska maala,52,42.2430556,22.4047222
mk,zgopolci,b1,41.6561111,21.8744444
mk,zhirovnica,88,41.6744444,20.5858333
mk,zilce,31,42.0313889,21.0616667
mk,zirnicka maala,52,42.2763889,22.3802778
mk,zitose,c4,41.4208333,21.2905556
mk,zivalevo,51,42.0911111,22.1172222
mk,zivenje,75,41.9791667,21.8088889
mk,zivojna,02,40.9,21.6
mk,zivovo,b5,41.2077778,21.8163889
mk,zlatari,86,41.1175,21.0627778
mk,zleovo,a9,41.5558333,22.5994444
mk,zlesti,03,41.2825,20.8302778
mk,zletovo,c5,41.9886111,22.2361111
mk,zlokucani,05,40.9666667,21.3166667
mk,zlokucani,41,42.015,21.3855556
mk,(( zovik )),95,41.0466667,21.7944444
mk,zrkle,89,41.6586111,21.1508333
mk,zrnovce,c6,41.8541667,22.4444444
mk,zrze,63,41.5166667,21.3525
mk,zubovce,45,42.0961111,21.8358333
mk,zubovce,b7,41.8294444,20.8777778
mk,zubovo,72,41.4,22.85
mk,zubrino,77,41.5869444,21.0102778
mk,zulica,56,41.1425,21.2608333
mk,zurce,24,41.2841667,21.2363889
mk,zvecan,89,41.7011111,21.1233333
