sa,aalia,11,19.619748,41.971411
sa,aba ad dud,08,27.025827,44.073113
sa,aba al hiran,13,27.051129,40.948246
sa,aba al kibash,10,24.797022,46.430446
sa,aba ar ruwath,15,30.456319,42.005962
sa,aba as suud,17,17.466667,44.1
sa,abab,10,25.25,44.6
sa,abalah,11,18.733333,42.266667
sa,abaqaiq,06,25.937103,49.677613
sa,abarahee at taybi,10,23.966667,45.033333
sa,abar el-shifaiya,05,23.822608,39.135681
sa,abassah,14,21.131878,40.581478
sa,abd al mutliq,10,23.922197,46.955926
sa,abha,11,18.216389,42.505278
sa,abhur al janubiyah,14,21.68231,39.096272
sa,abi arish,17,16.968872,42.832512
sa,abraqiyah,10,24.491944,46.035
sa,absiya,17,17.264653,43.118969
sa,abu alaq,05,24.816667,38.783333
sa,abu al kibash,10,24.817948,46.474234
sa,abu al qaaid,17,17.271367,42.607708
sa,abu an naam,05,25.228056,38.828333
sa,abu ar radif,17,16.618547,43.131197
sa,abu ashirah,10,24.531944,43.582222
sa,abu as suwadi,14,19.45,40.916667
sa,abu at tuyur,17,17.159321,42.499816
sa,abu dhiba,05,23.198874,39.55367
sa,abu duda,14,20.566667,39.6
sa,abu hadriya,06,27.333333,48.966667
sa,abu hajar ala,17,16.680925,43.021126
sa,abu hajar ula,17,16.682521,43.055643
sa,abu hanash,14,19.366667,40.983333
sa,abu hasani,14,21.730556,39.783333
sa,abu hathrah,17,17.916667,43.383333
sa,abu irwah,14,21.647778,39.705556
sa,abu jassa,08,25.866667,44.216667
sa,abu jilal,10,25.143952,43.482521
sa,abu jusaysah,08,25.521774,42.671132
sa,abu khusayfa,10,25.764784,45.849252
sa,abu kirsh,17,16.683333,43.033333
sa,abu makhruq,10,24.783056,46.635278
sa,abu maragh,14,21.529512,39.791099
sa,abu maraj,17,17.203004,42.915172
sa,abu markha,05,25.116667,38.25
sa,abu marwa,08,25.866667,43.4
sa,abumnura,17,17.05,42.883333
sa,abu nakhla,10,24.983333,44.716667
sa,abu qaar,06,28.384341,45.957103
sa,abu qirfah,14,21.772513,39.679223
sa,abu rijum,10,24.057316,45.036145
sa,abu rubaiq,05,23.728596,39.75434
sa,abu rukab,10,25.105726,43.461992
sa,abu salama,19,27.15,35.783333
sa,abu sawr,15,29.032006,44.422762
sa,abu shaib,14,21.581341,39.701447
sa,abu shaibana,05,23.877029,38.368889
sa,abu shauk,11,20.016667,42.6
sa,abu shauk,14,20.883333,39.366667
sa,abu sidayrah,10,24.442778,43.658056
sa,abu sulal,14,22.633889,41.3675
sa,abu talh,08,25.426704,42.8343
sa,abu tutah,15,28.825872,45.12515
sa,abyar ali,05,24.413283,39.538306
sa,ac-chafe,13,27.076955,43.023196
sa,adabi,17,17.233368,42.941897
sa,adaim,08,26.183333,44
sa,adan,08,25.852066,44.226865
sa,adaya,17,17.165189,42.550134
sa,ad daabah,02,20.25,41.3
sa,ad dabbah,08,25.993851,44.136475
sa,ad dabbah,14,21.723011,39.84055
sa,ad dabbiyat al janubiyat,10,25.377127,45.356365
sa,ad dabbiyat ash shamaliyat,10,25.411231,45.324975
sa,ad dabiyah,10,24.098063,47.171935
sa,ad dabiyah,20,30.062778,40.116944
sa,ad dadiyah,10,24.271389,43.533333
sa,ad daff,14,22.094503,39.319371
sa,ad dafinah,14,23.303562,41.994897
sa,ad dagharir,17,16.677648,42.959213
sa,ad dahinah,10,25.578728,45.280929
sa,ad dahis,11,18.057951,42.990021
sa,ad dahlah,08,25.930647,43.671731
sa,ad dahw,11,20.11195,42.655341
sa,ad dahya,14,21.286667,40.276667
sa,ad dakhilah,10,25.624991,45.570333
sa,ad dalah,08,25.978727,43.965196
sa,ad dalfaah,08,26.320405,43.675886
sa,ad dam,10,20.468604,44.78716
sa,ad dammam,06,26.434417,50.103263
sa,ad damthi,10,25.381944,44.461389
sa,ad darah,13,27.002188,41.447176
sa,ad dar al bayda,10,24.562099,46.763425
sa,ad dar al bayda,14,21.366667,40.333333
sa,ad dar as sufla,11,18.216667,42.55
sa,ad darb,11,18.028956,43.120606
sa,ad darb,17,17.72285,42.252614
sa,ad dath,08,25.579821,43.15944
sa,ad dathir,05,24.926764,40.120063
sa,ad dawadami,10,24.507719,44.392367
sa,ad dawh,14,21.54978,39.641518
sa,ad dawh al kabir,14,21.556276,39.657903
sa,ad dawqah,14,19.600942,40.918492
sa,ad dhid,11,18.05,42.733333
sa,ad digayik,11,19.26761,42.074294
sa,ad dihalah,08,25.401886,43.408321
sa,ad dihasiyah,14,21.435768,40.532939
sa,ad dihwah,10,24.181489,45.886133
sa,ad dilam,10,23.991459,47.162655
sa,ad dilaymiyah,08,26.029465,43.276529
sa,ad dimasah,08,26.424749,42.214209
sa,ad dirah,10,24.634444,46.708056
sa,ad diriyah,08,26.223494,42.517913
sa,ad diriyah,10,24.741835,46.572477
sa,ad dirs,14,21.761065,39.876672
sa,ad dubayjah,10,24.968672,45.755396
sa,ad dubayyah,14,22.424722,39.446111
sa,ad dubbat,10,24.670556,46.723333
sa,ad dubiyah,10,25.6,45.766667
sa,ad duhu,05,23.815925,39.650145
sa,ad dulu,05,24.768889,39.540833
sa,ad dumayriyah,05,23.988158,40.369986
sa,ad dur,14,21.818635,39.758802
sa,ad durayhamiyah,10,24.588611,46.693056
sa,ad durayiyah,17,16.584167,42.843056
sa,ad duwayd,15,30.227745,42.330583
sa,ad duwayhirah,08,26.206204,44.313187
sa,adhaim,13,26.59045,42.470893
sa,adh dhanbah,11,17.879166,42.570741
sa,adh dharma,10,24.607049,46.12611
sa,adh dhibah,14,21.046111,40.703333
sa,adh dhibiyah,08,26.062009,43.161887
sa,adh dhibiyah,10,24.505033,45.967125
sa,adh dhirwayin,10,20.5,45.583333
sa,adimah ash shamran,11,19.716667,41.933333
sa,afif,10,23.906503,42.91724
sa,aftara,10,24.568056,44.052222
sa,ahad al masarihah,17,16.709845,42.955002
sa,ahad marrat,11,18.184528,42.560166
sa,ahl al ashaf,17,17.863257,43.377871
sa,ahl hanaish,10,20.466667,45.583333
sa,ahl muhammad,10,20.483333,45.6
sa,ahl sufran,17,17.942206,43.309743
sa,ahl zurqan,17,17.962283,43.36364
sa,ainah,11,17.983333,42.266667
sa,ain,11,19,42.883333
sa,ainain,06,27.011222,49.658255
sa,ain dar,06,25.946111,49.424722
sa,ain ibn fuhaid,08,26.774525,44.210791
sa,ain lebdah,10,23.6,45.45
sa,ain rig,06,29.08199,46.638197
sa,ainuna,19,28.094455,35.20027
sa,ajaj,10,24.168006,46.439494
sa,ajama,11,19.033333,41.883333
sa,ajam,06,26.563242,49.943309
sa,ajam,17,16.783996,43.21782
sa,ajibah,11,19.683333,41.95
sa,ajjah,14,18.716074,41.353881
sa,ajmiya,05,24.216667,38.5
sa,ajyad,14,21.420278,39.836667
sa,akar,14,21.659518,40.070754
sa,akaz,14,20.583333,40.966667
sa,al aba,06,26.747196,49.766821
sa,al ababid,14,21.334318,40.431994
sa,alabah,11,18.2,42.45
sa,al abar,14,21.094687,39.911417
sa,al abbas,11,18.666667,42.416667
sa,al abbasiyah,02,24.474508,45.482854
sa,al abdaliyah,08,25.910565,43.667518
sa,al abidiyah,17,17.969576,43.13968
sa,al abis,11,18.066995,43.16065
sa,al abtiyat,08,26.412222,43.976111
sa,al adamah,06,26.439167,50.1
sa,al adan,08,25.848611,44.227778
sa,al ad daramah,17,17.937564,43.150793
sa,al ad duwayh,11,18.1,42.7
sa,al adhabah,11,18.089762,42.990267
sa,al adhar,10,23.981777,47.152743
sa,al adhiriyah,06,27.039167,47.038889
sa,al adl,14,21.443611,39.856111
sa,al afus,02,20.066667,41.366667
sa,al agrabiyak,06,26.296667,50.198611
sa,al ahmar,10,22.440408,46.190246
sa,al aid,11,18.15,43.105689
sa,al ajfar,13,27.473055,42.991004
sa,al ajjabat,10,25.251038,44.466639
sa,al ajrumiyah,15,29.956944,43.081488
sa,al akarah,17,16.557866,42.94648
sa,al-akejla,20,31.331764,37.342815
sa,al akhal,05,23.312925,39.857536
sa,al akhdar,10,24.205146,45.103144
sa,al alawah,10,24.677199,46.017535
sa,al alyan,14,19.925556,41.437778
sa,al amair,11,19.416667,42.816667
sa,al amal,10,24.644722,46.720833
sa,al amarah,11,18.122039,42.974536
sa,al amar,10,23.833333,45.083333
sa,al amghar,20,30.836984,37.954281
sa,al amira,02,20.1,41.433333
sa,al amir,11,18.083333,42.8
sa,al amiriyah,10,24.6075,43.590556
sa,al amlah,14,21.16965,42.715262
sa,al ammaj,10,24.440221,46.978201
sa,al ammariya,10,24.803054,46.422568
sa,al amudah,08,25.371219,42.878939
sa,al andalus,10,24.735833,46.771111
sa,al an nanisah,11,18.059375,42.943478
sa,alaqan,20,29.150267,35.402163
sa,al aqiq,10,24.759167,46.615278
sa,al aqiq,14,20.273584,41.664341
sa,al aqir,08,25.106502,42.645031
sa,al arfajiyah,13,28.037668,42.319019
sa,alaridah,17,17.039352,43.085903
sa,al arin,11,18.233333,42.533333
sa,al arine,11,18.566099,43.390339
sa,al artawi,10,25.378218,44.495612
sa,al artawi ash shamali,13,26.631544,42.691322
sa,al artawiyah,10,26.505258,45.344373
sa,al asamilah,17,16.867778,42.7575
sa,al asamir,08,25.64364,43.22614
sa,al ashariyah,02,24.358417,43.001342
sa,al ashash,14,21.7,39.9
sa,al ashayr,11,19.333333,42.05
sa,al ashraf,14,21.513562,39.62042
sa,al ashram,11,18.262678,42.573625
sa,al ash shaykh,11,18.033333,42.933333
sa,al asibat,05,24.852778,39.378611
sa,al assafiyah,19,28.268695,38.979144
sa,al assan,11,18.25,42.583333
sa,al as sawat,11,18.116197,42.971453
sa,al astral,11,19.433333,41.733333
sa,al athalah,10,25.295918,43.885346
sa,al athamah,02,20.066667,41.45
sa,al athlah,13,27.464237,41.529327
sa,al athlah,17,17.169388,42.52043
sa,al at tafilah,17,17.983333,43.116667
sa,al attar,10,25.56821,45.638997
sa,al at tawil,11,18.013458,42.954411
sa,al atyan,10,23.472213,46.829125
sa,al awajiyah,14,21.44769,40.548422
sa,al awali,05,24.438117,39.634915
sa,al awali,14,21.324722,39.89
sa,al awamiyah,06,26.593611,49.9875
sa,al awazim,14,22.846134,41.156913
sa,al-awda,10,25.551642,45.6776
sa,al awd,08,26.233333,44.1
sa,al awd,10,25.661111,45.554444
sa,al awqair,06,25.644361,50.214533
sa,al awran,17,17.85,43.4
sa,al awsajiyah,08,26.064166,44.132192
sa,al awsajiyah,13,26.816667,41.683333
sa,al awsat,10,24.373056,46.438333
sa,al awshaziyah,10,24.004817,45.019001
sa,al aydah,11,18.516667,42.183333
sa,al ayfah,17,17.834222,43.409485
sa,al ayinah,14,19.201667,41.223611
sa,al ayish,11,18.353447,42.842965
sa,al ayn,05,22.891389,40.583611
sa,al ayn,10,24.080464,46.86993
sa,al ayn al bayda,20,31.156798,37.626176
sa,al ays,05,25.063488,38.108743
sa,al aytaliyah,06,26.565833,47.070805
sa,al azamiyah,10,24.511944,43.583056
sa,al azazah,11,18.133333,42.65
sa,al aziziyah,06,26.178639,50.201062
sa,al aziziyah,10,24.584167,46.78
sa,al aziziyah,14,21.404573,39.870718
sa,al baaith,08,26.025638,41.804102
sa,alba,08,25.486515,43.846027
sa,al badai,13,27.445612,42.981278
sa,al badai al ulya,08,25.961056,43.697417
sa,al badai al wusta,08,25.998346,43.731181
sa,al bad,10,24.207468,47.274824
sa,al bad,19,28.474843,35.014729
sa,al bad al qadim,10,24.188452,47.267077
sa,al badawi,17,16.633198,42.864934
sa,al badiah,10,24.476117,46.405724
sa,al badi,10,22.021481,46.567451
sa,al badi,17,16.993056,42.773056
sa,al badiriyah,14,22.921531,41.637157
sa,al badiyah,06,26.431667,50.096111
sa,al badiyi,20,30.986126,37.762527
sa,al badr,14,21.3925,39.840556
sa,al bahadah,11,19.6,41.966667
sa,al bahah,14,20.012883,41.467671
sa,al baharah,14,22.941944,41.669444
sa,al bahawal,14,22.429444,39.429444
sa,al baid,17,17.05,42.833333
sa,al baja,08,25.198298,42.224169
sa,al bakhra,10,24.166217,46.187597
sa,al bakrah,08,25.930043,42.328448
sa,al balad,14,21.487778,39.193611
sa,al bani thawr,11,18.35,42.833333
sa,al baqaq,14,19.866667,41.616667
sa,al barabir,14,21.520959,39.632049
sa,al bardiyah,05,24.045465,39.602411
sa,al barik,11,18.933836,41.946215
sa,al barkah,14,19.866667,41.583333
sa,al barrah,10,24.916618,45.865366
sa,al barraq,11,19.40306,41.79507
sa,al barraqiyah,05,22.829385,40.424152
sa,al barud,08,26.879218,44.158863
sa,al barud,10,25.081293,44.614681
sa,al barzah,14,21.979643,39.681346
sa,al basam,11,18.056783,43.186396
sa,al basar,08,26.2853,43.869726
sa,al bashir,14,20.035187,41.462636
sa,al basirah,05,23.316667,39.616667
sa,al basiri,08,25.197135,42.302545
sa,al bathah,11,18.066667,42.8
sa,al batra,08,25.942222,42.953611
sa,al battaliyah,06,25.433333,49.633333
sa,al bawathil,10,24.487433,46.359642
sa,al bayda,14,22.429885,40.449386
sa,al bayda,20,30.024722,40.171111
sa,al bazazah,10,23.966667,43.466667
sa,al biar,14,22.65038,39.672646
sa,al bid,08,26.272896,42.353848
sa,al bid,13,27.543459,40.61636
sa,al bidayyiah,08,25.407912,42.089124
sa,al bijadiyah,10,24.2,47.2
sa,al bikah,14,20.966667,39.816667
sa,al bilad al wusta,10,25.307178,46.030604
sa,al biqa,05,24.388619,38.598842
sa,al bir,10,25.288458,45.955797
sa,al bir,13,26.918871,42.174435
sa,al bir,20,28.86989,36.25736
sa,al birk,14,18.21631,41.535933
sa,al biyadi,13,27.107637,42.199769
sa,al buaythiyah,10,24.1168,45.089938
sa,al buhrah,17,17.283333,43.166667
sa,al bujaydi,14,21.478092,40.11348
sa,al bukayriyah,08,26.144216,43.65933
sa,al buraik,10,23.533333,46.6
sa,al buraykah,14,21.788195,39.717486
sa,al bustan,05,23.277923,39.242996
sa,al butayn,10,24.852222,46.809722
sa,al butayra,10,26.412403,45.33281
sa,al buwatah,11,18.088001,43.149562
sa,al buwaybiyah,06,26.869786,47.120247
sa,al buwayridah,10,25.266667,46.1
sa,al dahrah,17,17.866667,43.383333
sa,al dalham,11,18.046836,42.953777
sa,al dawdaf,11,18.116667,42.683333
sa,al dhuhrah,11,18.021934,42.979318
sa,al djufaydiriyya,10,22.283333,46.716667
sa,al duwayh,10,23.710833,44.855278
sa,al erq,11,19.233333,42.116667
sa,al fadili,06,26.980162,49.174514
sa,al fahd,11,18.659061,42.439999
sa,al faijah,14,19.467778,41.61
sa,al faisaliyah,10,24.486473,46.339053
sa,al faiziyah,10,24.654959,46.80268
sa,al fakhiriyah,10,24.641389,46.676944
sa,al falah,10,24.796389,46.708889
sa,al falah,11,18.2,42.55
sa,al falt,11,18.233333,42.55
sa,al fanatir,06,27.158611,49.556111
sa,al faqirah,05,23.421667,39.709722
sa,al fara,05,24.974363,38.061903
sa,al farah,05,23.810496,38.876171
sa,al farah,10,20.506201,44.733878
sa,al farah,11,18.569424,43.215518
sa,al farah,13,26.755102,42.761018
sa,al farah,14,19.766667,41.883333
sa,al farayn,11,18.142584,42.957292
sa,al farhan,17,18,43.133333
sa,al farhaniyah,13,27.313496,40.936315
sa,al fariyah,05,22.609852,40.552866
sa,al farrash,14,21.129167,40.605556
sa,al farridah,06,27.163152,46.990458
sa,al farsah,02,20.083333,41.433333
sa,al farshah,14,19.242546,41.246705
sa,al farshah,17,17.266667,42.583333
sa,al faruq,10,24.649444,46.778611
sa,al faruthi,10,25.774436,45.162845
sa,al farwan,11,18.116667,42.666667
sa,al fasl,06,27.032778,49.487778
sa,al fatah,14,21.216667,40.516667
sa,al fatihah,17,17.57805,42.626685
sa,al fawwarah,08,26.062778,42.654167
sa,al fawwarah,14,21.832544,40.160931
sa,al fawwaz,10,24.49,46.618056
sa,al faydah,02,24.391706,45.336483
sa,al faydah,08,25.039466,42.382595
sa,al faydah,10,23.721667,44.842778
sa,al faydah,13,26.636504,42.678679
sa,al faydah,14,21.980468,39.389075
sa,al fayd,14,21.571822,39.675535
sa,al fayd,17,18.013648,43.458939
sa,al fayha,10,24.683333,46.804444
sa,al faysaliyah,06,26.388056,50.075278
sa,al faysaliyah,14,21.297778,40.421667
sa,al faysaliyah,15,30.979332,41.036584
sa,al faysaliyah,20,29.932904,40.197078
sa,al fazz,14,21.981889,39.526115
sa,al firqah,14,21.396885,39.423567
sa,al fiwan,06,28.235361,45.802712
sa,al fiyad,20,30.605348,38.099946
sa,al-fudhul,06,25.366667,49.683333
sa,al fukah,14,19.85,41.85
sa,al furay,05,22.620863,40.560657
sa,al furaysh,05,24.220795,39.285525
sa,al futah,10,24.641389,46.706944
sa,al fuur,14,21.220936,40.515585
sa,al fuwayliq,02,24.365068,45.329246
sa,al fuwayliq,08,26.44322,43.253397
sa,al gaback,11,19.283384,42.098671
sa,al garrah,11,19.266799,42.087456
sa,al gattan,11,19.2,42.1
sa,al-getamijje,13,27.677675,41.725918
sa,al-gfejfe,13,27.1,41.266667
sa,al ghabib,14,21.682877,40.141894
sa,al ghabra,11,19.358551,41.799981
sa,al ghabra,14,19.490079,41.6446
sa,al ghadir,10,24.774167,46.655556
sa,al ghadya,08,25.568518,42.713211
sa,al ghaf,08,26.545,43.761667
sa,al ghafiyah,17,18.046492,43.988144
sa,al ghamya,13,27.353058,40.81543
sa,al ghanam,14,21.595116,39.803676
sa,al ghanamiyah,10,24.479044,46.807199
sa,al ghananim,14,22.831388,41.118857
sa,al ghar,13,27.166969,41.570259
sa,al gharif,14,22.439444,39.865278
sa,al gharith,14,21.605,41.878889
sa,al gharrah,11,18.684228,42.98198
sa,al ghassalah,14,21.448056,39.875
sa,al ghat,10,26.020472,45.002143
sa,al ghat,11,19.55,41.95
sa,al ghaydaniyah,10,25.196321,43.637972
sa,al ghayl,10,22.607597,46.323426
sa,al ghayl,17,17.727351,43.506139
sa,al ghaylanah,10,25.410556,47.2125
sa,al ghaylan,11,18.064892,42.956184
sa,al ghazalah,13,26.788363,41.321051
sa,al ghulah,14,21.947691,39.276822
sa,al ghumayyisah,13,27.9,42.683333
sa,al ghurabah,10,25.463333,45.002222
sa,al ghuraim,06,25.483333,49.6
sa,al ghurayri,10,24.075833,45.014722
sa,al ghutamiyah,14,20.306121,41.401294
sa,al ghutghut,10,24.481111,46.224167
sa,al ghuzayz,10,24.670571,45.841651
sa,al haba,06,27.23483,46.979616
sa,al habashi,14,20.05,41.466667
sa,al habil,11,18.089207,42.226975
sa,al hada,10,24.657778,46.659167
sa,al hada,14,21.367526,40.286943
sa,al hadan,14,19.161328,41.173211
sa,al hadaqah,15,28.464815,44.338204
sa,al hadaq,15,29.235541,43.331867
sa,al hadba,11,18.595345,43.208892
sa,al hadbah,11,18.166667,42.566667
sa,al haddadah,17,17.608333,43.7675
sa,al haddar,10,21.983543,45.95644
sa,al hadidah,20,31.454449,37.158921
sa,al hadidiyah,13,26.902235,43.35914
sa,al hadilah,11,18.053435,42.819964
sa,al hadrur,17,16.543699,42.867105
sa,al hafah,05,23.747222,39.2925
sa,al hafar,06,28.432791,45.970766
sa,al hafayir,14,22.311053,40.602782
sa,al hafirah,05,24.883551,39.724241
sa,al hafnah,11,19.348611,41.809167
sa,al hafr,05,24.405973,39.154033
sa,al hair,10,24.405369,46.8407
sa,al hait,13,25.986085,40.47214
sa,al haiyaniya,13,28.703984,42.312778
sa,al hajar,14,22.75,39.333333
sa,al-hajar,19,26.806103,37.955119
sa,al hajnawi,08,25.936238,43.636524
sa,al hajrah,11,19.4,41.883333
sa,al hajye,11,18.55,42.4
sa,al halaliyah,08,26.122723,43.677313
sa,al halami,11,18.014332,42.815428
sa,al halaqah,14,21.349955,40.441473
sa,al hamadah,08,25.010806,42.430793
sa,al hamadah,11,19.365556,41.797778
sa,al hamdah,02,20.116667,41.45
sa,al hamd,02,20.3,41.333333
sa,al hamidah,14,21.477393,40.08896
sa,al hamidah,17,16.761948,42.92216
sa,al hamimah,14,21.509477,39.632088
sa,al hamiriyah,13,27.005074,41.638229
sa,al hamjah,08,25.495894,43.068831
sa,al hamjah,10,24.296557,43.740045
sa,al hamjah,13,27.613478,43.203736
sa,al hamma,11,20.067267,42.610986
sa,al hammad,05,24.034444,40.495278
sa,al hamra,05,23.936768,38.874378
sa,al hamra,10,20.483333,44.8
sa,al hamra,14,21.428056,39.774444
sa,al hanakiya,05,24.883746,40.543953
sa,al hanashah,17,16.558056,42.765278
sa,al hani,06,24.966627,48.754617
sa,al hani,10,24.873332,46.453942
sa,al haql,20,29.28627,34.946871
sa,al haqu,17,17.522023,42.709569
sa,al haqw,11,18.616667,42.116667
sa,al harani,17,16.774876,42.909642
sa,al hararah,10,24.023333,44.883889
sa,al harasa,17,17.983333,43.133333
sa,al haras,11,18.55,42.416667
sa,al harayr,11,18.233333,42.783333
sa,al harf,11,19.981783,42.553678
sa,al harijan,11,19.616667,41.966667
sa,al hariq,10,23.635461,46.50638
sa,al harma,10,25.925142,45.333951
sa,al harmaliyah,10,24.273105,45.182589
sa,al harra,14,21.95339,39.487649
sa,al hasamah,17,16.683333,42.926944
sa,al hasan,02,20.3,41.35
sa,al hasan,17,17.10324,42.823005
sa,al hasaniyah,14,21.65,39.683333
sa,al hasar,02,20.3,41.366667
sa,al hasasinah,14,21.383407,40.175849
sa,al hasat al khaniqah,17,18.369919,43.554859
sa,al hasherij,14,20.413426,41.596232
sa,al hassi,10,25.416876,46.098112
sa,al hathirah,17,16.431567,42.93896
sa,al hati,13,27.51432,41.088437
sa,al hawatimah,14,19.4,40.95
sa,al hawiyah,14,21.436833,40.501981
sa,al hawja,20,28.97715,38.564983
sa,al hawmah,05,22.877778,40.506944
sa,al hawtah,08,25.854791,43.518272
sa,al hawtah,10,24.591111,46.150556
sa,al hawt,17,17.883333,43.366667
sa,al hayathim,10,24.164672,47.238156
sa,al hayd,10,24.853333,43.641944
sa,al hayir,10,25.790033,45.388661
sa,al hayra,06,27.695974,46.623805
sa,al haysam,11,18.016229,42.962633
sa,al hazim,10,24.133002,47.155187
sa,al hazimi,11,19.868251,42.496912
sa,al hazm,08,25.869559,44.220187
sa,al hazm,14,21.661506,40.120286
sa,al-hfene,13,26.583333,41.6
sa,al-hfer,13,27.656487,41.291229
sa,al hifnah,10,25.691895,46.556555
sa,al hijanbah,17,16.768574,42.991931
sa,al hijfar,17,16.54454,42.847204
sa,al hijriyah,05,23.810716,40.292675
sa,al hijun,14,21.444722,39.815833
sa,al hilla,10,23.489454,46.853024
sa,al hillah,08,26.033333,43.733333
sa,al hilwa,10,23.450865,46.806294
sa,al himliyah,08,26.192507,42.916019
sa,al hinayniyah,08,25.514349,42.960186
sa,al hindawiyah,14,21.419167,39.799167
sa,al hindiyah,05,23.65807,39.671798
sa,al hinnah,06,26.945285,48.770939
sa,al hinnah,10,24.490556,43.904444
sa,al hishah,08,25.845456,44.189641
sa,al hisn al ala,11,18.2,42.533333
sa,al hissu,08,24.604918,41.615824
sa,al hisun,10,25.595831,45.608129
sa,al hisyan,10,25.333876,46.023392
sa,al horm,17,16.9,42.716667
sa,al-hrajbe,19,28.065031,35.179776
sa,al hubayriyah,08,26.280404,42.432659
sa,al hudaylah,11,18.082125,42.803961
sa,al hufayyirah,10,24.448453,44.709011
sa,al hufrah,05,24.608889,39.183056
sa,al hufuf,06,25.364568,49.565323
sa,al-hulailah,06,25.433333,49.666667
sa,al hulaysiyah,06,26.584597,48.672198
sa,al humaidha,20,29.234382,34.935128
sa,al humaymah,08,25.616667,43.033333
sa,al humayra,13,27.296389,41.431944
sa,al humil,14,19.783333,41.883333
sa,al huraimala,10,25.126158,46.123774
sa,al huraiyiq,10,25.447425,45.401061
sa,al hurayr,13,27.87487,41.80001
sa,al husayni,17,17.158869,42.699055
sa,al husayniyah,14,21.3225,39.879167
sa,al husayniyah,17,17.251971,42.748373
sa,al husayy,06,27.106009,48.52823
sa,al huwah,10,23.033333,45.8
sa,al huwaiyit,05,25.638201,40.395762
sa,al huwaydi,13,27.025147,41.316806
sa,al huwaymidah,05,23.29425,40.341569
sa,al huwayrah,10,24.158974,46.273761
sa,ali bin zuhayr,11,19.332344,41.831276
sa,al ididi,13,27.04,41.015323
sa,al idwah,10,24.24451,45.932633
sa,al idwah,13,27.295067,42.312886
sa,al ifayhid,08,25.688957,42.350309
sa,ali hamad,17,18.007172,43.528706
sa,ali huwayl,11,19.388056,41.796389
sa,al irfan,11,18.620239,43.206903
sa,al irjayn,17,16.441163,42.867882
sa,al isam,10,24.774722,43.695
sa,al isawiyah,20,30.716812,37.977671
sa,al ishayil,08,26.04689,42.566884
sa,al ishsh,13,27.077927,41.804221
sa,al iskan,14,21.394167,39.788333
sa,alista,17,18,43.15
sa,aliya,17,17.283333,42.533333
sa,al iyaynah,14,21.030278,40.774722
sa,al izdihar,10,24.780278,46.7175
sa,al jabiri,17,16.840586,43.184791
sa,al jabiriyah,06,26.014715,49.458293
sa,al jabiriyah,08,26.269959,42.167688
sa,al jabriyah,05,24.252352,38.519999
sa,al jabriyah,13,27.978753,42.239231
sa,al jadi,17,16.644915,42.994837
sa,al jadidah,06,25.68108,49.514228
sa,al jadidah,10,24.414478,45.815367
sa,al jadidah,14,21.538167,39.642979
sa,al jadid,14,22.433333,41.75829
sa,al jadiyah,17,16.795371,42.990481
sa,al jadyah,02,20.05,41.45
sa,al jafa,17,17.769863,43.917
sa,al jafr,06,25.376944,49.723611
sa,al jahu,17,17.126141,42.848497
sa,al jalah,08,26.694749,44.236622
sa,al jalamid,15,31.282691,40.103696
sa,al jamiah,14,21.471389,39.245833
sa,al janadiriyah,10,24.807103,46.858191
sa,al janubiyah,10,25.583611,45.618333
sa,al jara,13,27.271514,42.253031
sa,al jaradah,11,18.140116,43.126186
sa,al jarad,14,18.980766,41.425706
sa,al jaradiyah,17,16.579463,42.912404
sa,al jarawi,20,30.121866,38.811014
sa,al jardhawiyah,08,25.386664,42.730236
sa,al jariyah,17,17.204036,42.514256
sa,al jarradiyah,10,24.613056,46.696944
sa,al jawah,17,16.95665,43.029778
sa,al jawf,11,18.226033,43.183661
sa,al jaww,10,25.324867,46.026758
sa,al jazah,10,24.566667,46.75
sa,al jazirah,10,24.666944,46.796667
sa,al jid,14,21.936675,39.578147
sa,al jifarah,10,23.997454,45.190487
sa,al jifayrat,20,31.177318,37.708046
sa,al jilf,13,27.915278,41.812222
sa,al jilh,10,24.33817,45.800059
sa,al jimah,14,19.816667,41.716667
sa,al jirbah,17,16.926518,42.886158
sa,al jirthamiyah,14,21.192287,42.716733
sa,al jishshah,06,25.387592,49.752528
sa,al jissah,05,23.333041,40.300361
sa,al jith,02,20.1,41.416667
sa,al jithyathah,13,27.715817,42.628055
sa,al juaydah,14,19.666667,41.566667
sa,al jubaila,10,24.894663,46.445638
sa,al-jubail,06,25.4,49.65
sa,al jubayl industrial city,06,27.048665,49.561628
sa,al jubb,13,27.183333,42.283333
sa,al judaida,15,31.328264,41.443012
sa,al judayyidah,13,27.224817,41.203935
sa,al jufayr,10,24.02361,46.293808
sa,al juhfah,13,27.065665,42.248637
sa,al jullab,14,21.682454,39.938275
sa,al jumah,11,18.283333,42.55
sa,al jumaymah,15,29.580652,43.609195
sa,al jummayzah,14,21.441389,39.834722
sa,al jumum,14,21.616944,39.698056
sa,al junayfah,10,25.4,44.5
sa,al junayfi,10,25.574261,45.643218
sa,al junaynah,11,20.279548,42.803915
sa,al juranah,14,21.560523,39.955511
sa,al jurayba,15,29.545833,43.936111
sa,al jurayfah,10,25.530227,45.256817
sa,al juraysa,14,19.8,41.883333
sa,al jurayyir,08,26.078614,42.595229
sa,al juwayfah,10,22.616667,45.883333
sa,al kabrit,06,28.104722,47.855556
sa,al kahafah,06,27.378811,48.335195
sa,al-kahma,17,18.004876,41.677147
sa,al kamil,14,22.260556,39.796944
sa,al karbah,11,19.374551,41.795982
sa,al karbus,17,16.873333,42.631667
sa,al-kasab,10,25.295891,45.512755
sa,al-kasab,19,28.028634,35.244026
sa,al kasib,15,30.504083,41.934284
sa,al-kasr,13,27.331667,41.459722
sa,al kawahilah,17,16.961389,42.6725
sa,al-kfar,13,27.414122,41.623085
sa,al khabbah,13,27.434139,40.901685
sa,al khabra,08,26.063593,43.651082
sa,al khadra al janubiyah,17,17.033333,42.816667
sa,al khadra,14,21.467778,39.904722
sa,al khadra,17,16.585751,42.963278
sa,al khadra ash shamaliyah,17,17.055369,42.808027
sa,al khafaq al jadid,10,24.4247,45.711122
sa,al khafaq al qadim,10,24.281461,45.8322
sa,al khafji,06,28.439048,48.491322
sa,al khalaf,17,17.95238,43.127246
sa,al khalaiq al gharbiyah,10,24.520236,45.597919
sa,al khalaiq ash sharqiyah,10,24.522658,45.63749
sa,al khalas,14,21.693159,39.806648
sa,al khalf,05,25.051753,40.483771
sa,al khalidiyah,10,24.622222,46.759444
sa,al khalidiyah,14,21.281944,40.378611
sa,al khalij,10,24.771389,46.799167
sa,al khamasin,10,20.49234,44.749032
sa,al khamrah,14,22.441667,39.474167
sa,al khaniq,17,17.725369,43.761772
sa,al khansak,14,21.427354,39.856945
sa,al kharabah,17,16.755914,42.954679
sa,al kharadilah,17,16.927222,42.626389
sa,al kharayij,10,23.455833,44.341667
sa,al kharfa,10,22.227813,46.692618
sa,al kharjah,14,21.082778,40.718889
sa,al kharj,10,24.155023,47.334601
sa,al kharkhayr,00,19.25,51.25
sa,al kharma al janubiyah,10,25.572961,44.096238
sa,al kharma,05,23.896858,38.895275
sa,al kharma,10,25.577222,44.065
sa,al kharma ash shamaliyah,10,25.604399,44.062585
sa,al khars,06,25.43869,49.580225
sa,al khasawiyah,17,16.940278,42.643056
sa,al khasirah,10,23.509983,43.77148
sa,al khatayshiyah,06,26.6175,49.925833
sa,al khatilah,10,25.491573,46.187039
sa,al khawbah,17,16.788709,43.221858
sa,al khawjarah,17,16.529259,43.014153
sa,al khawsh,11,18.982515,41.882677
sa,al khawwari,06,27.769718,48.878445
sa,al khaydar,14,21.476369,40.637575
sa,al khayf,14,21.690121,39.736731
sa,al khayt,13,27.133611,42.003333
sa,al khis,10,24.255801,45.022803
sa,al khishaybi,08,25.563755,43.35372
sa,al khishl,17,16.880056,43.13726
sa,al khobar,06,26.279444,50.208333
sa,al khubara,17,17.670008,42.632646
sa,al khubra,06,27.016667,48.4
sa,al khufayfah,10,24.906627,44.719962
sa,al khulafiyah,10,23.627222,44.799722
sa,al khulasah,14,21.694995,39.919004
sa,al khunayqiyah,10,24.265065,45.085775
sa,al khunn,06,23.303753,49.251196
sa,al khuraiba,14,23.1,39.083333
sa,al khuraymi,13,27.514409,41.749276
sa,al khuraysha,08,25.412238,43.381943
sa,al khurmah,14,21.91149,42.030918
sa,al khushaybi,15,29.300686,44.032876
sa,al khutamah,10,25.618169,45.692792
sa,al khutaym,08,25.617067,42.542727
sa,al khuttah,13,27.994057,41.731876
sa,al khuwayjiah,05,23.133333,39.516667
sa,al khuways,06,25.593113,49.581818
sa,al khuzama,10,24.717778,46.590556
sa,al kidadiyah,06,25.960476,49.49285
sa,al kidwah,14,21.778763,39.685007
sa,al kihayfiyah,13,27.199233,42.987394
sa,al kilabiyah,06,25.433246,49.667464
sa,al-kira,14,21.803889,39.136667
sa,al kirs,17,16.577269,42.947602
sa,al kitimah,05,23.80978,39.643246
sa,al-ksejbe,08,26.865177,43.600048
sa,al kuds,11,18.683333,42.066667
sa,al kulakhiyah,14,21.318056,40.804444
sa,al kulla,11,18.683333,42.383333
sa,al kumah,14,19.8,41.733333
sa,al-kunfudha,14,19.126389,41.078889
sa,al labbah,14,21.038611,40.71
sa,al laghfah,10,24.467773,45.834984
sa,al lahabah al janubiyah,06,27.239444,46.979444
sa,al lahabah ash shamaliyah,06,27.263056,46.979167
sa,al-lakita,13,27.655336,41.680572
sa,al laqayit,20,29.988471,40.254041
sa,al laqyah,17,16.660663,43.039906
sa,al lasafah,14,21.372778,40.137778
sa,al liqa,10,26.338743,44.78266
sa,al lisafah,06,27.618611,46.864444
sa,al lith,14,20.14804,40.272235
sa,al lughfiyah,08,25.522882,42.558467
sa,al lughfiyah,10,24.159204,46.224082
sa,al lumayma,15,30.552125,42.482681
sa,al luwaybidah,13,27.563881,42.725671
sa,al luwaymi,13,27.900948,42.371555
sa,al maabidah,14,21.449722,39.852222
sa,al maabid,14,21.674742,39.728137
sa,al maamil,11,18.330344,42.851532
sa,al maaqas,14,19.512087,41.666994
sa,al maarid,10,24.724167,46.791667
sa,al maarif,17,17.566667,43.45
sa,al maashbah,10,25.562525,45.386294
sa,al maayin,17,16.610879,43.147252
sa,al maazil,13,26.880572,42.134464
sa,al mabarraz,10,22.316703,46.726847
sa,al mabda,13,27.203889,41.310278
sa,al mabiyah,20,31.137905,38.217878
sa,al mabna,14,19.598105,41.686541
sa,al mabuthah,13,27.062683,41.466351
sa,al madabi,13,26.96373,42.103937
sa,al mad,14,19.833333,41.533333
sa,al madarah,10,24.198539,45.037038
sa,al madaya,17,16.769851,42.731249
sa,al maddah,11,18.576332,42.657657
sa,al madhah,11,18.851574,43.2563
sa,al madhar,10,24.680278,46.671667
sa,al madhar ash shamali,10,24.665,46.675278
sa,al madhiq,05,23.32196,39.620952
sa,al madhiq,14,21.67523,40.130643
sa,al madina,05,24.468611,39.614167
sa,al madinah,10,24.747222,46.636667
sa,al madinah as sinaiyah,10,24.6,46.666667
sa,al madra,11,19.910079,42.57011
sa,al madrakah,14,21.982954,39.991884
sa,al mafraq,19,28.766667,35.516667
sa,al maghal,14,21.967813,39.541116
sa,al magharibah,14,22.139668,39.341605
sa,al maghrafiyah,10,24.464119,46.458198
sa,al mahabbah,10,24.803333,44.818889
sa,al mahalani,08,26.137413,42.204968
sa,al mahallah,17,17.05,42.75
sa,al mahamid,02,20.066667,41.333333
sa,al mahani,14,22.476667,40.39
sa,al mahash,13,26.844298,41.353947
sa,al mahattah,17,16.697579,43.114054
sa,al mahawiyah,02,20.316743,41.326088
sa,al mahdam,14,20.989055,40.742279
sa,al mahjar,14,21.439167,39.205278
sa,al mahruqat,15,29.716414,43.325228
sa,al mahshush,11,18.080513,42.70256
sa,al maish,11,18.566667,42.033333
sa,al majaridah,11,19.123611,41.911111
sa,al majarish,14,21.316389,40.349444
sa,al majmaah,10,25.910968,45.356646
sa,al majma,11,18.116667,42.733333
sa,al makhlutah,11,18.065246,42.033745
sa,al makhul,13,26.624449,42.607135
sa,al makhwah,14,19.779444,41.435556
sa,al makzam,13,27.262835,41.403786
sa,al makzum,13,27.030712,41.502508
sa,al malahah,11,18.366667,42.5
sa,al malahah,17,18.027103,43.521346
sa,al malaz,10,24.656111,46.7275
sa,al malbanah,05,23.174868,39.518611
sa,al mali,17,16.795407,42.953666
sa,al mallah,14,20.016667,41.5
sa,al malqa,10,25.385927,43.97231
sa,al manakh,10,24.615833,46.793333
sa,al mani,17,17.948073,43.217494
sa,al manifiyah,10,24.189415,47.280303
sa,al maniiyah,10,24.394122,45.828756
sa,al manjarah,17,17.568177,42.189971
sa,al mansouriyah,10,24.514966,46.781477
sa,al mansurah,10,24.607778,46.744722
sa,al maqnah,19,28.405642,34.744095
sa,al maqrah,14,21.259981,39.940258
sa,al marabi,17,16.656884,42.79631
sa,al maraghah,11,18.166667,42.8
sa,al marah,06,25.583333,49.583333
sa,al markaz,06,25.4,49.733333
sa,al markuz,15,30.134167,42.631944
sa,al marma,13,27.121056,41.062581
sa,al marmuthah al janubiyah,08,25.559468,42.833646
sa,al marqab,10,24.636111,46.724167
sa,al marwa,14,19.829167,41.442778
sa,al marwah,10,24.544444,46.671667
sa,al marwah,17,16.807335,43.132257
sa,al masani,10,24.578124,46.720349
sa,al masarrah,14,21.370278,40.461111
sa,al masbar,10,24.144231,46.199329
sa,al masfalah,14,21.405079,39.822245
sa,al mashaer,11,18.633333,42.3
sa,al mashaikh,14,19.233333,41.083333
sa,al mashailah,10,24.500645,45.760707
sa,al mashayikh,14,21.362293,40.333885
sa,al mashramiyah,17,16.65,42.8
sa,al mashuqah,14,20.316667,41.4
sa,al masif,10,24.765556,46.681389
sa,al masnaah,14,19.833333,41.55
sa,al massarah,14,21.370584,40.467894
sa,al mathnah,14,21.263333,40.390556
sa,al matrif,14,21.133333,40.516667
sa,al mayasam,17,16.947916,42.721187
sa,al maysari,20,30.4508,38.340151
sa,al mayuf,17,18.283333,41.9
sa,al mayyah,13,27.844519,42.774822
sa,al mazri,05,23.006146,39.890898
sa,al midhnab,08,25.860119,44.222283
sa,al mifa,11,18.893455,41.960189
sa,al mighzal,10,25.188953,44.214604
sa,al mihayniyah,13,27.697586,43.061019
sa,al mijasas,17,17.05,42.866667
sa,al mijazah,17,17.520405,43.566719
sa,al mikhlaf,17,17.539572,44.213495
sa,al milhah,05,23.804117,39.463005
sa,al mindak,02,20.158802,41.283372
sa,al mindassah al gharbiyah,13,27.984117,41.923102
sa,al mindassah ash sharqiyah,13,27.995,42.011389
sa,al mishab,06,28.101253,48.611435
sa,al mishash,08,24.88373,43.020876
sa,al mishash,10,24.804074,43.524061
sa,al mishillahah,17,17.34154,42.757564
sa,al miski,11,18.05,42.75
sa,al mislanah,11,19.216667,42.1
sa,al mithab,10,23.263889,46.820833
sa,al muabba,13,28.002338,42.062303
sa,al muayqilat,13,27.282448,41.37213
sa,al muaysim,14,21.450833,39.903333
sa,al muayzilah,10,24.802222,46.845
sa,al mubarak,14,21.68906,39.90601
sa,al mubarakiyah,06,26.461389,50.090833
sa,al mubarraz,06,25.41,49.580833
sa,al mubaydi,13,27.187222,41.3225
sa,al mudarraah,10,24.488333,43.606111
sa,al mudarraj,05,25.688611,38.693889
sa,al mudawwarah,14,21.271588,39.962679
sa,al mudayyih,13,26.890223,42.087122
sa,al mudhaylif,14,19.538046,41.047303
sa,al mufajah,17,17.440327,44.067708
sa,al mufrihat,05,24.352032,39.415099
sa,al mugharah,10,23.614722,44.708889
sa,al mughaydir,10,24.803964,46.522392
sa,al mughayra,20,29.287313,37.681325
sa,al muhammadi,10,24.009378,47.168453
sa,al muhammadiyah,10,24.732778,46.650278
sa,al muharraqah,17,16.533333,42.966667
sa,al muhassin,06,25.416667,49.566667
sa,al muhawal,10,24.483333,43.633611
sa,al muhtaraqah,06,25.6,49.566667
sa,al mujahidin,14,21.489221,39.938038
sa,al mujamma,14,22.4875,40.41
sa,al mujammah,17,16.714271,42.853028
sa,al mukahhal,11,19.265386,41.801575
sa,al mukanbil,17,16.59362,43.032639
sa,al mukayli,08,25.866844,44.089621
sa,al mukhallad,11,18.666667,42.4
sa,al mukharim,08,26.791248,43.23509
sa,al mukhtalif,13,27.18545,41.204806
sa,al mulaihiyah,10,24.508924,46.354671
sa,al mulayha,14,21.794502,40.356356
sa,al mulayh,10,22.616667,45.75
sa,al mulayh,13,27.193137,40.886765
sa,al mulaylih,05,24.829722,39.159722
sa,al mulayniyah,10,24.491667,44.121389
sa,al multasa,05,24.083333,38.15
sa,al munaizilah,06,25.383333,49.666667
sa,al munayzir,11,18.946389,41.916389
sa,al mundassah,05,24.635532,39.310425
sa,al mundassah,14,21.635133,39.742626
sa,al muqayti,14,21.547941,39.791245
sa,al muqr,14,21.998581,39.376477
sa,al murabba,08,25.729116,44.302134
sa,al murabba,10,24.667222,46.703611
sa,al murayba,11,18.947222,41.906944
sa,al murayr,20,30.048611,39.914167
sa,al muraysiyah,14,21.37269,40.435542
sa,al mursilat,10,24.7575,46.663611
sa,al muruj,10,24.7575,46.662778
sa,al musallamiyah,06,27.4,49.216667
sa,al musandaq,15,29.307207,43.843117
sa,al musaybir,10,24.958611,44.943333
sa,al musayjid,05,24.085684,39.094649
sa,al mushash,08,25.383333,42.566667
sa,al mushaytiyah,13,27.770781,41.479106
sa,al mushirah,11,19.55,41.966667
sa,al mustajidah,10,24.503056,43.791111
sa,al mustajiddah,13,26.666057,41.539867
sa,al mutairifi,06,25.478794,49.557626
sa,al mutaiwiyah,10,24.517304,46.338174
sa,al mutarrifiyah,13,26.901249,42.021088
sa,al mutaywi,08,24.716667,42.883333
sa,al mutaywi ash shamali,08,26.515429,42.589637
sa,al muthab,17,17.956225,43.158596
sa,al muwanisiyah,10,24.826667,46.733889
sa,al muwassam,17,16.416667,42.825833
sa,al muwayh al qadim,14,22.746096,41.590132
sa,al muwaykir,13,27.010894,41.546892
sa,al muwaylih,19,27.698943,35.484282
sa,al muzahimiyah,10,24.482346,46.294975
sa,al muzayri,10,25.582087,47.253772
sa,al nadir,11,18.166556,42.951661
sa,al naimah,10,24.601784,46.203695
sa,al nawariyah,14,21.563722,39.774152
sa,al-nimas,11,19.145466,42.120095
sa,al nuqaiah,10,24.54949,46.172952
sa,al orosh,11,19.316667,42.066667
sa,alowa,08,25.883333,44.233333
sa,al qa,02,20.398267,41.133333
sa,al qa,08,25.838903,44.192442
sa,al qa,14,19.135265,41.142168
sa,al qa,17,17.733982,42.068169
sa,al qaar al ala,14,22.305,40.035556
sa,al qabiyah,14,21.660835,39.990547
sa,al qadab,17,17.666667,42.2
sa,al qadhf,11,18.1,42.683333
sa,al qadhima,14,22.349146,39.155407
sa,al qadisiyah,10,24.825278,46.826111
sa,al qahab,11,18.925556,41.955
sa,al qaid,13,27.848182,41.72597
sa,al qaim,17,16.719359,42.976587
sa,al qaiyah,10,24.312638,43.511051
sa,al qalah,20,30.048684,40.241264
sa,al qalibah,19,28.381272,37.693246
sa,al qaltah,10,24.065193,45.028335
sa,al qalt,11,18.086036,42.737363
sa,al qamri,17,17.073068,42.78735
sa,al qaraah,11,18.042354,42.706272
sa,al qara,06,27.453056,46.868333
sa,al qara,08,26.405937,43.75429
sa,al qara,20,29.876944,40.226944
sa,al qarah,06,25.416667,49.666667
sa,al qarah,11,18.111453,42.891295
sa,al qarahin,14,21.229035,40.414309
sa,al qarain,10,25.221408,45.27524
sa,al qararah,08,24.95,43.216667
sa,al qararah,10,24.417099,45.8823
sa,al qararah,14,21.428889,39.828056
sa,al qarawayn,11,18.066667,42.716667
sa,al qarfa,13,27.255446,42.3041
sa,al qari,10,25.683333,45.5
sa,al qarina,10,25.14139,46.16269
sa,al qarinah,10,24.467469,46.421287
sa,al qarn,06,25.521575,49.605397
sa,al qarn,11,17.989387,42.778194
sa,al qarqar,20,31.363056,37.542778
sa,al qaryah,06,27.558367,47.704772
sa,al qaryat,14,21.460833,39.195278
sa,al qasa,13,27.642132,42.545663
sa,al qasab,17,18.067176,43.554171
sa,al qasara,13,27.766667,42.316667
sa,al qashah,17,17.233333,42.55
sa,al qashashiyah,14,21.716667,39.816667
sa,al qasr,10,24,47.083333
sa,al qasr,14,22.500556,40.4225
sa,al qatif,06,26.520799,50.024518
sa,al qawba,11,19.548073,42.262878
sa,al qawi,08,25.773358,43.360885
sa,al qawsah,10,24.035431,45.058176
sa,al qawsah,13,27.05,41.183333
sa,al qawzayn,14,21.265907,39.176592
sa,al qaym,14,21.316667,40.433333
sa,al qaysumah,06,28.311167,46.127294
sa,al qaysumah,08,25.742298,43.174804
sa,al qazzahah,14,20.033333,41.516667
sa,al qidrawiyah,10,24.175624,45.14513
sa,al qifaf,05,23.428027,39.36228
sa,al qirshan,14,21.568272,39.687456
sa,al qirw,14,21.184286,39.603101
sa,al quayyir,08,25.614831,44.368107
sa,al qubsah,14,21.344166,40.324165
sa,al qudayh,06,26.568889,49.989444
sa,al qudayh,11,19.743765,42.49741
sa,al quds,10,24.755,46.751111
sa,al qufaifa,08,25.85,44.233333
sa,al qufayfah,13,27.2,40.95
sa,al qufayf,14,21.825833,40.445278
sa,al quful,17,16.673333,43.078889
sa,al qulaybayn,13,27.418051,41.497692
sa,al qulayyibah,13,28.118439,42.382994
sa,al qulayyib,06,26.76032,48.281841
sa,al qunaytirah,20,29.974679,40.094669
sa,al quraimisa,13,27.033333,43.083333
sa,al qurayb,17,16.975,42.725278
sa,al qurayn,08,26.009876,43.367683
sa,al qurayn,10,24.720424,43.801602
sa,al qurayn,14,21.780274,39.662883
sa,al qurayyah,08,24.916667,43.266667
sa,al qusaybi,06,25.196902,48.468765
sa,al qusayr,06,28.460556,48.209433
sa,al qusayr,13,26.666667,41.983333
sa,al qushashiyah,14,21.425556,39.828611
sa,al qusuriyah,10,23.710533,44.621141
sa,al qutb,20,30.065556,40.159722
sa,al qutubah,14,21.928333,40.361389
sa,al quwah,17,16.799536,43.224957
sa,al quwam,17,17.489422,42.70847
sa,al quwara,08,26.781361,43.466605
sa,al quway,10,23.462572,46.817559
sa,al quwayiyah,08,25.364082,42.444342
sa,al quwayiyah,10,24.052908,45.261472
sa,al quwayz,10,20.451107,44.85332
sa,al rafiah,10,24.498193,46.327033
sa,al-rawda,10,22.206085,46.686492
sa,al rawdah,10,24.564756,46.234225
sa,al-rawshan,11,20.01904,42.6168
sa,al-rayana,05,23.533333,39.75
sa,al ruqayyiqah,06,25.35,49.566667
sa,al russ,08,25.869441,43.497298
sa,al sabat,06,25.383333,49.716667
sa,al-sabya,17,17.149496,42.625368
sa,al salma,11,18.050379,42.966785
sa,al satan,14,19.766667,41.85
sa,al-sayh,10,22.222028,46.772435
sa,al-shabah,06,25.465805,49.564956
sa,al shaharin,06,25.383333,49.65
sa,al shayban,17,17.983333,43.1
sa,al-shukayk,17,17.7219,42.025499
sa,al-sidara,10,22.583333,46.25
sa,al sirhan,11,18.116667,42.7
sa,al-taif,14,21.270278,40.415833
sa,al tamam,11,18.666667,42.433333
sa,altammah,05,24.858611,39.171111
sa,al-taraf,06,25.362756,49.725037
sa,al tawilah,02,20.2487,41.361693
sa,al thaqbah,06,26.269444,50.198611
sa,al tuhaimiyah,06,25.4,49.183333
sa,al-turbaibil,06,25.4,49.666667
sa,al-tuwaithir,06,25.416667,49.683333
sa,al uarayja al gharbiyah,10,24.605556,46.600833
sa,al ubaylah,06,21.984658,50.93881
sa,al ud,10,24.629444,46.725
sa,al udayliyah,06,25.139621,49.303546
sa,al ukayshah,10,24.330833,43.715833
sa,al ukhaydir,14,21.931944,40.015664
sa,al ula,19,26.608526,37.923164
sa,al ulayin,17,17.15,43.170833
sa,al ulayya,10,24.397684,45.811032
sa,al ulu,10,24.414444,44.360278
sa,al ulya,10,25.279683,46.023789
sa,al ulya,11,19.6,41.95
sa,al umaniyah,06,26.380134,47.323378
sa,al umlaaya,11,19.063848,42.153249
sa,al umran,06,25.418056,49.720556
sa,al uqaylah,20,31.30301,37.441167
sa,al uqaylat,13,26.716667,41.716667
sa,al uqdah,14,19.542403,41.169259
sa,al uqdah,17,17.370798,42.851395
sa,al uqlah,08,26.801098,43.49165
sa,al uqlah,10,26.428333,45.359167
sa,al uqlah,13,27.100921,41.280721
sa,al uqlah,14,22.829605,39.46389
sa,al uqul,05,24.497222,39.824444
sa,al uraydiyah,02,24.4304,45.447822
sa,al urayja,10,24.588611,46.599722
sa,al urayja al wusta,10,24.61,46.64
sa,al usaylah,17,16.920278,42.735278
sa,al ushwah,17,16.965833,42.654444
sa,al utaybiyah,14,21.451316,39.82362
sa,al utayyiq,06,27.161215,48.606011
sa,al uthaithiya,10,25.164933,45.392918
sa,al uthmaniyah,06,25.189511,49.316831
sa,al uwainid,10,24.884566,45.890468
sa,al uwayqilah,15,30.363056,42.239167
sa,al uyaynah,06,26.804688,48.33577
sa,al uyaynah,10,24.904304,46.377447
sa,al uyun,05,24.553346,39.60113
sa,al uyun,06,25.603596,49.563437
sa,al uyun,08,26.498514,43.629851
sa,al uyun,10,25.206247,44.629687
sa,al wadi,08,26.166667,43.983333
sa,al wadi,10,24.789444,46.691389
sa,al wadi,20,29.834161,39.88086
sa,al wadiyayn,11,18.085573,42.802538
sa,al wahabah,11,18.16516,43.081159
sa,al wahat,14,21.235058,40.34247
sa,al wahlah,17,16.791944,42.714444
sa,al wajh,19,26.245513,36.452485
sa,al wannan,06,26.910579,48.416987
sa,al waqid,13,27.65,41.683333
sa,al wasat,17,17.966667,43.133333
sa,al washam,10,24.64,46.698333
sa,al washiah,14,19.4675,41.627778
sa,al washm,17,16.466667,42.733333
sa,al washwash,20,31.37331,37.59915
sa,al wasiah,10,25.725274,45.850826
sa,al wasili,17,16.946944,42.690278
sa,al wasit,10,22.380501,46.266457
sa,al watah,08,26.490698,43.964967
sa,al watah,10,24.248056,44.673333
sa,al watyah,05,23.784904,39.257741
sa,al wayiliyah,06,28.447075,45.825016
sa,al waziyah,06,25.503214,49.547811
sa,al wizarat,10,24.676944,46.71
sa,al wuayli,13,27.854668,42.124944
sa,al wubayriyah,13,27.279363,41.305892
sa,al wudayah,00,17.057553,47.115967
sa,al wuday,05,24.175869,39.557067
sa,al wuday,10,24.582222,43.938333
sa,al wudayy,10,25.592874,45.774115
sa,al wudayy,13,27.395278,41.575833
sa,al wudiyah,14,22.497222,40.389167
sa,al wuhayt,14,21.2,40.333333
sa,al wurud,10,24.729167,46.675556
sa,al wusayl,10,24.813889,46.508333
sa,al wusayta,08,25.665591,43.383747
sa,al wusayta,10,24.124163,45.133583
sa,al wusayta,13,27.502628,41.688137
sa,al wusayyiah,10,26.006009,45.019803
sa,al wusta,10,24.503112,46.366954
sa,al wutah,08,25.529555,42.574457
sa,alya,05,23.823652,38.8832
sa,al yamama,10,24.182246,47.328824
sa,al yamaniyah,14,21.965575,39.389996
sa,al yaqutiyah,14,21.55,39.65
sa,al yarmuk,10,24.805,46.765278
sa,al yasmin,10,24.816944,46.636111
sa,al yazid,11,18.096913,42.678152
sa,al yunis,17,17.853328,43.397561
sa,al zabyah,17,17.117877,42.666936
sa,al zahrah,10,24.569167,46.645556
sa,al zarib,17,17.983333,43.2
sa,al zumamiyah,10,24.48421,46.366466
sa,al zuwaydiyah,10,24.474574,46.374298
sa,amair,14,21.283333,42.883333
sa,amairiya,10,23.5,46.766667
sa,amar,10,22.25,46.733333
sa,ambak,06,24.406874,50.839183
sa,amdah,17,17.611918,43.537352
sa,anaiza,08,26.094113,43.98199
sa,anda,14,18.816667,41.233333
sa,anek,06,26.533333,50.016667
sa,aniker,14,18.683333,41.3
sa,an naamah,02,20.183333,41.25
sa,an naam,10,23.619904,46.517952
sa,an naayim,08,25.605262,43.942142
sa,an nabhaniyah,08,25.860753,43.064681
sa,an nabk abu qasr,20,30.297338,38.698526
sa,an nabqiyah,08,26.497747,44.306723
sa,an nadi,10,24.809444,46.680833
sa,an nafal,10,24.781944,46.673056
sa,an nafi,10,25.017921,43.819274
sa,an nahdah,10,24.760833,46.806111
sa,an naimah,08,25.450462,42.855823
sa,an najamiyah,17,16.56464,42.943889
sa,an nakhil,10,24.742778,46.614722
sa,an nakhra,14,19.467323,41.633261
sa,an namudhajiyah,10,24.651667,46.697222
sa,an naqa,14,21.430556,39.826111
sa,an narjas,10,24.821667,46.670556
sa,an nasfah,20,31.08098,37.626014
sa,an nasim al gharbi,10,24.728889,46.819444
sa,an nasim,10,24.729406,46.833289
sa,an nasim ash sharqi,10,24.737778,46.840556
sa,an nasiriyah,10,24.651111,46.674444
sa,an nasiriyah,13,27.682931,42.551833
sa,an nawmaniyah,08,25.973333,42.596667
sa,an nazayim,20,30.141379,40.317488
sa,an nazim,10,24.143269,46.183743
sa,an nazim,15,28.654307,45.230813
sa,an-nejijje,13,27.666667,41.7
sa,an niayy,13,27.178482,42.281409
sa,an nibaj,20,30.420187,38.410757
sa,an nijibah,13,26.596003,42.735026
sa,an nikashah,14,21.38705,39.805193
sa,an nimriyah,08,26.393889,42.338611
sa,an nisiyah,13,27.624722,41.698056
sa,an niswan,11,19.28606,42.070542
sa,an nizim,13,27.94419,42.201034
sa,an nuayriya,06,27.473243,48.474794
sa,an nughayq,10,26.582429,45.26304
sa,an nukhayl,10,26.542172,45.201885
sa,an nukhayshiyah,14,21.222127,40.748522
sa,an numan,11,19.371111,41.806944
sa,an nuqrah,13,27.466657,41.652963
sa,an nur,10,24.631944,46.809444
sa,an nuwaytah,10,25.658056,45.530278
sa,an nuzhah,10,24.756944,46.7075
sa,an nuzhah,14,21.431389,39.786667
sa,anqa,05,24.783333,39.166667
sa,anqa,08,26.333333,44.016667
sa,anqarah,11,18.071337,42.901893
sa,anta,06,27.215985,48.423589
sa,antutah,17,16.534444,42.943056
sa,aqabah,17,17.3,42.733333
sa,aqabat al alb,17,17.566667,43.4
sa,aqda,05,24.766667,38.816667
sa,aqda,10,26.216667,44.85
sa,aqim,17,16.8,43.25
sa,aqla,10,26.116667,44.8
sa,aqlat al suqur,08,25.829162,42.201189
sa,araar,15,30.97531,41.038079
sa,arab,11,18.008456,42.96692
sa,arafat,14,21.363611,39.945256
sa,araira,06,25.968242,48.882013
sa,ararah,11,18.616667,42.25
sa,arawah,10,23.907697,44.635929
sa,ardah,17,17.15,42.5
sa,arfah,02,20.1,41.45
sa,arid,17,17.748708,42.018253
sa,arim,11,18.264364,42.631974
sa,arish,17,17.142206,42.722177
sa,arjah,10,24.690573,46.614115
sa,arquiya,08,26.183333,44.25
sa,ar rabad,05,23.183333,39.533333
sa,ar rabbah,11,18.201045,42.808479
sa,ar rabi,10,24.802222,46.663889
sa,ar rabiiyah,06,26.570149,50.081811
sa,ar rabwa,02,24.399932,45.269322
sa,ar rabwah al ulya,14,21.979583,39.411875
sa,ar rabwah,10,24.696667,46.766944
sa,ar rabwah,14,20.488956,41.055521
sa,ar rabwah as sufla,14,21.952883,39.432596
sa,ar radah,10,23.748193,44.785965
sa,ar radifah,10,24.583611,43.8975
sa,ar radii,14,21.1,40.483333
sa,ar rafah,14,21.510028,40.181685
sa,ar rafai,10,24.206821,44.229451
sa,ar rafgha,17,18.011623,43.526285
sa,ar rafiah,08,26.433333,43.833333
sa,ar rafiah,10,24.180714,47.27239
sa,ar rafiah,20,30.074456,40.352427
sa,ar raghba,10,25.16371,45.802001
sa,ar raghdan,14,20.032768,41.445647
sa,ar raghib,10,23.961286,47.116985
sa,ar raghib,14,20.033333,41.5
sa,ar raghiyah,05,23.948793,39.385848
sa,ar rahmaniyah,10,24.714444,46.656389
sa,ar rahwah,11,18.033333,42.733333
sa,ar rakah,06,26.365214,50.190954
sa,ar ramadah,17,16.69146,42.993009
sa,ar ramadiyat,10,24.319444,43.892778
sa,ar rashawiyah,10,24.65,43.975
sa,ar rasifah,14,21.413129,39.78937
sa,ar rawabi,10,24.713333,46.788611
sa,ar rawamah,10,23.616667,45.433333
sa,ar rawdah,08,25.954293,43.861569
sa,ar rawdah,13,26.159573,40.636896
sa,ar rawdah,14,21.253605,42.849921
sa,ar rawdah ash shamaliyah,14,21.722631,39.977679
sa,ar rawd,08,26.533056,43.602222
sa,ar rawd,13,28.022423,41.133098
sa,ar rawgh,10,24.062742,45.051895
sa,ar rayhah,02,20.283333,41.333333
sa,ar rayn,10,23.549951,45.504629
sa,ar raysh,11,18.628094,42.099464
sa,ar rayth,17,17.60381,42.860863
sa,ar rayyan,14,21.678596,39.897774
sa,ar rayyan,17,16.983333,42.7
sa,ar ri,14,21.065,40.7575
sa,ar ridifah,20,30.98512,37.69416
sa,ar rihab,14,21.550278,39.219167
sa,ar rimah,10,25.563949,47.164077
sa,ar rimayah,10,24.763889,46.8625
sa,ar rishadin,14,21.268321,40.548326
sa,ar rishawiyah,13,27.449267,42.462807
sa,ar riyad,10,24.653664,46.71522
sa,ar rownah,11,18.219843,42.806057
sa,ar ruays,14,21.523611,39.179444
sa,ar rubayah,05,22.857427,40.576272
sa,ar rubayiyah,08,26.376426,44.236355
sa,ar rubian,02,20.066667,41.433333
sa,ar rudaymah,14,21.766667,39.686111
sa,ar ruhaymiyah,08,25.776372,44.3343
sa,ar ruknah,08,25.295306,42.577159
sa,ar rukubah,17,16.622269,42.967445
sa,ar rumhiyah,10,25.573443,46.973922
sa,ar rushda,11,18.341867,42.850985
sa,ar rutbah,14,19.561667,41.055556
sa,ar ruwan,17,16.657778,42.763056
sa,ar ruwaq,13,27.27863,42.250456
sa,ar ruway,13,27.228415,41.181929
sa,ar ruwaydah,08,26.260833,44.277778
sa,ar ruwaydah,10,23.761817,44.762427
sa,ar ruwaydat,08,25.883333,43.45
sa,ar ruwayhan,11,19.533333,41.95
sa,artawi ar raqqas,10,25.066389,44.702222
sa,arwa,05,24.429325,39.589722
sa,arya,14,21.084974,40.624313
sa,asalan,11,20.266667,42.8
sa,asfaan,14,21.922808,39.354741
sa,asfalah,11,19.3725,41.814444
sa,asfal al batin,10,23.522346,46.83126
sa,ashaira,10,25.5929,45.797476
sa,ashaira,14,21.753926,40.650605
sa,ashavaghira,17,17.05,42.716667
sa,ashburma,17,17.983333,43.15
sa,ash shaafah,13,27.938105,41.767381
sa,ash shaaf,02,20.066667,41.35
sa,ash shaarah,14,21.45,41.8
sa,ash shaar,11,18.453478,42.475354
sa,ash shaar,17,16.671944,42.15
sa,ash shabariqah,11,18.266667,42.45
sa,ash shabayn,11,18.220163,42.279842
sa,ash shabbakiyah,08,26.167027,42.240149
sa,ash shabibiya,08,26.033043,43.76572
sa,ash shafa,14,21.072103,40.311847
sa,ash shafirah,17,17.920696,42.979168
sa,ash shafuliyah,17,16.754695,42.860435
sa,ash shahba,05,23.4,39.683333
sa,ash shahmah,10,26.11737,45.803672
sa,ash shaib,11,18.142079,42.658313
sa,ash shajwah,14,21.665444,40.0149
sa,ash shalah,14,22.170556,39.550556
sa,ash shalaniyah,13,27.728121,42.562875
sa,ash shamasiya,08,26.314072,44.262644
sa,ash shamiyah,06,27.115163,46.998726
sa,ash shamiyah,14,21.429444,39.823056
sa,ash shaqah al yamaniyah,14,19.7,40.8
sa,ash shaqqah ash shamiyah,14,19.8,40.65
sa,ash shaqra,10,25.241957,45.252778
sa,ash shaqrah,05,24.7575,40.281944
sa,ash shara,10,24.265542,44.184485
sa,ash sharafa,10,20.434726,44.901348
sa,ash sharafiyah,10,24.656667,46.670833
sa,ash sharai al ulya,14,21.516026,40.063465
sa,ash sharai,14,21.463056,39.946111
sa,ash sharai,17,18.022026,43.338204
sa,ash sharif,14,21.453813,40.241263
sa,ash sharikhiyah,10,25.568889,45.6475
sa,ash sharqiyah,13,27.862858,42.42656
sa,ash shatlaniyah,10,24.122508,45.10265
sa,ash shatt,11,18.540309,42.199197
sa,ash shawraqiyah,08,25.823695,44.211414
sa,ash shaybi,14,21.694985,39.933694
sa,ash shayhiyah,08,25.866667,43.466667
sa,ash shaykh,11,19.386137,42.049436
sa,ash shayyit,06,27.543333,47.279722
sa,ash shebark,11,19.283333,42.1
sa,ash shib,10,25.913805,45.902986
sa,ash shib,14,21.961745,39.453427
sa,ash shifa,10,24.570556,46.698056
sa,ash shifallahiyah,10,25.539085,44.446884
sa,ash shifayyah,05,23.568567,39.751141
sa,ash shihiyah,06,27.071667,47.011062
sa,ash shihiyah,08,26.256432,43.610567
sa,ash shihiyah,13,27.890386,42.681883
sa,ash shinanah,08,25.812838,43.446331
sa,ash shinan,13,27.174782,42.444897
sa,ash shiqqah,08,26.384336,43.858876
sa,ash shirayhiyah,13,27.867053,42.721271
sa,ash shirthah,13,26.616667,42.316667
sa,ash shishah,14,21.350278,39.891944
sa,ash shuaybah,06,26.433889,50.115278
sa,ash shuaybah,13,27.836396,42.740985
sa,ash shubah,15,28.882326,44.741137
sa,ash shubaykah,13,27.037343,41.462835
sa,ash shubaykah,14,21.420556,39.821111
sa,ash shubaykiyah,08,25.254557,43.285466
sa,ash shubayrimah,10,24.676406,43.677584
sa,ash shubramiyah,10,24.253611,44.13
sa,ash shuhada ash shamaliyah,14,21.263611,40.438056
sa,ash shuhada,14,21.456667,39.808611
sa,ash shuhayla,06,26.052125,49.418239
sa,ash shukayyirah,10,25.325031,45.27882
sa,ash shukrah,10,23.262222,46.681944
sa,ash shumaysi,10,24.621944,46.698889
sa,ash shumaysi,14,21.442569,39.626536
sa,ash shumlul,06,26.51711,47.332824
sa,ash shuqayq,13,27.163179,40.904513
sa,ash shuqayri,17,17.13109,42.826741
sa,ash shuqra,14,20.05,41.516667
sa,ash shurayf,05,25.707077,39.282337
sa,ash shuwamin,05,23.519767,39.707705
sa,ash shuwatah,14,21.1,40.633333
sa,ash shuwaybit,14,21.382064,40.518657
sa,ash shuwayhitiyah,20,30.310374,40.195361
sa,ash shuyukh,14,21.583333,39.683333
sa,asira,05,24.333333,38.633333
sa,asnad,10,25.216667,44.616667
sa,as saadah,10,24.705278,46.847778
sa,as sabahani,14,21.356111,39.785278
sa,as saban,13,27.043746,41.977618
sa,as sabarin,11,18.033326,42.938886
sa,as sabiyah,05,23.510451,40.312265
sa,as sadah,19,24.707816,37.601828
sa,as sadar,14,22.146096,39.401082
sa,as sadawi,06,28.110082,46.716597
sa,as sadayir,05,24.243067,39.187693
sa,as saddah,15,29.541848,42.097267
sa,as sadr,14,21.521735,40.1808
sa,as safa,10,24.6725,46.772778
sa,as safa,14,21.583333,39.214722
sa,as saffaniyah,06,27.970833,48.73
sa,as safhah,11,19.319245,41.85805
sa,as safra,05,24.01278,38.922775
sa,as safra,13,26.828209,42.142415
sa,as safra,14,21.468056,39.839167
sa,as safrah,11,18.12164,42.797604
sa,as safsafah,14,19.566667,40.9
sa,as sahaf,06,26.940912,48.581068
sa,as sahanah,10,24.016443,47.136819
sa,as sahan,05,23.103457,40.430688
sa,as sahara,11,18.283333,42.466667
sa,as sahba,10,24.191017,47.379656
sa,as sahwah,13,27.133154,41.138463
sa,as saihat,06,26.48522,50.040455
sa,as sajir,10,25.182507,44.599644
sa,as sakran,10,25.268877,44.587432
sa,as salamah,10,24.681389,46.704167
sa,as salam,10,24.703056,46.817778
sa,as salamiyah,10,24.201542,47.288715
sa,as salbukh,10,25.077671,46.344839
sa,as salihiyah,10,24.645556,46.746389
sa,as salina,06,24.745587,50.757199
sa,as samd ash shamali,14,21.675856,39.745551
sa,as samuriyah,08,24.841909,42.860103
sa,as saqiyah,13,27.153835,42.466322
sa,as saqrah,10,24.321389,43.730556
sa,as sarar,06,26.987883,48.386124
sa,as sarbah,11,19.311389,41.862222
sa,as sarif,08,26.578568,44.18197
sa,as sawad,11,19.410579,41.82462
sa,as sawrah,19,27.883333,35.316667
sa,as sayhad,10,24.487363,45.799255
sa,as sayh,08,25.991248,43.234486
sa,as sayl al kabir,14,21.625557,40.419471
sa,as sayl as saghir,14,21.504175,40.484606
sa,as siayyirah,13,27.273408,43.175946
sa,as sibakh,08,26.294396,43.974718
sa,as sidr,05,23.453637,39.76084
sa,as sifyani,14,21.47581,39.841782
sa,as sighawa,13,26.77826,42.695047
sa,as sikak,06,24.654895,50.85567
sa,as silaym,14,22.585951,39.633333
sa,as silayyil,13,27.29843,42.25737
sa,as sinnariyah,10,25.278525,44.152306
sa,as sirar,14,20.3,40.833333
sa,as sir,17,16.732531,42.904386
sa,as siwaytiyah,08,25.641229,43.199128
sa,as suayyirah,06,27.825295,47.51353
sa,as subayhiyah,10,23.677222,44.179167
sa,as subayhiyah,13,27.527353,41.443973
sa,as subaykhah,11,19.094717,43.31832
sa,as sudayra,05,24.336417,38.884177
sa,as sudayrah,06,27.307222,48.323611
sa,as sudayrah,14,21.36224,40.85112
sa,as sufay,14,19.582042,41.667055
sa,as sufayri,15,28.530565,45.801982
sa,as sufh,02,20.101745,41.30531
sa,as sufun,13,27.730517,41.535417
sa,as suh,10,25.500054,45.33817
sa,as suhaylat,05,24.975,39.134167
sa,as suhaymi,10,26.637115,45.265661
sa,as sukaa,14,19.85,41.55
sa,as sulaimi,13,26.179804,41.26434
sa,as sulaya,13,27.506783,41.464346
sa,as sulaybi,08,25.62603,43.043726
sa,as sulaymaniyah,10,24.123611,47.295556
sa,as sulaymaniyah,14,21.438889,39.827778
sa,as sulaymaniyah,20,30.559132,41.149533
sa,as sulayy,10,24.67773,46.81662
sa,as sulayyil,10,20.460669,45.577916
sa,as sulhaniyah,05,22.875698,40.485963
sa,as sulubiyah,13,26.752099,42.795943
sa,as sumariyah,05,24.921389,39.617778
sa,as sumayrah,10,24.383611,44.424444
sa,as sunay,14,21.055833,40.804444
sa,as sunayna,13,27.319201,41.054649
sa,as suq,14,21.924913,42.060042
sa,as sur,14,21.211089,40.720141
sa,as surayhah,13,27.738244,41.450935
sa,as sururiyah,14,21.358794,39.228785
sa,as suwadah,14,21.132294,40.511242
sa,as suwaydi al gharbi,10,24.569722,46.629722
sa,as suwaydi,10,24.586667,46.676667
sa,as suwaydiyah,17,16.741944,42.841944
sa,as suwayfilah,13,27.566005,41.739522
sa,as suwayriqiyah,05,23.342744,40.316825
sa,ata,08,25.709344,42.72595
sa,atf al jabara,11,20.139783,42.633792
sa,atf,14,21.283333,42.9
sa,atf,17,17.666667,43.516667
sa,athfalah,11,19.373444,41.805378
sa,ath thabitiyah,08,26.447604,42.816278
sa,ath thamamiyah,10,23.565,43.541944
sa,ath thamiriyah,08,25.955573,44.26819
sa,ath tharmida,10,25.122557,45.486999
sa,ath thinayyan,13,27.87047,42.110648
sa,ath thuaylibi,13,26.883333,42.566667
sa,ath thumalah as sufla,14,21.141817,40.519019
sa,ath thumamah,10,25.232222,46.634167
sa,atraban,11,18.183333,42.433333
sa,at taawun,10,24.773889,46.698889
sa,at tahiriyah,17,16.653726,42.784965
sa,at tandabiyah,14,23.101944,39.068333
sa,at tanim,14,21.478948,39.795724
sa,at tannumah,08,26.861944,44.168611
sa,at tarafiyah,08,26.538745,44.027229
sa,at tarfa,14,21.706694,39.873393
sa,at tarfawi,13,25.95413,42.128038
sa,at tasrir,10,25.083086,44.284113
sa,at tawdihiyah,10,24.206439,48.065393
sa,at tawilah,02,24.674122,45.208757
sa,at tawilah,08,25.5,43.75
sa,at tibah,20,30.420026,38.417841
sa,at timyat,15,29.857576,43.139698
sa,at tiraq,08,26.679938,43.307816
sa,at tiraq,10,27.319337,44.542907
sa,at-tjer,20,29.915416,40.196486
sa,at tubi,06,26.557778,49.991667
sa,at tufayha,14,21.024444,40.808056
sa,at tulayhah,13,27.390626,43.250371
sa,at tumiyah,08,26.250304,44.096873
sa,at tundubawi,14,21.410643,39.777395
sa,at turayf,20,31.672516,38.663735
sa,at turbiyah,13,27.825278,41.580833
sa,at turfiyah al gharbiyah,08,25.42,42.308056
sa,at turqi,14,21.953018,39.432421
sa,at tuwaim,10,25.661011,45.539345
sa,at tuwaiya,13,27.6,41.216667
sa,at tuwal,08,26.004912,42.385347
sa,at tuwal,13,27.98065,41.650453
sa,at tuwal,17,16.529417,42.967625
sa,auda,10,24.766667,46.55
sa,a utayfah,17,17.961924,43.192818
sa,awdakh,10,25.246111,43.919285
sa,ayn al hawwasi,20,31.363606,37.581643
sa,ayn al khufayji,14,21.707273,39.923988
sa,ayn al qannur,10,25.403603,44.495233
sa,ayn al uqayli,08,25.872161,44.205526
sa,ayn ash shaqab,06,26.683611,49.955
sa,ayn as suwayni,10,25.449997,44.424036
sa,ayn dar al qadimal,06,25.989429,49.389031
sa,ayn shaathah,14,21.939292,39.309707
sa,ayn shams,14,21.645469,39.761918
sa,ayn sulayman,05,24.314956,38.418612
sa,aythursh,11,18.678482,42.06513
sa,azizah,11,18.216667,42.433333
sa,az zabirah,13,28.005604,43.685
sa,az zafir,14,19.967326,41.506785
sa,az zahariyah,14,21.65,39.716667
sa,az zahir,14,21.446234,39.801437
sa,az zahiriyah,08,25.456523,42.903523
sa,az zahra,10,24.689444,46.728611
sa,az zahra,14,21.428826,39.800348
sa,az zahran,06,26.303239,50.135284
sa,az zalal,14,21.488186,39.594614
sa,az zandi,14,19.666667,41.55
sa,az zarqa,02,20.1,41.283333
sa,az zawiyah,17,17.966667,43.183333
sa,az zawr,06,26.595305,50.076838
sa,az zaymah,14,21.617404,40.111486
sa,az zihayriyah,08,25.632104,43.016701
sa,az zilfi,10,26.299446,44.815419
sa,az zinan,14,21.317551,40.308889
sa,az zirab,11,19.454167,41.796389
sa,az zughayn,06,26.980999,48.423907
sa,az zughbah,14,21.719704,39.94588
sa,az zuharah,11,19.079048,42.139514
sa,az zulayyim,08,26.149041,44.166008
sa,az zuluzal,13,27.333755,41.376014
sa,az zumayqah,10,23.957545,47.163216
sa,az zurra,14,21.909694,39.404186
sa,az zuwayb,14,21.918614,39.970354
sa,badai al ishsh,13,27.081675,41.675569
sa,badai al makhul,13,26.586552,42.561725
sa,badai al mashailah,10,24.471583,46.038155
sa,badai as saban,13,27.010415,41.958559
sa,badai as sighawa,13,26.731389,42.726667
sa,badai murayfiq,13,27.350733,41.631386
sa,badai mushrifah,08,25.048333,42.6975
sa,badai naqbayn,13,27.632957,41.639887
sa,badai riman,08,25.086111,42.688889
sa,badanah,15,30.986449,41.018988
sa,badarah,17,17.885487,43.714114
sa,badayi al usmah,10,23.738921,44.569031
sa,badayi bin najm,10,24.903889,43.518333
sa,badr,05,23.782918,38.790468
sa,badr,10,24.545833,46.708056
sa,baharah,14,21.401547,39.444069
sa,bahrah,17,16.935556,42.768889
sa,bahrat al mujahidin,14,21.411098,39.488908
sa,bahr,11,18.337363,41.910974
sa,bahwah,11,18.7,42.416667
sa,baisari,17,16.533333,42.8
sa,baiyadha,17,17.097863,43.091021
sa,bakha,06,26.716667,48.633333
sa,bakhsha,17,16.898647,42.598774
sa,baladin as sakran,10,25.283333,44.583333
sa,balaisah,10,23.883333,46.983333
sa,baljarshi,14,19.859444,41.557222
sa,balum,08,27.1,43.966667
sa,banban,10,25.001667,46.588056
sa,bani awad,06,25.433333,49.716667
sa,bani hamim,17,17.826944,44.014722
sa,bani hayf,11,18.15,42.833333
sa,bani isa,14,19.286688,41.426261
sa,bani malik,11,18.291862,42.566446
sa,bani malik,14,21.530047,39.202229
sa,bani man,06,25.383333,49.633333
sa,bani rizam,11,18.333333,42.466667
sa,bani sar,02,20.109732,41.443385
sa,bani sharfa,14,19.728187,41.430368
sa,bani thawr,11,18.588094,42.694721
sa,bani ubayd,14,19.883333,41.55
sa,baqaa,05,24.216667,38.716667
sa,baqaa,13,27.899278,42.394946
sa,baqa,17,17.820667,43.407307
sa,baqira,14,19.95,42.466667
sa,baqran,14,21.116667,40.65
sa,baranah,14,21.55852,39.816404
sa,barjisiyah,08,26.233333,44.233333
sa,barka,05,24.183333,38.45
sa,bartiya,05,24.283333,38.583333
sa,barzayn,11,18.25,42.783333
sa,bashm,14,21.482222,39.820833
sa,basra,17,17.933333,43.383333
sa,bawda,10,25.830632,45.69155
sa,bawdah,10,24.89762,46.295414
sa,bayad ad dathir,05,24.918889,40.090833
sa,bayda nathil,08,25.208649,42.888146
sa,bayda nathil,13,27.046798,40.425545
sa,baydayn,14,18.672892,41.312334
sa,baysh,17,17.37599,42.538653
sa,baytariyah,17,16.716667,42.966667
sa,bayt maqbul,17,16.811111,42.731111
sa,ben gamarsh,10,23.6,45.433333
sa,beniruh,11,19.133333,42.15
sa,ben shefefani,10,23.566667,45.433333
sa,bida,10,24.083333,47.2
sa,bijadiyah,10,24.280278,43.781389
sa,bilad awf,14,21.216667,40.483333
sa,bilad bani amr,11,19.162562,42.136538
sa,bilad hanabijah,10,20.466667,44.9
sa,bilad mashwal,11,18.6,42.116667
sa,bil hasbil,11,18.630833,42.726667
sa,bin hadi,17,18.121381,41.910866
sa,bin hashbal,11,18.620471,42.691402
sa,bir ad dibba,14,18.983333,41.183333
sa,bir al abd,10,23.568278,44.759945
sa,bir al ayshamah,05,24.171389,38.649722
sa,bir al mashi,05,24.219355,39.550894
sa,bir ayn qattan,11,18.926471,44.06562
sa,bir hijrat al hamjah,10,23.315556,44.732778
sa,bir idamah,11,18.529167,44.203056
sa,bir jamajim,17,18.183333,41.8
sa,birka,05,23.820227,38.859704
sa,birka,10,25.15,44.683333
sa,bir lijah,10,23.683013,44.887446
sa,bisha,11,20.000538,42.605203
sa,bishat ibn salim,11,18.172691,42.834218
sa,bishat mushayt,11,18.266667,42.75
sa,bu bir,14,19.883333,41.783333
sa,bugaiya,08,26.316667,42.933333
sa,bughaili,10,25.333333,44.5
sa,buhaira,14,20.733333,39.4
sa,bu khayr,14,19.85,41.6
sa,bulaida,10,24.566667,46.233333
sa,buqaya al janubiyah,08,25.047501,43.000147
sa,buqaya al luaah,08,25.083333,43.133333
sa,buraida,08,26.325986,43.974966
sa,buraiman,14,21.650046,39.232979
sa,buraykah,14,22.343654,39.325395
sa,burqah,14,21.666667,39.716667
sa,busai,14,21.216667,40.733333
sa,busaytah,11,19.583333,41.883333
sa,bu tawq,17,16.933333,41.9
sa,buthal,17,16.783333,43.25
sa,caf,20,31.394805,37.500894
sa,camp rufhah,15,29.634248,43.519408
sa,cape tannura,06,26.643889,50.159167
sa,chuwaitir,08,26.1,44.133333
sa,cradle of gold,05,23.499655,40.884084
sa,daba,19,27.351336,35.690136
sa,dabbah,10,25.127457,43.649889
sa,daff khuzaah,14,21.535813,39.665874
sa,daff zayni,14,21.558939,39.682219
sa,daghabij,05,23.865925,38.901787
sa,daghbadi,14,20.4,39.716667
sa,dahaban,14,21.930864,39.117971
sa,dahina,17,16.534756,42.793659
sa,dahis,10,24.1,44.933333
sa,dahl hit,10,23.447222,47.009722
sa,dailami,11,20.130418,42.63411
sa,dakhila,10,25.616667,45.666667
sa,dalham,11,18.9425,41.975278
sa,dalmah,10,25.8,45.266667
sa,dalqan,02,24.25,42.616667
sa,dalqan,10,24.267613,45.59299
sa,damad,17,17.104258,42.781549
sa,dammari,17,17.183333,42.583333
sa,damrur,14,20.95,39.283333
sa,damthi,10,25.383027,44.461907
sa,darah,05,24.995,40.333056
sa,darain,06,26.546342,50.076431
sa,dar al husayn,14,19.766667,41.866667
sa,dar al jabal,14,19.833333,41.583333
sa,dar al wadi,14,19.1,41.166667
sa,darb al ibl,15,28.629219,45.341171
sa,darb bani shaba,11,18.066667,42.45
sa,darb,11,18.199741,42.873277
sa,darin fort,06,26.573316,50.036936
sa,dariyah,08,24.733333,42.916667
sa,dawbah,08,25.632471,42.275688
sa,dawmat al jandal,20,29.808148,39.869616
sa,dhabhah,06,27.929769,45.37919
sa,dhahi,17,16.766667,43.233333
sa,dhahran,17,17.672312,43.523575
sa,dharbin,11,18.666667,42.45
sa,dhi al munash,11,17.946931,42.48173
sa,dhurm,14,21.200766,42.792264
sa,dighnun,13,26.916955,42.108233
sa,dil al kharwa,05,24.928611,39.030556
sa,diqalah,10,25.323331,46.168561
sa,dirab,10,24.501389,46.626111
sa,diraybis,05,23.364977,39.22307
sa,diraymihah,08,26.187758,43.124483
sa,diri,14,22.609444,41.355556
sa,dirs,11,18.542215,42.079644
sa,djaladjil,10,25.675985,45.454434
sa,djayzan,17,16.889167,42.551111
sa,djidda,14,21.516944,39.219167
sa,dokhna,08,25.35621,43.622679
sa,domot,17,16.933333,41.866667
sa,dubaila,14,21.9,42.066667
sa,dubayah,13,27.965396,42.175175
sa,dudah,17,16.917462,42.950045
sa,dughaimiya,14,21.961902,42.055818
sa,dughaybjah,14,22.590278,41.359722
sa,duhayma,08,25.52837,43.836981
sa,duhayqah,17,16.934722,42.609444
sa,dulaidila,05,23.2,38.8
sa,dulayhan,13,27.289084,40.96663
sa,dulaym,17,17.988691,43.357794
sa,dwarah,10,24.174444,44.991667
sa,el ain al jumah,11,18.316667,42.533333
sa,el khis,10,25.873255,45.108337
sa,esh sad,11,19.35,42.033333
sa,ethnen,11,18.866667,42.266667
sa,etra,20,31.386946,37.623917
sa,faidah,14,21.919947,39.388588
sa,faid,13,27.114228,42.518175
sa,faidha,10,25.334836,44.464848
sa,faifa,17,17.280599,43.137349
sa,faihiq,10,24.478876,46.387675
sa,fajhaniya,08,25.883333,43.5
sa,falas,17,17.05513,42.849436
sa,fanuda,05,25.35,40.616667
sa,faqarah,10,24.546111,43.936111
sa,farasan,17,16.702222,42.118333
sa,farwan,17,17.7308,43.49954
sa,fayad ash shara,10,24.246111,44.167778
sa,faya,11,18.386186,42.451461
sa,faydat al mislah,14,22.5025,40.766944
sa,faydat ibn suwaylim,13,27.158284,40.62557
sa,faydat yaklib,13,26.886195,43.143728
sa,fayyadah,08,25.518631,42.724309
sa,fihan,10,24.566739,46.732473
sa,fiji,05,24.266667,38.566667
sa,firzan,10,24.206016,47.244877
sa,fiyad qulayyib khudr,20,30.790375,37.876806
sa,foda,06,25.94431,49.497011
sa,fugana,17,16.916667,42.616667
sa,fugwa,17,16.733333,41.9
sa,gabouk,19,28.399804,36.571505
sa,gamra,17,16.995,42.799722
sa,ghadhwar,13,26.733333,41.35
sa,ghadnah,11,19.471667,41.809444
sa,ghafaqiya,17,16.783333,42.866667
sa,ghaifa,10,26.183333,44.8
sa,ghalfah,17,17.233333,43
sa,ghalidh,11,18.233333,42.6
sa,ghammas,08,26.239943,43.881439
sa,ghamrah,13,26.603842,42.328175
sa,ghamr,17,17.566667,42.683333
sa,ghanam,11,18.338862,41.99141
sa,ghanamiyah,10,24.211543,47.251183
sa,ghanwa,06,27.016667,48.458611
sa,ghasiba,10,22.273118,46.716536
sa,ghat,10,26.028611,44.952943
sa,ghatti,20,31.266538,37.527451
sa,ghawan,17,17.326803,42.59911
sa,ghawiya,17,16.565064,43.110962
sa,ghaya,17,17.526436,42.685418
sa,ghirnatah,10,24.789167,46.735278
sa,ghisil,13,26.583611,42.019444
sa,ghiyanah,10,25.083333,46.283333
sa,ghizlan,06,26.853723,49.901766
sa,ghumayqah,14,20.301717,40.459034
sa,ghunan,06,26.133333,49.9
sa,ghurabah,14,21.151506,40.588714
sa,ghuraira,11,18.615327,42.679885
sa,ghuslah,10,25.223172,45.291981
sa,ghuziyyat,14,21.651487,39.637334
sa,gran,11,18.4,42.55
sa,gubba,13,28.015884,40.944761
sa,guntan,11,19.023118,42.117841
sa,habawnah,17,17.848097,44.025924
sa,habil,14,18.975067,41.352867
sa,hada ash sham,14,21.79411,39.683238
sa,hadaba,17,17.316667,43.283333
sa,hadabah ghabra,11,19.309517,41.811762
sa,hadabah,13,26.883333,41.45
sa,hadabah hamra,11,19.283333,41.833333
sa,hadah,14,21.652743,40.01417
sa,hadbah,14,22.083836,40.020635
sa,hadban,20,30.061413,40.319525
sa,haddad,14,20.6,41.2
sa,hadda,14,21.450278,39.554444
sa,hadhira,17,17.666667,43.483333
sa,hadhlulah,10,24.497199,46.308924
sa,hadhra,02,20.233333,41.05
sa,hadiyah,05,25.541667,38.743056
sa,hadjumbah,17,16.783333,42.983333
sa,hadrah,17,18.035965,43.527438
sa,hadram,02,20.216667,41.233333
sa,hadri,10,25.483333,44.416667
sa,hael,13,27.521876,41.690732
sa,hafa,08,26.366667,43.983333
sa,hafar al atk,10,25.954408,46.497377
sa,hafirat al ayda,05,26.433333,39.2
sa,hafirat ash shuqayq,13,27.18806,40.828878
sa,hafirat nisah,10,24.181808,46.360781
sa,hafir,17,17.947799,43.465718
sa,hafir kishb,14,22.811652,41.127818
sa,haija muraqqa,17,17.295164,42.747754
sa,haima,17,16.833333,41.883333
sa,haitan,10,26.2,44.85
sa,hait,13,26.15,40.6
sa,hajambar,17,17.764693,41.9882
sa,hajar,11,19.382758,41.861977
sa,hajar,14,22.166667,39.533333
sa,hajir ash shih,10,25.312614,45.263101
sa,hajlah,11,18.25,42.633333
sa,hajrat al khinbish,10,27.782477,45.036749
sa,hajrufah,10,24.509871,46.062998
sa,hajur,14,23.01462,39.731659
sa,hakimah,17,17.011386,42.838461
sa,hala al abd,11,17.966667,42.466667
sa,halaban,10,23.483119,44.371413
sa,halamah,14,21.955957,39.703876
sa,halaqat al afraj,10,24.241635,47.212103
sa,halat ammar,20,29.161944,36.075833
sa,halb,14,18.666667,41.366667
sa,hallat,06,26.538889,49.999444
sa,halqat al afraj,10,24.206944,47.245
sa,hamamah,14,22.4,39.35
sa,hamayyah,17,16.989323,43.160416
sa,hamdah,11,19.033333,43.6
sa,hamdana,14,19.983844,40.570414
sa,hamdha,17,17.866667,43.716667
sa,hamdiyah,10,26.216667,44.783333
sa,hamid,11,18.85,42.9
sa,hamma,14,22.106944,40.253889
sa,hamran,14,19.833333,41.6
sa,hamrurah,10,24.396111,44.444722
sa,hanaidhil,08,26.962509,44.107903
sa,hanak,19,25.503493,37.01635
sa,hanidh,06,26.580704,48.628628
sa,haqqaq,14,22.816667,39.266667
sa,haqu,11,18.088115,42.218237
sa,haradah,10,22.766667,46.233333
sa,harad,06,24.148495,49.057699
sa,harad,14,21.645316,40.03879
sa,haraira,11,20.1,42.633333
sa,haraja,17,17.929776,43.364821
sa,harajah,17,17.100596,42.813437
sa,harat al bab,14,21.424167,39.819444
sa,harfain,11,18.966667,42.9
sa,harf,14,21.250455,42.79634
sa,harf,17,17.283333,42.716667
sa,harithi,14,21.283333,40.283333
sa,harkat,14,20.35,39.766667
sa,harrat al azahirah,14,19.816667,41.733333
sa,harshaf,17,17.665613,43.883778
sa,harthiya,05,24.243496,38.542945
sa,harub,17,17.472084,42.882863
sa,hasa,17,17.933333,41.633333
sa,hashash,11,19.2,42.116667
sa,hasim,17,16.682648,42.979022
sa,hassi,14,20.6,42.116667
sa,hauta,10,25.595066,45.614497
sa,hawalah,14,19.783333,41.716667
sa,hawaya,14,21.25,40.416667
sa,hayla,17,16.833333,41.866667
sa,haylat radi al baham,05,24.083611,39.725278
sa,hayy al hamdaniyah,14,21.74079,39.196838
sa,hayy al mahattah,10,24.235833,47.3725
sa,hayy al malik abd al aziz,10,24.768889,46.698056
sa,hayy al malik fahd,10,24.741389,46.6725
sa,hayy al malik faysal,10,24.755833,46.781667
sa,hayy as salihiyah,14,21.765278,39.211667
sa,hayy as sifarat,10,24.681111,46.623611
sa,hazmiyah,10,24.636944,43.511667
sa,hijrat laban,10,24.636667,46.596667
sa,hillat abu hizam,10,24.194457,47.271212
sa,hinayah,17,17.25,43
sa,hirmah,05,24.578002,40.352117
sa,hishash,14,21.923581,39.889814
sa,hisn al quhayb,02,20.133333,41.066667
sa,hittin,10,24.753889,46.600833
sa,hizwa,10,24.996944,46.235556
sa,hubaris,14,18.8,41.25
sa,hudayb,11,19.95,42.583333
sa,hudayb,20,30.066836,40.392973
sa,hudayrah,05,24.487015,38.047164
sa,hudayrah,19,24.807303,37.732697
sa,hujjaj,17,16.575385,43.092946
sa,hujrah,13,26.833333,41.366667
sa,hujrah,14,21.883333,42.033333
sa,hulaifa,13,25.993432,40.81391
sa,hulaifa kharba,13,25.933333,40.7
sa,hulayfah,10,25.241442,46.208314
sa,humr,17,16.783333,42.016667
sa,husainiyah,05,23.854693,38.899579
sa,husnah,14,21.802456,39.593844
sa,huwaiyina,10,25.416667,44.433333
sa,huwaymidah,10,26.4675,45.167778
sa,huwaytah,02,24.615687,45.257807
sa,huwayyan,13,27.031117,41.21063
sa,huzaimiya,14,21.25,42.833333
sa,ibdah,13,26.965956,42.346807
sa,ibn aish,15,30.303788,42.352492
sa,ibn isa,08,26.35,43.983333
sa,ibn khaldun,06,26.4225,50.102222
sa,ibn lughaysim,15,28.235956,45.246373
sa,ibn sadan,10,23.966667,45.133333
sa,ibn sharar,06,27.830787,46.411495
sa,ibn shuraym,15,29.948871,43.365024
sa,ibn suayyid,15,31.068416,40.785686
sa,ibn suqi,15,29.759768,43.265677
sa,ibn tuwalah,15,28.61082,45.390157
sa,ifriyah,10,24.555556,45.684712
sa,ihmam,10,20.82977,45.811658
sa,ijwai,10,25.817858,45.404178
sa,ilbaras,08,26.3,43.9
sa,ilb,10,24.783333,46.533333
sa,imarat al mistawi,08,26.21081,44.580055
sa,iqdah,13,27.518333,41.604167
sa,irsan,11,18.051002,43.059473
sa,ishayrat al makhamir,10,25.114382,43.5947
sa,istabl antar,05,25.09842,38.890695
sa,itwad,17,17.61908,42.195163
sa,jabala,11,19.966667,42.6
sa,jabal al qawm,06,26.605,49.978056
sa,jabrah,10,24.621111,46.714444
sa,jadaah,05,25.378889,38.8175
sa,jaddalah,10,23.970906,45.069337
sa,jadidah,05,23.811354,38.839411
sa,jadid,13,26.001111,42.199722
sa,jafn dabb,10,24.243708,45.661688
sa,jafn,10,25.285285,44.570273
sa,jahra,14,21.151466,40.526165
sa,jalib bulaihi,08,26.166667,44.366667
sa,jallal,11,19.778621,42.235491
sa,jallat al mawt,17,17.603921,43.049475
sa,jama,17,18.016667,43.116667
sa,jammah,17,16.75,42.85
sa,jammalah,17,17.183868,42.578488
sa,janib sharah,14,21.05,39.233333
sa,jara al qaid,13,27.87174,41.742419
sa,jaradat al buraykah,08,25.986126,43.807986
sa,jara,17,17.266667,43.1
sa,jarba,11,18.566667,43.233333
sa,jarir,10,24.695,46.7425
sa,jarrarah,06,27.011944,47.066667
sa,jarrar,08,25.424161,42.807857
sa,jarudiyah,06,26.541389,49.984722
sa,jarwal,14,21.432778,39.818611
sa,jasar,08,26.183333,43.983333
sa,jash,11,19.373229,43.452238
sa,jatha bani shubayl,17,16.65,42.983333
sa,jaw,10,24.493111,46.161625
sa,jaww al hasah,08,25.633747,43.961496
sa,jawzan,11,18.621783,42.013419
sa,jawz,11,18.233333,42.416667
sa,jazirah,11,18.633333,42
sa,jazira,11,19.063854,42.985319
sa,jelajil,14,19.9,40.533333
sa,jibalah,13,28.535539,42.710193
sa,jidanah,14,19.783333,41.733333
sa,jidarah,14,20.066667,41.483333
sa,jidhdhanah,14,19.801327,41.723468
sa,jifin,10,25.287778,44.575833
sa,jilhayah,14,19.85,41.566667
sa,jimajim,20,31.00618,37.678231
sa,jirab,10,26.766665,44.991606
sa,jirubah,14,21.366667,40.266667
sa,jish,06,26.513333,49.991667
sa,jubah,10,24.547904,45.06541
sa,jubbah,13,27.988333,40.9425
sa,judah,06,25.85957,48.832081
sa,judaira,14,21.366667,40.433333
sa,jufayfa,13,27.1917,40.991835
sa,juha,17,16.669491,42.89225
sa,juhayrah,17,17.153229,42.684139
sa,julaijilah,06,25.5,49.6
sa,julaylah,14,22.533333,39.616667
sa,julayyil,14,21.964276,39.757998
sa,junaih,11,20.066667,42.6
sa,jundiyah,17,16.8,42.983333
sa,juraida,08,25.9,43.366667
sa,jurayban,15,29.575833,43.864444
sa,jurumah,13,27.049332,40.911695
sa,jush,14,21.119956,40.780622
sa,kabshan,08,24.532632,43.311934
sa,kadara,17,17.414138,42.537045
sa,kadwat al awaj,14,18.763889,41.378611
sa,kalul,17,16.897596,42.846719
sa,kamb ad dulu,13,27.714795,41.155531
sa,karinah,02,20.066667,41.383333
sa,kasavia shami,17,16.95,42.633333
sa,kayyat,14,18.736389,41.406667
sa,kefeirah,11,18.783333,41.533333
sa,khabath said,17,16.997778,42.732222
sa,khabb-al-qabar,08,26.307115,44.039724
sa,khabra al barazat,10,23.960099,45.828406
sa,khadar,08,26.25,44
sa,khadrah,11,19.225966,42.096091
sa,khadra,08,25.493199,42.996753
sa,khafaq,11,18.7,42.45
sa,khafji,06,28.423712,48.509063
sa,khafs daghara,10,23.833267,47.191225
sa,khaibar,11,18.796858,42.872427
sa,khaif fadhil,05,24.269019,38.566262
sa,khalah,10,24.683056,43.553333
sa,khalfah,17,16.554614,43.089377
sa,khamam,06,26.522778,50
sa,khamdan,14,20.2,41.5
sa,khamis ash shahran,02,20.066837,41.186385
sa,khamis mushait,11,18.306389,42.729167
sa,khamis mutayr,11,18.702431,42.108704
sa,khanuqah,10,24.393333,43.682778
sa,khasaa,17,17.833333,41.8
sa,khashm al an,10,24.668274,46.874478
sa,khashran,11,19.226116,42.070704
sa,khatib,17,16.896043,41.857367
sa,khawajiyah,17,17.15,42.65
sa,khawa,20,29.798865,40.443274
sa,khawlah,17,16.9,41.833333
sa,khayalat abu suwaytif,10,24.832903,46.486773
sa,khay,14,18.764661,41.379838
sa,khella,17,16.733333,42.083333
sa,khidlan,17,16.666667,43.1
sa,khishaybi al hadar,08,25.762119,43.283533
sa,khubayb ar rim,10,24.409296,45.928333
sa,khubayra,06,27.803889,47.199444
sa,khudayrah,17,17.077903,42.75081
sa,khuff,10,24.924562,44.707661
sa,khuff,19,25.333333,37.333333
sa,khulais,14,22.155533,39.320151
sa,khumrah,14,21.372345,39.225541
sa,khumsiyah,17,16.771389,42.801944
sa,khunayfisan,10,26.574847,45.113649
sa,khunayfsah,10,23.853481,44.783405
sa,khurayman ash shaghghar,10,25.448889,44.155749
sa,khurayman,10,25.532154,44.143505
sa,khuraysah,10,23.587222,44.707778
sa,khurays,06,25.086716,48.043098
sa,khurayyim said,19,25.880556,36.810556
sa,khurma,17,17.991667,41.7
sa,khuwaildiya,06,26.551389,49.990833
sa,kidan,14,20.9,39.366667
sa,kidwat al ghawanimah,14,18.77,41.426111
sa,kihlah,08,25.468735,42.689163
sa,kihlah,13,26.610432,42.643787
sa,kilwa,20,29.7,37.533333
sa,king faisal military city,06,28.45,45.966667
sa,kna,13,27.777122,41.423874
sa,krom,11,19.314663,42.060854
sa,kubah,05,24.4,39.65
sa,kudayd,11,19.345831,41.805002
sa,kudayd,14,22.45,39.533333
sa,kuff,14,20.8,39.366667
sa,kulaikh,14,21.297237,40.795258
sa,kulayyah,14,22.533333,39.266667
sa,kuluf el masri,17,17.766667,41.916667
sa,kurma,14,19.3,41.033333
sa,kutnah,11,19.193503,43.388498
sa,labkah,02,24.512767,45.382985
sa,lahbey,11,19.2,42.083333
sa,lailah,10,22.292057,46.723764
sa,lainah,15,28.761305,43.738212
sa,la mecque,14,21.426667,39.826111
sa,lammaah,10,24.571866,46.192984
sa,lauga,15,29.82619,42.770509
sa,lili,10,24.074761,45.003532
sa,lughaf,10,26.2,44.8
sa,maaniq,10,24.493611,46.097778
sa,maashsh ramlan,17,17.643047,42.279393
sa,mabda,17,17.666892,43.476391
sa,madinat al malik fahd as sahiliyah,06,22.1625,50.069444
sa,madinat yanbu as sinaiyah,05,23.999444,38.2275
sa,madsus,05,24.354504,38.552941
sa,mafraq,05,23.739358,38.756714
sa,mafraq thadiq,10,25.501346,45.923826
sa,mafruq,14,21.523507,40.176934
sa,maghati,06,26.674979,48.630949
sa,maghib,10,24.890833,44.546667
sa,maghrabah,10,24.468056,43.877778
sa,mahadid,14,21.230117,40.12118
sa,mahalla,17,17.266157,42.591671
sa,maham,08,24.439167,41.989167
sa,mahariqah,10,23.988735,45.070803
sa,mahatah,17,16.833333,43.166667
sa,mahattat as sir al gharbiyah,10,24.796111,44.814722
sa,mahbubah,17,17.133333,42.85
sa,mahdawa,17,18.255556,41.893333
sa,mahdumah,08,25.688764,43.086713
sa,mahinbah,14,22.186052,39.543289
sa,mahlal,11,18.3,42.583333
sa,mahla,17,17.333333,42.6
sa,maidah,10,24.571126,46.208896
sa,majaba,17,17.95,43.516667
sa,majar,17,17.167877,42.720967
sa,majma,17,17.963611,43.604167
sa,makasir,14,18.966667,41.133333
sa,makhail,11,18.546389,42.048889
sa,makhshushah,11,19.442796,41.793882
sa,malaiya,08,25.833333,43.416667
sa,malakan,14,21.215833,39.950278
sa,malakiyah,17,17.05,42.95
sa,malawi jidarah,14,20.833333,40.633333
sa,malgocta,17,16.997778,42.673889
sa,malha,14,21.266667,42.816667
sa,malham,10,25.14339,46.265049
sa,mallahah,06,26.515833,50
sa,malqa,08,26.116667,43.95
sa,malqa,10,24.806716,46.536995
sa,manakh,06,27.601794,46.313035
sa,mandaraq,17,16.754129,43.148979
sa,manfadh al khafji,06,28.520511,48.410778
sa,manfuhah al jadidah,10,24.608611,46.7125
sa,manfuhah,10,24.595833,46.727778
sa,manifah,06,27.613611,48.984167
sa,manjamah,14,18.740833,41.366389
sa,mansiyah,17,17.086461,42.499759
sa,mansur,06,25.933333,49.683333
sa,manwa,20,31.377998,37.584214
sa,manzila hadriya,08,26.016667,43.716667
sa,manzilah,10,26.25,44.8
sa,maqab,17,16.883333,42.8
sa,maqrah,05,24.401048,38.71784
sa,maqshush,05,23.587871,38.612403
sa,maqta ar rijma,14,20.8,39.4
sa,marabah,11,17.908104,42.443635
sa,maraghan,08,26.011777,42.807982
sa,marah,10,25.070074,45.46147
sa,marah,17,16.666667,43
sa,maraj as suban,06,27.975278,47.023889
sa,mariyah,11,18.85,41.966667
sa,marjan,10,24.016944,44.947222
sa,markaz ash shurtah,14,18.433333,41.45
sa,marran,14,19.596111,41.704167
sa,marterel,17,16.966667,42.7
sa,marwah,17,17.273495,43.107899
sa,marwan,10,22.058772,46.672267
sa,masaddah,10,24.53598,44.273837
sa,masahili,05,24.027768,38.23246
sa,masawi,10,24.945556,43.835833
sa,mashajji,14,21.738889,39.966667
sa,mashi,14,21.287262,40.394671
sa,mashquq,08,26.916667,43.516667
sa,mashrufah,11,18.531903,43.208145
sa,mashuqah as sufla,05,22.870306,40.552632
sa,masihat mahd al hayl,14,21.941965,39.893775
sa,masil,10,24.1775,44.660556
sa,masjid ar rashid,06,27.916667,45.4
sa,maskar,14,21.752543,40.318084
sa,masliyah,17,17.459875,42.557204
sa,maslum,10,23.9525,43.710556
sa,masqarah,11,18.55,42.466667
sa,mastabah,14,20.822008,39.424368
sa,masturah,05,23.116111,38.841389
sa,matalah,10,20.466667,44.85
sa,matan,17,17.427888,42.548128
sa,matariq,17,16.9,43.116667
sa,mathan,17,16.426557,42.923782
sa,matirith,17,17.133333,42.683333
sa,matiyah,14,21.544472,39.822834
sa,mauqaq,13,27.385324,41.174177
sa,mawan,10,23.918077,46.842401
sa,mawarah,05,24.2,38.433333
sa,mayzah,17,17.653889,43.536667
sa,mazari al haylah,20,30.078056,40.267222
sa,mazari sajir,10,24.994722,44.469444
sa,mazati al kaysumah,20,30.008889,40.101389
sa,mazma,11,18.3,42.483333
sa,mazraat an nuhayyan,20,30.070556,40.203611
sa,mazraat sultanah,20,30.244444,40.218333
sa,mekik,17,16.733333,41.883333
sa,mena,14,21.413333,39.894722
sa,meshrif,14,19.1,41.333333
sa,mibari,08,26.054489,42.235248
sa,mihayyidah,08,25.412813,42.814307
sa,mijannah,17,16.554167,43.0075
sa,milhah,05,24.05,38.3
sa,minjarah,17,16.710796,43.03567
sa,minsafa,10,26.883333,44.716667
sa,minshar,13,27.579835,41.641821
sa,misca,08,24.822067,42.919119
sa,mishallah,06,27.006862,47.238056
sa,mishash al baqar,10,23.978333,47.099722
sa,mishash as suhul,10,25.291928,45.784724
sa,mishash jurud,08,26.558366,42.781585
sa,mishash rukayyan,08,25.354176,42.581765
sa,mishlah,10,26.831647,45.224128
sa,mishrifah,10,24.673834,46.014183
sa,mismah,17,17.266667,43.15
sa,mizhirah,17,16.826111,42.733333
sa,mizil,10,24.009322,45.196702
sa,muarran,17,16.733333,43.15
sa,mubarriz,13,27.267791,42.222761
sa,mubayid,10,25.82792,45.804824
sa,mudaysis,10,25.235699,43.431502
sa,mudhallala,14,21.15,40.6
sa,mudhra,11,18.65,42.433333
sa,mugharah,10,25.466667,44.5
sa,mugharrzat,10,24.763611,46.725833
sa,mughayra,10,24.369388,45.01318
sa,muhaiyidha,10,25.45,44.5
sa,muhashwila,14,18.933333,41.216667
sa,mujamma al hadithah,20,31.513442,37.111764
sa,mujar,17,16.607683,42.990027
sa,mukhaykiran,10,25.505556,45.266944
sa,mukhtarah,17,16.665435,42.937557
sa,mulaidja,06,27.271029,48.424193
sa,mulaih,10,26.1443,44.917477
sa,munaizila,08,25.966667,43.683333
sa,munavsif,10,24.166174,47.22897
sa,munifat al qaid,13,27.861125,41.652758
sa,munifat jalwah,10,24.579167,43.551111
sa,muqabil,10,20.466667,44.833333
sa,muqabil,14,21.22505,42.787688
sa,muqammar,11,18.367773,42.462799
sa,muqbilah,10,25.58322,45.630891
sa,murabba,05,25.386234,38.354162
sa,murayfiq,13,27.363134,41.644551
sa,murshidiyah,14,21.491568,39.792881
sa,musabih,11,18.7,42.016667
sa,musaghir,02,20.083333,41.416667
sa,musaykah,17,17.966389,41.724444
sa,musaylah,02,20.159556,41.264881
sa,musaylim,14,19.653751,40.966161
sa,mushrifah,10,24.766667,43.766667
sa,mushrif,08,25.997568,44.265347
sa,mutiah,10,24.204623,45.0604
sa,mutribah,06,27.382653,47.116888
sa,mutribah,08,25.487603,42.308501
sa,muwaisil,10,22.416667,46.166667
sa,muzayfir,08,25.380619,43.002583
sa,muzdalifah,14,21.411136,39.908813
sa,naajan,10,24.078193,47.165775
sa,nabwan,10,24.525556,43.950556
sa,nadinah,06,26.314167,50.148056
sa,nafjah,08,25.663081,43.370584
sa,naghbi,17,17.733333,42.25
sa,nahud,14,18.3,41.5
sa,najiah,11,20.267113,42.766402
sa,najikh ash shamali,08,25.014146,42.673341
sa,najik,10,24.664722,43.626944
sa,najmah,06,26.7,50.095833
sa,najmah,17,17.302382,42.544725
sa,nakhalat,08,26.283333,43.9
sa,nakhl an nilah,14,20.397602,40.472943
sa,nakhl shahabah,14,20.283333,40.583333
sa,nakhl uaywij,13,27.7,42.316667
sa,namar,10,24.57,46.686944
sa,namasiyah,08,25.833333,44.266667
sa,namirah,14,19.594284,41.650714
sa,naqa,10,24.947222,43.800278
sa,naqaybat ash shumaysi,14,21.6,39.683333
sa,nashir,11,19.198454,42.074463
sa,nazwah,10,20.483333,44.883333
sa,nikhb,14,21.25,40.45
sa,nimran,11,20,42.6
sa,nisab,15,29.192745,44.715978
sa,nizlah,14,21.516667,39.633333
sa,nuaima,10,20.466667,44.883333
sa,nubayha,08,25.946955,43.06966
sa,nughaila,11,20.045831,42.607415
sa,nujail,05,24.266667,38.65
sa,nukhail al abd,10,25.266667,45.383333
sa,nukhail el abd,10,26.2,44.766667
sa,nukhail mashan,10,25.1,44.633333
sa,nukhaylan,10,23.995134,44.947872
sa,numayr,17,16.8,43.2
sa,nuzlat al faqin,14,21.983476,39.412365
sa,qaariyah,17,16.92296,42.604837
sa,qadab,17,17.266667,42.766667
sa,qadda,11,18.9,42.9
sa,qa ghari,08,25.997722,44.025713
sa,qahr,10,26.85,44.766667
sa,qaid,11,18.216667,42.533333
sa,qaima,17,17,43
sa,qaiyah,10,26.427621,45.580715
sa,qaiya,14,21.233333,42.8
sa,qalbiyah,17,17.183333,42.5
sa,qanziyah,14,20.040806,42.295792
sa,qarainah,10,21.966667,46.55
sa,qaran,05,23.285638,40.32488
sa,qaraqir,20,31.259722,37.770278
sa,qararah,11,18.3,42.883333
sa,qarar,17,17.75,42.25
sa,qariya as sifla,06,27.480555,47.873708
sa,qarn ahad yubah,11,17.886126,42.469642
sa,qarn as suwida,11,17.937592,42.761217
sa,qarn hadhil,11,19.289284,41.819282
sa,qarn mazabbar,17,16.783333,43.2
sa,qarn,17,17.933333,43.4
sa,qartabah,10,24.809167,46.728333
sa,qartaniya,08,25.85,43.5
sa,qarwat,17,17.883333,43.35
sa,qaryah,08,26.333333,43.933333
sa,qasr al ballaji,08,25.853084,43.251038
sa,qasr al battah,08,25.827257,43.3361
sa,qasr ali,08,26.15,43.933333
sa,qasr ammar,10,25.572309,44.314671
sa,qasr an nasiriyah,10,24.654332,46.679511
sa,qasr badawi,10,25.5,44.416667
sa,qasr hilliyah,10,25.55,44.333333
sa,qasr ibn khuraiyif,10,23.45,46.666667
sa,qasr ibn shuhayl,10,24.476944,46.338889
sa,qasr ibn uqayyil,08,25.843301,43.370354
sa,qasr khalid,14,21.866667,42.033333
sa,qasr lahiya,10,25.533333,44.416667
sa,qasr mulaih,10,25.266667,44.583333
sa,qasr sunaidi,10,25.266667,45.283333
sa,qasr umaia,08,25.983333,44.166667
sa,qasr zarah,08,25.783333,44.266667
sa,qatain,10,22.233333,46.783333
sa,qawz al jaafirah,17,17.137126,42.441154
sa,qawz balayr,14,18.973806,41.30984
sa,qaysumat fayhan,15,29.178696,42.970491
sa,qiba,08,27.402847,44.327696
sa,qirbish,11,19.383333,41.8
sa,qiri at tuwaym,10,25.680977,45.509476
sa,qitabir,17,17.333333,43.25
sa,qitan al qadimah,08,25.975997,42.383826
sa,qiyal,20,30.073889,40.105556
sa,qiya,14,21.069993,41.008325
sa,quai,10,23.35,46.7
sa,qudaih,06,26.571667,49.989444
sa,qudayan,10,23.9,45.166667
sa,qulayyib khudr,20,30.834972,37.869691
sa,qunayfidhah,10,24.550518,45.705776
sa,qura,17,17.5,42.7
sa,qurayhah,11,18.869113,42.009352
sa,qusayba,06,26.003333,49.46
sa,qusayriyat,13,27.448697,41.103714
sa,qusayr matruk,13,26.660693,41.990872
sa,qushayya,17,17.842778,44.038889
sa,qusur al abd,10,26.316667,44.8
sa,qusur al muqbil,10,24.498889,46.367222
sa,qusur mai,08,26.05,44.15
sa,quwaida,17,16.733405,42.890244
sa,quwayah,17,16.966667,42.783333
sa,quwayan,10,24.324167,43.502222
sa,quwaybil,10,25.604722,45.570278
sa,quwayzah,14,21.493521,39.274325
sa,rabegh,14,22.798563,39.03493
sa,rad-hah,14,18.753333,41.396944
sa,radum,17,17.82129,42.919459
sa,radwah,06,26.720833,50.076389
sa,radwan,14,22.090366,41.274561
sa,rafai al humaymah,08,25.510709,43.095222
sa,rafiah,10,24.641667,43.511389
sa,rafia uwadah,10,24.586667,43.620556
sa,raghwah,11,18.705048,42.897781
sa,raghwan,14,20.666667,39.516667
sa,rahaima,06,26.707912,50.061939
sa,raha,11,18.816667,41.866667
sa,rahman,14,19.25,41.05
sa,rahwan,17,16.833333,43.216667
sa,rahwat al barr,02,20.05,41.416667
sa,raiis,05,23.586457,38.60327
sa,rakah,14,20.033333,40.433333
sa,rakk,13,27.247443,42.267193
sa,ramadah,17,16.466667,42.9
sa,ramadan,14,21.214064,41.6331
sa,ramada,17,16.733333,42.966667
sa,ramah,08,25.816667,43.7
sa,raqiyah,14,21.772215,40.346491
sa,rashah,17,16.775935,42.847769
sa,ras munaysif,06,26.1431,50.171029
sa,rathah,14,20.1,40.3
sa,raudha ataiq,08,25.916667,44.216667
sa,raushaniya,10,25.45,44.4
sa,rawaiqa,10,25.15,46.283333
sa,rawd al jiwa,08,26.531086,43.572032
sa,rawdat al faras,02,24.621973,45.363741
sa,rawdat al hisu,08,25.809383,44.316677
sa,rawdat al lawwaf,08,25.946664,44.2654
sa,rawdat ash shuqayyiqah,08,25.655037,44.183077
sa,rawdat az zar,08,25.763333,44.225
sa,rawdat duayj,10,25.237715,45.35008
sa,rawdat habbas,15,29.152597,44.318552
sa,rawdat qiradan,08,25.906302,42.875936
sa,rawdat sudayr,10,25.612813,45.553067
sa,rawdat wuthaylan,10,25.509725,44.410398
sa,rawhah,11,19.466858,41.791308
sa,rawkhah,17,16.947778,42.793333
sa,raynibah,13,27.278607,41.52371
sa,rifa,10,24.547778,43.950278
sa,righlah,10,25.137261,44.596352
sa,ri harshah,14,23.033333,39.15
sa,rijm al shuyukh,08,26.266667,44.4
sa,rimahi,10,22.266667,46.733333
sa,ri taqrib,13,26.892043,42.065491
sa,rizhan,06,26.957128,48.355623
sa,rodes,17,17.052245,42.786959
sa,ruayli,17,16.785956,43.181355
sa,rubayq,10,25.451429,43.874486
sa,rubua al quraish,02,20.25,41.366667
sa,rufai al hajrah,08,25.323301,42.581146
sa,rufai al luhayb,08,25.20715,42.820202
sa,rufaia,06,26.55,50.083333
sa,rufai ata,08,25.718611,42.700278
sa,ruqaita,11,20.155312,42.663433
sa,rusibah,02,20.123446,41.321545
sa,ruwaidhah,08,26.416944,44.216389
sa,ruwaidhah,10,25.875398,45.141496
sa,ruwaidhe,10,24.09578,47.170988
sa,ruwak,08,26.273574,44.009658
sa,ruwaydat as suhul,10,25.196557,45.857678
sa,ruwayghib,10,25.665983,46.373448
sa,saab,10,24.466944,46.392657
sa,saaibi,10,25.466667,44.4
sa,sabakh,05,24.966667,38.716667
sa,sabihah,02,20.360344,41.299717
sa,sabihi,11,20.076695,42.598206
sa,sabil,05,24.199791,38.393116
sa,sabuhah,14,21.590274,40.123116
sa,sadiliyah,17,16.926389,42.830102
sa,sadi,17,17.316667,42.533333
sa,sadiyah,14,20.70565,39.909777
sa,sadus,10,24.988436,46.208676
sa,sadyan,13,27.5463,41.697473
sa,saffagah,10,24.35405,44.502524
sa,safwah,06,26.649862,49.952228
sa,sagrit,11,19.166667,42.116667
sa,sahayy,13,27.259294,41.26546
sa,sahil,11,19.37845,41.84889
sa,sahlah,10,25.2,44.616667
sa,sahl shairah,14,19.433333,40.966667
sa,sahra,11,18.260648,42.471379
sa,sahwah,11,19.316667,42.1
sa,sahwah,14,18.951117,41.351161
sa,saidah,11,19.490439,41.827006
sa,sair,17,16.850482,41.814912
sa,sajid,17,16.860327,41.93228
sa,sakakah,20,29.969742,40.206414
sa,salah ad din,10,24.733056,46.691944
sa,salah,14,21.623223,40.102126
sa,salamah,14,18.701111,41.321667
sa,salamah,17,16.975278,42.756389
sa,salama sifla,17,17.333835,42.547089
sa,salam,08,24.716667,43.116667
sa,salasil,06,26.072412,49.44833
sa,salayah,11,18.75,42.05
sa,salhabah,17,17.166667,42.65
sa,salwa,17,17.833333,44.15
sa,samah,15,28.936631,45.571562
sa,samakh,11,19.370767,42.804405
sa,sambah,17,17.026928,42.696624
sa,samhan,10,24.675363,46.004109
sa,samitah,17,16.596014,42.944349
sa,samnan,10,26.280533,44.859816
sa,samudah,10,25.422437,43.854839
sa,samur,05,22.8675,40.525833
sa,sanabis,06,26.579609,50.084686
sa,sanad,17,17.916667,43.7
sa,sanam,10,23.650317,44.751894
sa,sandaliyah,17,17.75,42.133333
sa,sanqar,08,26.1,44
sa,sarra,13,27.059722,41.538889
sa,sarum,14,21.163344,39.186851
sa,saula,14,21.2,42.783333
sa,sawdah,11,18.271016,42.372866
sa,sawi,11,19.214167,41.975278
sa,sekk al- abd,19,26.766667,36.066667
sa,serom,14,18.75,41.2
sa,shaaibah,14,20.7,39.433333
sa,shabah,14,22.610944,39.656733
sa,shabah,17,17.733333,43.533333
sa,shab amir,14,21.433611,39.834722
sa,shaban,19,24.794607,37.231381
sa,shadad,14,21.316667,40.05
sa,shafalla,10,25.483333,44.483333
sa,shaghar,20,30.09233,38.822558
sa,shahar,14,21.233333,40.416667
sa,shaibani,20,31.304565,37.464034
sa,shaib bu khaythah,10,24.820466,46.499284
sa,shajwa,05,25.05504,38.984377
sa,shakhir,17,17.216121,42.601068
sa,shaqiqah,11,20.27401,42.76467
sa,shaqiq,11,19.65,41.9
sa,shaqsan,14,21.126111,40.840833
sa,shararah,10,24.280278,43.736667
sa,shari,06,26.092378,49.47625
sa,shari,13,27.254009,43.398213
sa,shariyah,17,17.399508,42.525515
sa,sharqah,10,25.1,44.666667
sa,sharqah,14,21.45,40.266667
sa,sharurah,00,17.489459,47.114884
sa,shatha,05,24.233333,38.533333
sa,shawyah,06,26.369484,47.244078
sa,shaya ibn idris,11,18.516667,43.2
sa,shaybah,20,30.432371,38.547675
sa,shib adh dhib,17,16.547065,42.979565
sa,shifiyah,06,26.398503,48.753993
sa,shihah,08,25.85,44.216667
sa,shiraayn,14,21.286712,40.789757
sa,shoowaya,17,16.983333,42.733333
sa,shubra,10,24.577222,46.672778
sa,shudayq,14,20.024576,42.31079
sa,shukhur,13,27.610129,41.491792
sa,shumran,11,19.300026,41.966297
sa,shuqayq,13,27.133333,41.116667
sa,sidi hamzah,05,24.506152,39.615923
sa,sidi,20,30.651111,38.069098
sa,sidis,13,27.470261,41.67405
sa,sifeina,05,23.134812,40.557077
sa,sihmah,06,26.390201,47.82945
sa,simira,13,26.494182,42.124944
sa,simla,10,25.433333,44.416667
sa,sinnariyah,10,24.674444,43.546389
sa,sirr,11,18.913333,41.97
sa,siyah,10,24.608056,46.701667
sa,sobh,11,18.633333,42.333333
sa,somaimah,14,21.249646,39.157711
sa,soor bin mizbil,10,24.470954,46.422942
sa,suaydan,13,27.472151,40.901482
sa,suaynin,08,25.184438,42.544865
sa,subayhah,20,30.032745,38.835725
sa,sufah,14,21.45,40.25
sa,sufailah,08,26.4,43.85
sa,sufan,11,19.983333,42.6
sa,sufayyan,13,27.072153,41.376536
sa,sug al khamis,17,17.278193,43.049266
sa,suk-el-khamis,11,19.133333,41.75
sa,suk-er-rubaa,11,19.216667,41.833333
sa,sukhaybarah,05,24.327762,41.270517
sa,suk jumaa,14,19.216667,41.316667
sa,suk mashkal,14,19.15,41.2
sa,sulaba,14,21.461474,40.657883
sa,sulaiman,11,19.400545,42.006662
sa,sulaimiya,14,21.972656,42.078912
sa,sulayyimah,10,21.743333,45.548889
sa,sultanah,05,24.492577,39.585719
sa,sultanah,10,24.604722,46.685556
sa,sumairiya,08,26.15,43.966667
sa,suqah,11,18.216667,42.4
sa,suq al ahad,14,19.188333,41.201667
sa,suq al ithnayn,11,18.041247,42.742836
sa,suq al ithnayn,14,19.916667,41.55
sa,suq al jumah,11,18.933333,41.966667
sa,suq al layl,14,21.427222,39.833611
sa,suq al layl,17,16.717568,42.993346
sa,suq ar rab,11,18.916667,41.916667
sa,suq ar rubu,14,20.733333,40.833333
sa,suq ath thalut,14,19.85,41.683333
sa,suq ath thulatha,11,19.2775,41.805833
sa,suq suwaq,05,24.373204,38.450733
sa,suqubiya,05,24.233333,38.5
sa,surah,11,19.383333,41.866667
sa,sur,14,20.966667,40.816667
sa,sururah,10,24.571389,43.614167
sa,suwadah,05,24.01776,38.216112
sa,suwaiyid,14,21.216667,42.766667
sa,suwaydan,10,22.091231,46.701958
sa,suwaydarah,05,24.727835,40.157555
sa,suwayd,17,18,43.433333
sa,suwayr,20,30.117133,40.389247
sa,suways,14,21.958333,39.969444
sa,suwid,17,18.016667,43.416667
sa,taashar,17,16.433333,42.716667
sa,tabah,13,27.034001,42.182749
sa,tabalah,14,19.95,42.4
sa,tabarjal,20,30.499866,38.216027
sa,tahiriyah,17,17.073568,42.744003
sa,taimah,19,27.622334,38.538823
sa,taitad,05,24.85,38.866667
sa,taj,06,26.875299,48.717513
sa,talat ammar,20,30.656754,40.561241
sa,talhah,17,17.762492,43.515005
sa,talha,13,27.691126,42.936015
sa,tali,11,18.296802,42.450295
sa,tamrah,10,20.408433,45.433937
sa,tanumah,08,27.1,44.133333
sa,tanumah,11,18.953526,42.17026
sa,taraif,10,24.733333,46.566667
sa,tarqhasha,10,26.166667,44.8
sa,tarqush,11,18.662764,42.013257
sa,tathlith,10,19.57055,43.505608
sa,tauqi,10,25.35,44.466667
sa,tawala,19,25.5,37.283333
sa,tawil,11,19.216645,42.03771
sa,tawil,17,17.916667,43.339032
sa,tayyib al ism,19,28.567496,34.82988
sa,tehelan,10,24,44.95
sa,thadig,10,25.289474,45.866351
sa,thadij,08,25.860059,42.82014
sa,thalakah,14,20.233333,40.8
sa,thammah,11,19.533333,41.966667
sa,thamma,08,26.2,44
sa,thaniyah,14,20.024721,42.236235
sa,tharghad,13,26.533333,40.483333
sa,tharwah,14,21.503292,39.603397
sa,thiral,13,27.078748,42.224804
sa,thulaima,08,25.833333,44.216667
sa,thulaym,10,24.641944,46.732778
sa,thuluth bani shahr,11,18.791555,42.046654
sa,thuraybah,14,19.612927,41.699368
sa,thurayban,11,19.442403,41.859272
sa,thurb,08,24.23162,41.734021
sa,thuwair,10,26.9,44.766667
sa,thuwal,14,22.282723,39.112453
sa,tibrak,10,24.382639,45.897651
sa,timriyah,10,25.663009,45.935202
sa,tindahah,11,18.312568,42.859831
sa,tuhaiy,10,23.70476,44.687207
sa,tuhamah,14,21.396759,39.208569
sa,tumayr,10,25.703927,45.867961
sa,turaif,08,27.133333,44.1
sa,turubah,13,28.256334,42.924445
sa,tuwaim al abd,10,25.666667,45.666667
sa,tuwarin,13,27.591262,41.443719
sa,tuwayq,10,24.587222,46.547778
sa,tuwayrah,05,25.8875,38.613611
sa,tuwayriq,14,21.478777,40.292931
sa,tuwayyah,13,27.660833,40.964167
sa,uaywij,15,28.816856,44.06015
sa,ubayr,10,24.618333,46.463611
sa,ukadh,14,21.483333,40.5
sa,ukaz,10,24.523333,46.663611
sa,ulayshah,10,24.630833,46.684167
sa,umair,14,20.5,39.583333
sa,umayr,17,16.979167,42.698056
sa,umm ad damar,14,20.65,41.416667
sa,umm ad dibbah,17,16.766667,43.166667
sa,umm ad diyan,15,30.948215,41.97778
sa,umm aiyal,05,23.257501,39.568187
sa,umm al amayir,13,26.604158,42.185722
sa,umm al arad,05,22.865556,40.565556
sa,umm al arad,08,26.454425,42.746499
sa,umm al batha,05,25.1,38.583333
sa,umm al bikar,14,21.116696,40.584188
sa,umm al birak,05,23.431565,39.228348
sa,umm al ghiran,14,22.865833,40.820556
sa,umm al hamam,06,26.002101,48.813626
sa,umm al hamam,10,24.708717,46.655858
sa,umm al haram,14,22.866667,39.083333
sa,umm al hawd,17,17.763889,43.900833
sa,umm al hisn,14,21.006649,40.457177
sa,umm al jamajim,10,26.881024,45.319476
sa,umm al jirm,14,21.956099,39.461516
sa,umm al jud,14,21.449444,39.787778
sa,umm al kashab,17,17.383333,42.533333
sa,umm al kharasi,08,25.974288,44.251817
sa,umm al khashabah,13,27,43.033333
sa,umm al-kulban,13,27.809167,41.428611
sa,umm al milh,14,21.966667,39.45
sa,umm al qasariyah,17,16.784343,42.948212
sa,umm amain,05,24.038294,38.922373
sa,umm araj,17,16.73863,43.031208
sa,umm ar rakah,14,21.143542,39.994216
sa,umm ashaira,08,26.066667,44.15
sa,umm ash shifallah,06,27.605278,47.010278
sa,umm-as-sahak,06,26.653611,49.916389
sa,umm as salam,14,21.448861,39.391245
sa,umm as salam,17,16.928185,42.903482
sa,umm as sala,17,17.239653,42.604972
sa,umm as siba,10,24.284677,45.587077
sa,umm athlah,08,26.05,44.133333
sa,umm athlah,10,24.246072,45.120511
sa,umm dharb,05,25.635916,38.436037
sa,umm ghawr,06,27.070506,47.090686
sa,umm hamla,14,21.604525,39.6997
sa,umm hasan ar rajhi,17,16.879722,42.804444
sa,umm hazm,08,25.831619,44.590935
sa,umm hubaytir,14,21.280909,40.081938
sa,umm irq,11,19.383333,41.85
sa,umm ishar,10,27.722647,45.064268
sa,umm kharaq,17,17.683333,42.5
sa,umm khunsur,15,30.696944,41.598314
sa,umm lajj,19,25.021264,37.268502
sa,umm marjah,17,16.936111,42.931944
sa,umm nashm,17,16.679167,43.128333
sa,umm qabir,19,24.773333,37.431667
sa,umm qanburah,17,16.983333,42.85
sa,umm qulayb,06,27.838856,45.980187
sa,umm radamah,15,28.679262,44.693181
sa,umm radmah,02,24.633328,45.38825
sa,umm rahta,11,18.378351,41.90994
sa,umm rakhkh,19,25.766667,37.566667
sa,umm rubayah,06,26.027497,48.851783
sa,umm rujum,10,26.151405,46.160096
sa,umm salim,10,24.634167,46.698333
sa,umm sama,14,22.461944,39.546667
sa,umm sarahah,10,23.696874,44.590546
sa,umm shutafiyah,17,16.666981,42.874565
sa,umm sidrah,08,26.151944,44.364444
sa,umm sidrah,14,21.967096,39.49398
sa,umm sudayrah,10,26.85973,45.23999
sa,umm sulaym,10,24.944188,45.713648
sa,umm surayhah,14,21.960482,39.493261
sa,umm talhah,02,24.650331,45.325503
sa,umm tali,06,25.975978,48.860073
sa,umm thalwiwah,14,21.140833,40.805
sa,umm tukhrur,14,21.753072,40.273031
sa,umm tulayhah,08,25.933524,44.447064
sa,umm tulayhah,10,24.765556,43.721667
sa,umm tulayh,10,24.399822,45.846979
sa,umm zumu,10,24.770556,43.767222
sa,uqadah,17,17,42.8
sa,uqaylat al laban,13,26.572776,42.235772
sa,uqlat ibn dani,13,26.789666,42.058641
sa,uqlat ibn kulayb,13,26.7625,42.076389
sa,uraydah,10,24.359167,44.496111
sa,urayfijan,10,25.173039,43.47684
sa,urayfjan sahuq,08,25.359461,42.029155
sa,urayja,13,27.453168,41.971952
sa,uruj,14,19.5,40.916667
sa,usaila,10,25.106143,44.681094
sa,usayfirat,06,26.109273,49.432048
sa,usaylah,08,26.565739,42.823714
sa,usharah,14,20.3,39.866667
sa,ushash,05,23.5,38.916667
sa,ushayqir,10,25.338226,45.182115
sa,ushayrah,05,24.015726,39.66997
sa,utayqah,10,24.595877,46.713493
sa,utayy,08,25.755125,42.769582
sa,uwais,05,24.387627,38.27609
sa,uwaysit,20,30.533118,38.175855
sa,wadi al jalil,14,21.4625,39.855
sa,wadi arwaj,17,17.229479,42.92029
sa,wahtan,08,26.309381,44.003763
sa,waibani,14,21.266667,42.9
sa,wair,11,19.808498,42.520316
sa,walan,17,16.565494,43.055653
sa,wasitah,05,23.882546,38.90124
sa,wasit,11,18.816667,42.9
sa,wathal,08,26.526634,43.688248
sa,wayban,05,25.793056,38.685
sa,widan,17,17.866667,41.733333
sa,wurainiya,08,26.066667,44.133333
sa,wushayy,10,25.801792,45.265175
sa,wuthaylan,10,25.490848,44.415612
sa,wutidah,08,26.290117,42.092678
sa,yambo,05,24.089119,38.063742
sa,yanif,11,19.301118,42.079603
sa,yarfa,05,24.616667,38.583333
sa,yasirah,05,23.6,39.55
sa,yaudh,17,17.983333,43.35
sa,zafaranah,10,24.79,43.543611
sa,zafaran,14,21.222031,40.734796
sa,zahir,17,17.933502,43.291847
sa,zahrat al badiah,10,24.603333,46.658056
sa,zahrat laban,10,24.632778,46.553056
sa,zahwah,15,29.685931,42.135142
sa,zakhmiyah,17,16.934216,42.895503
sa,zalim,14,22.724608,42.170796
sa,zallum,20,30.169214,40.296186
sa,zalmawi,10,24.654722,43.570556
sa,zalma,10,24.47456,45.667459
sa,zamrat aqabah,14,22.983333,39.233333
sa,zaqrat,14,21.008333,39.323889
sa,zibala,15,29.391385,43.558318
sa,zubarah,17,16.939573,42.905327
sa,zurayb,19,26.25,36.55
sa,zurayghit,13,26.483333,40.55
