tj,22 (dvadtsat vtorogo) partsyezd,02,38.5286111,68.7797222
tj,abdan,02,38.4666667,68.9333333
tj,abdu,03,38.7166667,68.3666667
tj,abdulay,02,38.3166667,68.5666667
tj,abdusamar,03,39.4294444,67.5013889
tj,adinobay,02,37.725,69.8491667
tj,adrasman,03,40.6486111,69.9855556
tj,afandi,02,38.5366667,69.8447222
tj,(( afgan-kishlak )),02,37.4666667,69.3666667
tj,aflotuk,02,37.9786111,69.8277778
tj,agaravak,02,37.9833333,68.5666667
tj,agurty,02,38.6602778,68.8711111
tj,aini,03,39.3975,68.5405556
tj,aiwanj,02,36.9788889,68.0325
tj,akalchin,02,38.5166667,68.4833333
tj,akarbulok,02,37.8619444,69.3766667
tj,akbaytal,01,38.4894444,73.8783333
tj,ak-bulak,02,37.9666667,68.4
tj,akbulok,02,38.3483333,68.6586111
tj,ak-buryu,02,38.4,68.6333333
tj,akcha,02,37.4005556,68.1672222
tj,akderob,01,37.25,71.4833333
tj,ak-dzhar,01,37.6833333,68.5833333
tj,akdzhar,01,37.7180556,73.1494444
tj,ak-dzhar,03,38.6,68.2666667
tj,ak-guaz-kaaz,03,39.8666667,68.95
tj,akhdzev,01,37.95,71.6166667
tj,akhteraki bolo,02,38.3833333,70.0166667
tj,akkamar,02,38.0722222,68.6788889
tj,ak-kurgan,02,38.4666667,68.75
tj,ak-kutal,03,39.3866667,67.6708333
tj,ak-mamad,01,37.7,72.2333333
tj,ak-mazar,02,37.6691667,69.6525
tj,akmazar,02,37.9833333,68.8666667
tj,ak-mechet,02,38.0561111,68.3541667
tj,aknakhodzha,03,38.5705556,68.1058333
tj,aksa-rovat,02,38.2666667,68.8
tj,aksay,03,39.3833333,71.6
tj,(( akshivan )),02,37.85,69.55
tj,ak-su,02,38.1166667,68.5666667
tj,aksu,02,38.15,69.3
tj,ak-tailak,01,37.6666667,72.5166667
tj,ak-tak,02,38.6166667,68.8666667
tj,ak-tash,01,37.6333333,74.8
tj,(( akteri )),02,37.4666667,68.55
tj,ak-tyube,03,40.0166667,69.4666667
tj,akuyli,02,38.4666667,68.6
tj,alakchin,02,38.675,68.7694444
tj,alakdzhar,03,39.45,67.5166667
tj,alcha-bulak,02,38.2,69.5166667
tj,alchagi,02,38.4186111,69.0833333
tj,alchin,02,37.7666667,68.8
tj,alibegi,02,38.6347222,68.5713889
tj,aliberdy,02,37.26,69.1475
tj,alichur,01,37.7447222,73.2569444
tj,alidzhan,02,38.1686111,69.4
tj,aligalabon,02,38.7627778,69.8344444
tj,alisurkhon,01,38.9083333,71.0113889
tj,alkadzhar,02,38.5380556,68.8366667
tj,alkamazhar,02,37.4036111,69.1461111
tj,alkhitay,02,38.6719444,68.8030556
tj,alkhuch,03,38.7322222,68.7077778
tj,alla-baytal,02,38.3794444,68.7311111
tj,alma-bulak,02,38.0666667,69.4833333
tj,almaly,03,39.9166667,68.9166667
tj,almasi,02,38.6833333,68.6166667
tj,almyshabad,02,38.3308333,68.8719444
tj,aloudin,02,37.4644444,69.3677778
tj,altyn-topkan,03,40.645,69.5966667
tj,amaler,01,36.7936111,71.5805556
tj,amandara,03,39.5177778,67.8130556
tj,amdarbog,01,38.2316667,71.5575
tj,amonshaykhi,02,38.6086111,69.1102778
tj,amring,02,37.7333333,70.25
tj,anatrosh,02,38.05,70.0166667
tj,andarsay,03,40.0738889,69.4433333
tj,anderavdzh,01,37.7666667,72.5833333
tj,andigon,02,38.5708333,69.0575
tj,andizhan,02,37.2897222,69.0613889
tj,andreyev,02,38.5163889,68.6425
tj,andzhirak,01,38.4775,70.7786111
tj,andzhir,02,38.4461111,69.0041667
tj,andzhirkon,02,37.6619444,69.5225
tj,andzhirobi-bolo,02,37.8102778,70.1822222
tj,angurli,02,38.2,68.45
tj,anna-khudzha,03,38.55,68.1
tj,annakul-ravat,02,38.4,68.75
tj,ansh-abad,02,37.9666667,68.6666667
tj,(( anzhirou-poyen )),02,37.8333333,70.1833333
tj,anzob,03,39.1658333,68.8238889
tj,aptyuray,03,40.1666667,70.6666667
tj,arab,02,37.2088889,68.0313889
tj,arab,03,40.1833333,70.5833333
tj,arab-khana,02,37.3891667,68.1866667
tj,arabo,02,37.4969444,69.3491667
tj,aral,02,37.8025,69.6441667
tj,arbob,02,38.5544444,68.7216667
tj,arbobi,02,38.6166667,68.5666667
tj,archa,02,37.6308333,69.4522222
tj,ardabag,01,38.4438889,71.5930556
tj,ardzhanak,03,38.75,68.5833333
tj,argankul,01,38.8680556,70.8955556
tj,arkhu,03,39.0166667,69.2666667
tj,arla-tuguldy,02,37.7736111,69.5877778
tj,arpa-bulak,02,38.4666667,68.8833333
tj,arpatuguldy,02,37.7377778,69.5569444
tj,arshi,03,38.65,68.3666667
tj,artuch,03,39.3397222,68.1141667
tj,arzanion,02,38.3666667,69.8666667
tj,arzing,01,38.8666667,71.35
tj,ashaba,03,40.7333333,70.4333333
tj,ashat,03,40.8,70.6166667
tj,asht,03,40.6666667,70.3333333
tj,askari,02,38.5408333,68.5119444
tj,askari surkh,02,37.4194444,68.6405556
tj,askari -surkh,03,38.5658333,68.2708333
tj,askerabad,02,38.5666667,68.9833333
tj,asvob,03,38.5833333,68.2166667
tj,ataugor,01,38.55,70.8333333
tj,(( atchanar )),02,37.7666667,69.5
tj,atchapar,02,37.7938889,69.5802778
tj,atochibulok,02,37.8872222,69.3511111
tj,auchi,03,39.5902778,69.0830556
tj,auchi-kalyacha,03,40.1263889,69.6711111
tj,avdzh,01,36.9333333,71.4833333
tj,avzali,02,38.0430556,68.5716667
tj,avzikent,02,37.8033333,69.2772222
tj,ay-botkan,02,38.0833333,68.55
tj,ayni,02,38.5080556,68.6844444
tj,ayni-khodzhaayni,02,38.8183333,69.9441667
tj,azikeng,02,38.4333333,68.4833333
tj,babagabib,02,38.9166667,69.8166667
tj,baba-i-darkhan,03,40.7,70.25
tj,babosafol-poyen,02,37.6152778,69.4038889
tj,bacha-mazar,02,37.9808333,69.6333333
tj,bachor,01,37.75,72.5333333
tj,badamtu,02,37.8261111,69.9436111
tj,badom-dara,01,37.0833333,71.8166667
tj,badurt,01,38.1666667,72.1666667
tj,badzhu,01,37.7666667,71.6333333
tj,badzhu-pavdiv,01,37.8666667,71.6
tj,bagalak,02,38.5066667,68.5552778
tj,bagarak,02,37.6205556,69.8705556
tj,bagizagon,02,38.4952778,69.8086111
tj,bakaul,02,38.6666667,68.8
tj,bakay,03,38.5016667,68.1616667
tj,bakh,02,37.5833333,69.95
tj,bakhor,02,38.5488889,68.9861111
tj,bakoron,02,38.6144444,69.0269444
tj,balagdash,02,37.9680556,69.0369444
tj,baldirgon,02,38.5102778,68.9011111
tj,baldshuan,02,38.3108333,69.6669444
tj,balga-boskan vtoroy,02,37.7666667,68.75
tj,balkhobi,02,37.8636111,69.9066667
tj,baradzh,01,37.2833333,71.7833333
tj,barau,01,38.3111111,71.3222222
tj,baravn,01,38.4861111,71.6463889
tj,barchadev,01,38.3041667,72.4772222
tj,bardara,01,38.1086111,72.2858333
tj,barfunt,01,38.0166667,71.8166667
tj,barnavad,01,38.4127778,71.9411111
tj,barou,01,38.4972222,71.0363889
tj,barsem,01,37.55,71.7333333
tj,bartang,01,38.0652778,71.8727778
tj,barushan,01,37.9333333,71.4333333
tj,bash-charbak,02,37.5666667,68.1333333
tj,bash-gumbez,01,37.7711111,73.5491667
tj,bash-gunash,02,37.5666667,68.55
tj,bashkala,02,37.4636111,68.1630556
tj,bashkaynar,02,38.2077778,68.8488889
tj,bashkyngash,02,38.4647222,68.8036111
tj,bash-tal,03,40.5833333,70.45
tj,bash tegerman,02,37.8475,69.7380556
tj,basid,01,38.105,72.1541667
tj,basmanda,03,39.6888889,69.1544444
tj,batan,02,37.9616667,69.4825
tj,batash,03,38.5666667,68.3
tj,batrak,02,37.9666667,68.5333333
tj,batyrkhan,02,37.9213889,69.7697222
tj,baumanabad,02,37.2383333,69.0969444
tj,bay-kuchkar,02,38.3666667,68.9
tj,bdavn,01,38.4166667,71.7666667
tj,bdun,01,38.2202778,71.4888889
tj,bedak,03,39.4072222,67.7122222
tj,bedanibedak,02,37.2808333,69.0463889
tj,bedgun,03,38.7333333,68.3833333
tj,begar,03,38.8,68.8166667
tj,bene,01,37.6666667,71.55
tj,berencha,02,38.3833333,68.9666667
tj,besharik,02,37.8286111,69.6338889
tj,besharyk,02,37.4566667,68.5769444
tj,beshbulok,02,37.6905556,69.0705556
tj,beshbulok-bolo,02,38.5936111,68.5897222
tj,beshcheulok,02,37.9902778,69.2191667
tj,beshkapa,02,37.2302778,68.0205556
tj,besh-kapa,02,37.8166667,68.6833333
tj,beshkapai poyon,02,38.1169444,68.3813889
tj,besh-kape,02,38.2391667,68.9366667
tj,(( besh-khabib )),02,37.8833333,69.8333333
tj,besh-kuduk,02,37.4291667,69.2005556
tj,beshtemir,02,37.3413889,68.1541667
tj,beshtentak,02,38.3011111,69.7130556
tj,besh-tepa,02,38.5333333,68.7833333
tj,beydakho,02,38.7494444,69.845
tj,bibi-khurum,02,38.2166667,68.5666667
tj,bichkhari,01,38.35,71.3833333
tj,biddzharovat,01,38.1886111,71.9922222
tj,birbuloq,02,37.4233333,69.045
tj,bisav,01,38.0375,71.8744444
tj,bish-bulak,02,38.3166667,68.3666667
tj,blagodarnyy,02,38.5166667,68.55
tj,bobokhonshaid,02,38.2216667,69.6586111
tj,bobosafol,02,37.6119444,69.4219444
tj,bobo-surkhan,02,38.6613889,68.6297222
tj,bobotago,03,39.9072222,68.9775
tj,bobotunkhona,02,38.2608333,69.3555556
tj,bodau,01,38.3530556,71.4222222
tj,bogak,02,38.1872222,68.5388889
tj,bogat,03,39.9386111,68.9863889
tj,bogdayen,02,38.2,69.85
tj,bogev,01,37.5305556,71.6602778
tj,boggai,02,38.0644444,69.9605556
tj,bogi habib,02,37.9163889,69.8402778
tj,bogikalon,03,39.8861111,68.9863889
tj,boguz,01,38.3555556,71.7805556
tj,boldoy,02,38.3547222,69.7580556
tj,bolgali,03,39.8333333,68.8666667
tj,bolo-nazar,02,38.5136111,68.8577778
tj,bolshevik,02,37.1630556,68.2263889
tj,bongura,02,38.6133333,69.095
tj,borshi,01,38.6833333,71.3666667
tj,boshbulok,02,38.1172222,69.3772222
tj,boshkushkiya,02,37.9977778,69.6591667
tj,botanicheskiy,02,38.58,68.6933333
tj,boud,01,38.3833333,71.4666667
tj,brigada vtoraya uchastka karla marksa,02,37.4411111,68.4877778
tj,bubanan-dasht,02,38.1833333,69.9666667
tj,bugolyak,02,38.45,68.15
tj,buitakabad,02,38.3266667,70.0708333
tj,bulak-saydon,02,38.6488889,68.6111111
tj,bulbulchashma,02,38.4355556,68.5536111
tj,bulen,02,37.9102778,69.3536111
tj,bulok,03,40.6,70.45
tj,bulokchinor,02,38.5205556,68.5952778
tj,bulokdasht,02,37.9919444,69.5336111
tj,bulon,02,37.9672222,69.3936111
tj,bulunkul,01,37.7005556,72.9455556
tj,bulyeni-bolo,02,38.0575,69.4333333
tj,bunai,01,38.4297222,71.5563889
tj,bundzhikat,03,39.9108333,69.0063889
tj,bungakiyen,02,38.6208333,69.4719444
tj,buniga,01,38.3,71.2666667
tj,buragan,03,39.7075,68.7291667
tj,burdongal,02,37.9772222,69.4936111
tj,bure-tishik,02,38.3666667,68.3833333
tj,burka,02,37.2252778,69.1466667
tj,burma,02,38.46,68.9216667
tj,burma,03,38.85,68.6833333
tj,buston,02,38.0461111,68.7886111
tj,buston,03,40.5216667,69.3308333
tj,bustonkala,02,37.8666667,68.8333333
tj,butson,02,37.5516667,69.4713889
tj,buved,01,37.5825,71.5108333
tj,buynak-manir,02,38.5166667,68.35
tj,buyrabov,02,38.4833333,68.6833333
tj,buzakhana,02,37.7138889,69.7225
tj,buzbeli,02,38.1166667,69.5833333
tj,buzbit,02,38.5,68.9905556
tj,buzuk,03,38.5666667,68.2333333
tj,chad,02,37.9255556,69.1566667
tj,chadegiv,01,38.1141667,72.0363889
tj,chadud,01,38.1255556,72.2
tj,chagam-bolo,02,37.8272222,69.8811111
tj,chagam-kukabulok,02,38.2833333,68.5833333
tj,chagatoy,02,38.6222222,68.6122222
tj,chagen,02,38.4,68.8333333
tj,chakadam-bulak,03,40.4833333,69.85
tj,chakali,02,38.4941667,69.3336111
tj,chalata,03,40.6666667,69.5
tj,chalayev,02,38.5319444,68.8238889
tj,chalchal,02,38.3761111,69.2027778
tj,chalchit,02,38.56,69.1488889
tj,chali-char-chashma,02,37.3,68.0333333
tj,chamanistan,02,38.5433333,68.5933333
tj,changa,03,39.5230556,67.5030556
tj,changob,02,38.6444444,68.5758333
tj,changon,02,38.6333333,70.1666667
tj,chapaevskiy,02,38.4083333,68.1333333
tj,chapary,02,37.4666667,68.1666667
tj,charbak,03,39.4333333,67.7666667
tj,char,03,40.0666667,70.6166667
tj,chargi-poen,02,38.1283333,70.0741667
tj,char-gul,02,38.2475,68.9705556
tj,charmogz,02,38.6983333,69.6761111
tj,charsem,01,37.7177778,72.1608333
tj,charshambe,02,37.3105556,68.1302778
tj,charshma,02,37.3333333,68.1833333
tj,chartak,03,38.5197222,68.1444444
tj,chartog,02,38.5275,68.7233333
tj,chashma,03,39.45,68.4333333
tj,chashmaiborozi,02,38.6441667,68.5408333
tj,(( chashma-i-dara )),02,37.6833333,70.0
tj,chashmaikulo,02,38.7119444,69.6286111
tj,chashmi-sang,03,38.7333333,68.55
tj,chatyr-tash,01,37.85,73.65
tj,chavalay,02,38.6283333,68.8077778
tj,chavlibay,02,38.5669444,68.7086111
tj,chavrok,02,38.3066667,69.5419444
tj,chavshangoz,01,37.3591667,72.4480556
tj,chaynak,02,38.5311111,68.6927778
tj,chayra-koran,02,38.5747222,68.6925
tj,chechekti,01,38.3358333,74.0136111
tj,chechka,02,37.15,69.2
tj,chegam,02,37.9958333,69.4341667
tj,chek-mazar,02,38.5119444,68.9563889
tj,chekurak,02,38.3894444,69.9991667
tj,chepsoli,02,38.4502778,69.1263889
tj,cheptura,03,38.5736111,68.3330556
tj,chepturai-bolo,02,38.6033333,68.5608333
tj,cherdara,02,37.7519444,69.7716667
tj,cheresh-tepa,02,38.4869444,68.2333333
tj,chermokhzakon,02,38.6913889,68.7436111
tj,chertepa,02,38.5166667,68.75
tj,cheshteppa,01,37.7213889,74.3583333
tj,chesh-tyube,01,37.6833333,74.3
tj,chichka,02,37.765,68.8027778
tj,chikhok,01,38.5194444,71.6980556
tj,chilcha,02,38.1794444,69.5491667
tj,childara,02,38.7847222,70.3047222
tj,childukhtaron,02,38.2916667,70.1336111
tj,(( chilishtak )),02,37.8166667,70.1166667
tj,chillamazor,02,38.5602778,69.0769444
tj,chimarak,03,38.5666667,68.15
tj,chimbulak,02,38.2333333,68.6833333
tj,chimkurgan,03,39.4925,67.5080556
tj,chim-tepe,02,38.4675,68.725
tj,chimuldy,02,38.2,69.6666667
tj,chinara-sukhta,02,38.3666667,68.4833333
tj,chinar,02,37.2894444,68.1344444
tj,chinar,03,38.5166667,68.25
tj,chinartu,02,38.2333333,68.6
tj,chindara,02,38.6380556,68.5722222
tj,chingirov,02,38.36,68.34
tj,chinor,02,37.9683333,69.7541667
tj,chinor,03,39.4166667,67.6666667
tj,chirakon,02,38.3666667,69.0833333
tj,chiray,03,39.7166667,68.9
tj,chirik,02,37.2183333,68.1941667
tj,chirkent,03,38.6305556,68.2255556
tj,chishun,01,38.65,70.8666667
tj,chkalov,03,40.1986111,69.81
tj,chokhtemir,02,37.9641667,69.7913889
tj,chol,02,37.9538889,69.6666667
tj,cholon,02,38.2366667,69.7775
tj,choltosh,02,38.1638889,69.7866667
tj,chorbag,02,38.66,68.7555556
tj,chorbog,02,37.4166667,68.2
tj,chore,03,39.3069444,68.5094444
tj,chorgul,02,37.6386111,69.4052778
tj,chormagzak,02,38.4213889,69.1805556
tj,chor-raga,03,39.1333333,67.8166667
tj,chorroha-deyron,03,40.3969444,69.6686111
tj,(( chorsay )),02,37.9666667,69.85
tj,chortut-poyen,02,38.5255556,68.7088889
tj,chortut-surkh,02,38.5,68.7333333
tj,chorvodoron,02,37.7497222,69.4844444
tj,chosk,02,37.8333333,70.2333333
tj,chubek,02,37.6127778,69.7061111
tj,chuchu,02,38.3636111,68.9305556
tj,chugarak,01,38.75,70.6166667
tj,chukurak,02,37.8680556,69.5691667
tj,chukuraki-bolo,02,38.5391667,68.5
tj,chukur,02,38.45,68.1333333
tj,chukurdolon,02,38.4388889,68.3338889
tj,chumdon,02,38.8975,70.1361111
tj,chuponabad,02,38.0777778,68.9288889
tj,chuqurak,02,38.5347222,69.3777778
tj,chur-kishlak,02,38.4,68.4166667
tj,chuyanchi,02,37.1730556,68.1377778
tj,chuyanchi,03,38.65,68.3166667
tj,chuzii-bolo,02,38.5663889,68.4161111
tj,daane,03,40.6333333,70.2666667
tj,dadozi,02,38.6283333,68.6161111
tj,dagana-chinar,02,38.0586111,69.8638889
tj,dagana,02,37.5969444,69.7875
tj,dagana-kiik,02,38.1911111,68.6477778
tj,dagiston,02,37.9202778,70.0225
tj,dakhkan,03,39.7063889,69.2533333
tj,dakhyak,03,39.8055556,68.9855556
tj,dakki,02,37.3252778,68.1888889
tj,daldakhuron,02,38.3508333,69.1991667
tj,dalneye,01,38.6166667,72.1333333
tj,dalyan bolo,03,39.7422222,68.9944444
tj,dalyan,03,39.8,69.0166667
tj,dambu,02,38.9833333,70.35
tj,damburacha,03,39.2833333,71.3833333
tj,dana,01,37.9833333,71.9333333
tj,dangara,02,38.0963889,69.3355556
tj,(( dangara )),02,37.8166667,69.3666667
tj,dara,02,38.6886111,69.0141667
tj,daragion,02,38.5447222,69.3172222
tj,daraigusfandak,02,38.6483333,69.5022222
tj,daraikhavash,02,37.9883333,69.9744444
tj,darai khayron,01,38.8222222,70.8733333
tj,daraikolot,02,37.6838889,69.59
tj,daraiob,02,37.8613889,70.0183333
tj,daraishoyeni,02,38.3380556,69.5866667
tj,dara-khurdak,02,38.4333333,70.0166667
tj,daray-chokor,02,38.4166667,69.8666667
tj,dardar,03,39.4430556,68.445
tj,dardzhomts,01,38.1238889,71.9458333
tj,darg,03,39.3527778,68.9847222
tj,darkad,02,37.4997222,69.42
tj,darkat,02,37.4986111,69.425
tj,darnaychi,02,37.9613889,69.7319444
tj,darshai,01,36.7833333,71.9833333
tj,daryeabad,02,38.5105556,68.8291667
tj,dash,01,38.3166667,71.6666667
tj,dashgabad,02,38.2213889,69.0197222
tj,dashmandy,02,38.4480556,69.7375
tj,dashta,01,37.3333333,71.7333333
tj,dashtag,02,37.5247222,69.335
tj,dashtamin,03,40.1833333,69.7
tj,dasht,01,37.7666667,71.5333333
tj,dashti-angara,02,38.6833333,70.0666667
tj,dashtibedi kalon,02,38.6041667,69.1472222
tj,dashti-dzhum,02,37.9380556,70.1413889
tj,dashtidzhum,02,38.0194444,70.2122222
tj,dashtigulkho,02,38.4833333,69.7666667
tj,dashtigulo,02,37.7016667,69.4963889
tj,dashtigurk,02,38.8033333,70.2211111
tj,dashti-kazy,03,39.465,68.0472222
tj,dashti-khirsan,02,39.2,70.4666667
tj,dashtimarzo,02,38.6458333,69.5527778
tj,dashti-mazar,03,38.9619444,69.3372222
tj,dashtimiron,02,38.6619444,68.8283333
tj,dashti-raz,02,38.3333333,69.4
tj,dashtishur,02,38.5091667,68.9813889
tj,dashtiyeri,02,38.55,69.9833333
tj,dashty-bet,03,39.45,68.25
tj,dastgirak,02,38.3647222,69.0480556
tj,dastkhuf,01,37.85,71.6
tj,davat,02,37.9461111,69.4791667
tj,davatkhalkayer,02,38.1752778,69.5738889
tj,davlatabad,02,37.6402778,69.5936111
tj,davlatmanka,02,38.5602778,68.5375
tj,davlatobod,02,37.6113889,69.4913889
tj,davlatshoyen,02,38.2813889,69.5175
tj,dayrabot,02,38.5369444,68.9044444
tj,deamalik,03,38.8525,68.9130556
tj,de-balyand,02,38.65,68.9666667
tj,debalyan,03,39.2,69.1666667
tj,debasta,01,37.6833333,71.85
tj,debuvok,03,38.5963889,68.2188889
tj,dedorazak,02,37.8183333,69.9019444
tj,degai,02,38.8947222,69.9233333
tj,deg-danak,02,38.9333333,69.8333333
tj,degez,02,38.2355556,69.9852778
tj,degi-kham,02,38.3833333,69.65
tj,degi-mulla,02,38.8833333,70.45
tj,degmyur,02,38.2208333,69.7905556
tj,dehai baland,02,38.8847222,69.8511111
tj,dehikung,03,38.9116667,69.5980556
tj,dehishur,02,38.3719444,69.9688889
tj,dehqonobod,02,37.5922222,69.3686111
tj,dekh,01,38.0572222,71.3258333
tj,dekhi-poyen,03,39.2333333,70.2
tj,delolo,02,38.1213889,70.0297222
tj,demiya,02,38.4880556,69.4977778
tj,demnora,03,39.4333333,69.8666667
tj,depir,02,38.7847222,69.4327778
tj,derde,01,37.85,71.65
tj,deu,01,38.5058333,70.7958333
tj,devdor,02,37.8041667,69.9794444
tj,devlekh,01,37.9,71.75
tj,devona,02,38.2,69.5666667
tj,devona,03,39.35,71.5666667
tj,devona-khoja,02,38.1077778,69.8452778
tj,devsiar,03,39.1166667,71.5833333
tj,(( deyli )),02,37.9,69.6666667
tj,diburea,03,39.2930556,70.2830556
tj,dich,01,38.55,71.7
tj,difat,02,38.3666667,69.7333333
tj,dikhasar,03,39.45,70.2333333
tj,diuchy,03,39.3166667,70.7666667
tj,divlyakh,01,38.7833333,70.85
tj,dizhik,03,39.1322222,68.4269444
tj,djilianda,01,37.5761111,72.5927778
tj,djuschambe,02,38.56,68.7738889
tj,dobrovolcheskiy,02,37.2969444,68.6552778
tj,dokhashi,01,38.0333333,71.8333333
tj,dolonsoy,02,38.4672222,68.2683333
tj,dolony,03,40.6166667,70.0333333
tj,dong,02,37.5563889,69.3508333
tj,donguz-uldy,02,38.4333333,68.8166667
tj,doobva,02,38.6186111,68.9255556
tj,dorobi,02,38.3280556,69.9308333
tj,dosheton,02,37.9116667,70.0186111
tj,doshtak,01,38.4605556,70.775
tj,dragomirovo,03,40.1686111,69.5083333
tj,drobak,01,38.4163889,70.6822222
tj,druzhba,02,37.74,69.5827778
tj,dshafak,01,38.3333333,71.6833333
tj,dubeda,02,38.57,69.3786111
tj,duchinora,02,38.5761111,68.5622222
tj,du-oba,02,39.1833333,70.6333333
tj,dupuli,03,39.4647222,67.8455556
tj,durbat,02,38.5286111,68.6361111
tj,durbent,03,38.5333333,68.25
tj,durmanbulok,02,38.4305556,68.3911111
tj,durman,02,38.45,68.2166667
tj,durman,03,39.5094444,67.4505556
tj,dursher,01,38.5791667,71.7872222
tj,dushakhokogak,02,38.8833333,70.4333333
tj,dusman-tyube,01,37.7333333,68.6
tj,dusti,02,37.3486111,68.6733333
tj,duzakh-dara,01,37.7,72.4166667
tj,dyurak,02,38.0833333,68.5
tj,dyushana,03,38.7,68.4166667
tj,dzhag,01,38.2375,70.5355556
tj,dzhailgan,03,39.3041667,71.5255556
tj,dzhairaly,02,37.5686111,69.4827778
tj,dzhake-dzhan,01,37.25,72.2166667
tj,dzhalandar,02,38.645,68.8277778
tj,(( dzhalavli )),02,37.7,69.85
tj,dzhalbuzy,02,37.7297222,69.3847222
tj,dzhaltr-tepe,02,38.3666667,68.6333333
tj,dzhalyak-bulak,02,38.4166667,68.9333333
tj,dzhamak,01,38.2780556,71.5758333
tj,dzhamanguli,02,38.2833333,69.5
tj,dzhamiyat-dekhan,02,37.1158333,68.1063889
tj,dzhana-kishlak,02,38.5,68.4833333
tj,dzhanbulak,03,39.3833333,67.6666667
tj,dzhangalabad,02,38.5291667,68.9197222
tj,dzhangalda,02,38.6833333,68.7833333
tj,dzhangal,01,38.4166667,71.5
tj,dzhangyaul,03,40.0833333,69.5333333
tj,dzhantokli,02,38.1569444,69.5802778
tj,dzharboshi,02,38.5388889,68.985
tj,dzhar-bulak,02,38.4813889,68.3936111
tj,dzharbulok,02,37.8736111,69.3638889
tj,dzharcheb,02,37.9836111,69.9075
tj,dzharf,01,38.4844444,70.9613889
tj,dzharkurgan,02,37.2022222,68.2144444
tj,dzharkutan,03,39.7508333,68.7758333
tj,dzhartepai bolo,02,38.0158333,69.3591667
tj,dzharty-gumbez,01,37.5533333,74.1475
tj,dzharty-rabat,01,37.8,73.5666667
tj,dzhaushangoz,01,37.35,72.4333333
tj,dzhauvid,01,38.4658333,71.6255556
tj,dzhavliboi,02,38.5644444,68.6958333
tj,dzhavoni,02,38.7441667,69.6447222
tj,dzhavrat,02,38.4333333,68.15
tj,dzhavzodara,02,38.2533333,70.1266667
tj,dzhayilgan,03,39.2666667,71.5
tj,dzhayrali,02,37.9638889,69.5869444
tj,dzhayre-tepe,03,38.55,68.25
tj,dzhergatol,03,39.2213889,71.1886111
tj,dzherkala,02,37.8161111,69.3502778
tj,dzhetikir,02,38.3163889,68.4383333
tj,dzhida-bulak,02,37.8263889,69.8380556
tj,dzhida,02,37.57,69.3538889
tj,dzhilas,03,39.3666667,67.7166667
tj,dzhilga,02,37.6619444,69.8591667
tj,dzhilikol,02,37.4936111,68.5311111
tj,dzhingazhir,01,38.8658333,73.2583333
tj,dzhingun,02,39.0833333,70.2
tj,dzhirginak,02,38.6477778,68.6272222
tj,dzhomri,02,38.5433333,68.9977778
tj,dzhonbakhti poyen,02,38.4,69.9833333
tj,dzhonvarsuz,02,38.5288889,69.3094444
tj,dzhorusay,02,38.4666667,68.55
tj,dzhoy-bulak,02,38.6102778,68.7180556
tj,dzhugiabad,02,38.5469444,68.5502778
tj,(( dzhulmabad )),02,37.9833333,69.5166667
tj,dzhumabazar,03,40.3166667,69.35
tj,dzhunt,01,37.2166667,71.5333333
tj,dzhur,01,38.8,70.7166667
tj,dzhuri-bolo,01,38.8708333,70.9197222
tj,dzhuybodom,02,38.5516667,68.6972222
tj,dzhyuylyangar,03,39.9166667,68.8833333
tj,dzhyuzak,02,37.7322222,69.1594444
tj,echki,02,37.2683333,69.0563889
tj,efironos,02,38.4658333,68.1602778
tj,egron,02,38.2272222,69.3127778
tj,elok,03,38.5863889,68.4252778
tj,elovar,02,38.6008333,69.1755556
tj,emomaly,02,37.8588889,69.6188889
tj,emts,01,38.0047222,71.6688889
tj,(( engels )),02,37.4166667,68.6166667
tj,esanboy,02,38.0777778,68.3766667
tj,eshma,02,38.1661111,68.8541667
tj,eshma pervaya,02,38.1638889,68.8236111
tj,evon,03,39.4444444,68.1455556
tj,ezgand,02,38.7258333,70.4188889
tj,faisabad,02,37.3333333,68.9666667
tj,fakhrabad,02,38.3011111,68.7063889
tj,falakon,02,38.5075,68.7872222
tj,falkhabad,02,38.21,69.5069444
tj,falmaut,03,39.3711111,68.8394444
tj,fanfarok,02,38.7202778,68.8116667
tj,farab,03,39.2408333,67.47
tj,farishti,02,38.5961111,69.0019444
tj,farkau,03,39.2333333,68.9833333
tj,farkhor,02,37.4922222,69.4016667
tj,farkingi,01,38.6936111,70.7283333
tj,farrukh,02,38.6722222,69.6547222
tj,fatma,03,39.3961111,68.6852778
tj,fayzabad,02,37.6666667,69.4936111
tj,fayzabadi-bolo,02,38.5188889,69.3241667
tj,filmandar,03,39.4141667,67.7488889
tj,finskiy,02,37.4730556,69.3705556
tj,firdavsy,02,38.1080556,68.9372222
tj,firuzaabad,02,38.7066667,68.8058333
tj,firuzoba,02,38.0522222,69.9694444
tj,foru,02,38.6836111,69.6605556
tj,frunze,02,37.3775,68.5669444
tj,furkat,02,38.1002778,68.9325
tj,gachak,02,38.5047222,68.5336111
tj,gafurov,03,40.2177778,69.725
tj,galaabad,02,38.1777778,68.6705556
tj,galaba,02,37.3177778,69.03
tj,galabulok,02,38.4363889,68.9613889
tj,(( gala-gutan )),02,37.75,69.7666667
tj,galamysh,02,38.5405556,68.5277778
tj,galbutta,02,38.4869444,68.7577778
tj,gallabor,02,37.3383333,68.99
tj,galya-kuduk,02,38.3166667,68.6666667
tj,gamchi,02,37.9,69.4833333
tj,(( gami-dara )),02,37.6333333,70.2
tj,ganchi,03,39.9588889,69.1369444
tj,gandzhina,02,37.9333333,68.5666667
tj,garab,02,37.6136111,69.7863889
tj,garab,03,38.5666667,68.1166667
tj,garau,02,38.3130556,68.9838889
tj,(( garavchak )),02,37.8227778,69.6325
tj,garavuti,01,37.5602778,68.4525
tj,gar-bola,01,39.0833333,70.8833333
tj,gar-bulak,02,38.3886111,68.9458333
tj,gardana,02,38.1666667,69.1666667
tj,gardzhvin,01,37.65,71.85
tj,gargara,02,38.1405556,69.4294444
tj,garibak,03,39.52,67.6016667
tj,garmchashma,01,37.6333333,72.55
tj,garm,02,39.0241667,70.3794444
tj,(( garm )),02,37.3166667,69.0166667
tj,garnavat,01,38.4833333,71.6
tj,garob,03,38.8833333,68.9833333
tj,gashion,02,38.6,69.65
tj,gaza,03,39.2536111,68.0505556
tj,gazhim,03,38.8283333,68.8125
tj,gaznich,03,39.2313889,68.0452778
tj,gazora,03,39.0455556,68.8808333
tj,gech-lara,02,38.6166667,69.9166667
tj,gelot,02,37.9455556,69.72
tj,gesh,02,38.1877778,70.0711111
tj,geshi,02,38.4438889,69.1775
tj,gezani bolo,03,39.2886111,67.7213889
tj,gezani-poyen,03,39.2833333,67.7333333
tj,ghalaba,02,38.0658333,68.8094444
tj,ghofilobod,02,38.1419444,70.0097222
tj,ghulakandoz,03,40.1616667,69.4677778
tj,ghulomobod,02,38.0044444,70.0286111
tj,gidzhovak,02,38.1702778,69.3747222
tj,gidzhovast,01,38.5475,71.7525
tj,girdob,02,38.3025,69.1469444
tj,gizhdalabad,02,38.5644444,68.6897222
tj,gizhdarva,03,39.3,67.85
tj,(( glomovod )),02,37.9833333,69.9666667
tj,goch,01,38.4666667,71.0666667
tj,godzhak,01,37.4,71.4833333
tj,gofilabad,03,38.8666667,68.65
tj,golchak,02,37.7166667,70.2833333
tj,gorif,03,39.2833333,70.0333333
tj,gornaya,03,38.7166667,68.3
tj,gou-gavdi-nau,01,38.8833333,70.95
tj,gozri,02,39.0833333,70.6
tj,granitsa,02,37.4022222,69.3583333
tj,gring,02,38.2,70.2666667
tj,gucha,01,38.4833333,71.0166667
tj,gudara,01,38.4016667,72.6794444
tj,gudar,01,37.6666667,74.75
tj,gudas,03,40.8,70.5
tj,guitan,03,39.3008333,68.0872222
tj,gulabad,02,37.7225,69.515
tj,gulbog,02,38.6261111,68.9575
tj,gulisoy 2,02,38.1186111,69.7541667
tj,gulistan,02,37.1913889,69.1594444
tj,guliston,02,38.0219444,69.0755556
tj,gulisurkh,02,38.4436111,69.2272222
tj,gulizindon,02,38.2369444,69.4166667
tj,gulizoar,02,38.3811111,68.8627778
tj,gulkhari,02,38.6630556,69.5191667
tj,gulkhas,03,38.6233333,68.1291667
tj,gulmazor,02,38.5219444,68.9163889
tj,gulpista,02,38.6508333,68.8052778
tj,gulshan,02,37.5736111,69.4313889
tj,gulyuk,02,38.3666667,69.6833333
tj,gumas,01,38.5769444,71.8125
tj,gumayak,01,38.3927778,71.5130556
tj,gumbezkol,01,38.1355556,73.7802778
tj,gumbulok,02,38.5247222,69.2052778
tj,gumsu,02,38.1491667,69.2352778
tj,gun-dara-bolo,01,38.7666667,70.8166667
tj,(( gun-dara )),02,37.6333333,70.1833333
tj,gurakha,02,38.6505556,68.7619444
tj,gurdara,02,37.9541667,69.5713889
tj,gurdora,02,38.2833333,69.6666667
tj,guriyen,02,38.6791667,68.5991667
tj,guriyet,02,38.5808333,68.5302778
tj,gurkham,01,38.7241667,70.5325
tj,gurlyuk-say,02,38.3166667,68.9666667
tj,guruldy,02,37.9422222,69.6075
tj,gushar,03,38.895,68.8394444
tj,gushkhon,01,38.3675,71.4727778
tj,guskef,03,39.0,69.3666667
tj,guskharf,02,38.7430556,68.7925
tj,guyunchi,02,38.0383333,69.2216667
tj,guzaribad,03,39.3869444,68.7058333
tj,guzari-poyen,02,37.9422222,70.0155556
tj,gyshmasar,01,37.6333333,68.6166667
tj,gyulkha-bulak,02,37.9833333,68.4166667
tj,(( gyzaryta )),02,37.95,70.0166667
tj,hayoti nav,02,38.1338889,68.8936111
tj,hiloli ahmar,02,37.9294444,69.8025
tj,hisor,02,38.4819444,68.5969444
tj,hodjent,03,40.28,69.6316667
tj,husanobod,03,39.3672222,68.0416667
tj,iark,01,37.9166667,71.3
tj,iich,02,38.4722222,68.8208333
tj,ilgovar,02,38.3,70.3166667
tj,ilty,02,37.8,68.8
tj,imamtarifi,02,37.9302778,69.7163889
tj,imeni ayni,03,40.1833333,68.8833333
tj,imeni chapayeva,02,37.9166667,68.8666667
tj,imeni engelsa,02,37.4625,68.6141667
tj,imeni frunze,02,37.5333333,68.65
tj,imeni karla marksa,01,37.6166667,68.5833333
tj,(( imeni kirova )),02,37.5,69.35
tj,imeni kirova,02,37.8166667,68.85
tj,imeni molotova,02,37.3419444,69.0080556
tj,imeni nasira khisrav,02,37.4666667,68.2333333
tj,imeni rudaki,03,39.4833333,67.6166667
tj,imeni sardarova karakhana,02,38.4422222,68.7769444
tj,imeni stalina,02,37.7166667,68.7833333
tj,imeni telmana,02,37.3766667,68.6708333
tj,imeni voroshilova,02,37.1166667,68.2333333
tj,imeni vosmogo marta,02,37.4813889,68.5283333
tj,(( indukul )),02,37.8833333,69.8666667
tj,ingichka,02,38.3494444,68.7138889
tj,inkukh,01,38.7175,70.6475
tj,iol,02,37.7636111,70.1902778
tj,ionakhsh,02,38.6,69.6666667
tj,iori,03,39.5083333,67.8697222
tj,irkht,01,38.1333333,72.6166667
tj,isfara,03,40.1166667,70.6333333
tj,isfisor,03,40.2433333,69.7447222
tj,(( ishan )),02,37.6,69.3666667
tj,ishkabad,02,37.95,68.2833333
tj,ishkashim,01,36.7272222,71.6116667
tj,ishkili,03,39.7166667,68.8
tj,ishma,02,37.9727778,69.0947222
tj,ishma tretya,02,38.2,68.7333333
tj,ishtarchi,03,39.8833333,69.15
tj,(( ishtel )),02,37.65,70.1333333
tj,ishtimoyut,02,38.5291667,68.9119444
tj,ishtion,01,38.845,70.7877778
tj,isiz,03,39.4166667,69.45
tj,iske-dayak,03,39.8166667,68.9666667
tj,iski-baldirgon,02,38.5252778,68.8977778
tj,iskich,03,38.6877778,68.5575
tj,iski-darkh,03,39.3166667,69.0166667
tj,iski-guzar,02,38.5,69.05
tj,iski-lyagman,01,37.6833333,68.6166667
tj,iskodar,03,39.4527778,68.4872222
tj,islomobod,02,37.6786111,69.5755556
tj,ispan,03,39.4102778,68.6986111
tj,ispechak,02,38.5794444,68.7216667
tj,israilabad,02,38.4836111,69.0475
tj,istik,01,37.7333333,74.3833333
tj,itak,02,38.5372222,68.9594444
tj,ittifok,02,38.4872222,68.5677778
tj,izhog,01,38.1833333,71.6333333
tj,jorbog,02,38.0225,69.8419444
tj,kabkrez,02,38.5172222,69.2713889
tj,kabla,02,37.5,68.15
tj,kabodiyen,02,37.4122222,68.1880556
tj,kabutchiyon,02,38.9111111,70.0358333
tj,kabuty,03,38.9833333,68.8
tj,kadara,02,38.9833333,70.2666667
tj,kadi-ob,02,38.6833333,69.35
tj,kaduchi,02,37.8919444,69.6283333
tj,kady-dzhabar,03,38.5666667,68.3166667
tj,kadyr-berdy,02,38.3,68.8833333
tj,kafiringan,02,38.5983333,69.1111111
tj,kaftarguzar,02,38.8397222,70.1563889
tj,kaftar,02,37.9052778,70.0033333
tj,kaftar-khana,02,37.9130556,69.7225
tj,(( kaftor )),02,37.9166667,69.9833333
tj,kaganovichabad,02,37.5894444,68.6608333
tj,kaikak kum,03,40.2647222,69.7894444
tj,kaindisoy,03,40.4927778,69.7025
tj,kairma,03,39.7827778,68.8527778
tj,kakhramon,02,37.2761111,68.1333333
tj,kalacha,02,38.6,68.9869444
tj,kalacha,03,39.2833333,69.9333333
tj,kalaidasht,02,38.6258333,69.5
tj,kala-i-khamb,01,38.4663889,70.7938889
tj,kalaikhusain,01,38.7266667,70.6416667
tj,kalai-lyabi-ob,01,39.1183333,70.8566667
tj,kalai-mirzabay,03,39.7397222,69.1572222
tj,kalainav,02,38.7019444,69.6427778
tj,kalai-puchkak,02,37.5327778,69.4672222
tj,kalaishodi,02,38.5627778,69.2122222
tj,kalai-vamar,01,37.9441667,71.5575
tj,kala-i-vanch,01,38.3730556,71.4552778
tj,kala khoit,01,39.1833333,70.8833333
tj,kalanak,02,39.0833333,70.5
tj,kalaryk,02,37.7,70.25
tj,kalay-khodzha,02,38.5666667,70.2666667
tj,kalfisabad,02,38.1572222,69.0055556
tj,kalininabad,02,37.8666667,68.9166667
tj,kalinin,02,37.4258333,68.6011111
tj,kalinino,02,38.5947222,68.75
tj,kalininskiy,02,37.4852778,68.6383333
tj,kalkot,02,38.2575,69.2552778
tj,kallyapar,02,38.35,68.4333333
tj,kalon,03,39.0466667,68.8330556
tj,kaltashur,02,37.8897222,69.0613889
tj,kaltuch,02,38.7072222,69.2605556
tj,kamadon,03,39.0427778,68.8127778
tj,kamar,03,39.4833333,67.5
tj,kamarou,02,39.1666667,70.3166667
tj,kamar-tash,03,39.3833333,67.5
tj,kambar,03,38.6027778,68.2775
tj,kamchak,01,38.6541667,70.6786111
tj,kamchin,02,38.6263889,68.8530556
tj,kamongaroni-bolo,02,38.5491667,68.9702778
tj,kampirkala,02,38.5283333,68.6627778
tj,kamyshkurgan,03,40.55,70.4333333
tj,kamyshogly,02,37.4069444,69.1041667
tj,kanakurgan,01,38.1738889,74.0536111
tj,kanchoch,03,39.0472222,68.3438889
tj,kandau,03,39.1380556,71.6508333
tj,kandi,02,38.6544444,68.9452778
tj,(( kandou )),02,37.9833333,70.15
tj,kangur-dzhar,02,38.2166667,68.9833333
tj,kangurt,02,38.2461111,69.52
tj,kangurtut,02,38.2333333,69.4333333
tj,kanibadam,03,40.2833333,70.4166667
tj,kante,03,39.2391667,68.4986111
tj,kanyaz-i-bole,03,39.0,69.7
tj,kanyshbek,03,39.15,71.0666667
tj,kaporel,02,37.9833333,70.2166667
tj,kara-agach,02,37.7283333,69.6747222
tj,karaagach,02,38.4705556,68.4236111
tj,karaart,01,39.0575,73.5933333
tj,kara-avgan,02,38.55,68.6166667
tj,karabadam,02,37.8530556,69.1211111
tj,kara-balchik,02,38.0988889,68.3872222
tj,kara-bulak,02,38.2333333,68.5666667
tj,karabulok,02,38.5375,69.1627778
tj,kara-dzhilga,01,38.1486111,73.7488889
tj,karagach,02,38.3,68.8
tj,karagag,03,38.6188889,68.3352778
tj,kara-gendzha,03,39.2422222,71.5261111
tj,karagoch,02,37.7505556,69.9558333
tj,karakamish,02,38.2325,69.5191667
tj,karakchi,02,37.6544444,69.3933333
tj,karakchikum,03,40.25,70.1333333
tj,karakon,03,40.55,70.3
tj,karakul,01,39.0141667,73.5583333
tj,kara-kurgan,01,38.3569444,72.495
tj,karakutan,02,38.7166667,70.1666667
tj,karakuz,02,38.2747222,68.3775
tj,karamandi,02,38.2944444,68.6972222
tj,kara-mazar,03,40.7,69.9666667
tj,karamkul,02,38.5155556,68.5127778
tj,karani,03,38.6333333,68.1
tj,karany,03,38.5905556,68.0827778
tj,karapchi,03,39.8,68.7833333
tj,kara-sakal,03,39.8227778,68.9716667
tj,karasu,01,38.0088889,73.9347222
tj,karasu,02,38.5097222,68.9363889
tj,karategin,02,38.5741667,68.8305556
tj,karatosh,02,38.3869444,69.2430556
tj,karcha,02,37.8,68.7833333
tj,(( kargandzha )),02,37.7,69.8833333
tj,kargaron,02,37.7686111,69.9525
tj,(( kariz-poyen )),02,37.8333333,69.7833333
tj,karl marks,02,37.3463889,68.1244444
tj,karmysh,03,39.7166667,68.9166667
tj,karsang,02,38.5819444,69.3755556
tj,kartaypak,02,38.0591667,69.6969444
tj,kasa-bulak,02,38.1552778,68.525
tj,kasatarosh,02,38.6805556,68.6666667
tj,kashimbog,03,39.15,70.2
tj,kashkarokha,02,38.1727778,69.0141667
tj,kasimabad,02,38.3622222,68.6402778
tj,kaskon,02,38.8569444,69.7730556
tj,kasvir,01,37.1333333,72.7166667
tj,kataganshakh,02,37.95,68.8333333
tj,katanbulok,02,38.6302778,68.9519444
tj,katta-buyni,02,38.4833333,68.3
tj,katta,03,38.65,68.4833333
tj,katta-kishlak,03,39.5,67.5833333
tj,katta-sarikamysh,03,40.7666667,70.5666667
tj,kaun-tyube,02,37.8666667,68.7333333
tj,kaun-tyube pervoye,02,37.85,68.6666667
tj,kavrakli,02,37.9902778,69.3227778
tj,kavshduzon,02,38.6533333,68.5366667
tj,kaykidasht,02,37.8191667,69.5275
tj,kaynar,02,37.8733333,69.6747222
tj,(( kaynar )),02,37.8833333,69.8
tj,kayrogochi-bolo,02,38.5455556,68.8963889
tj,kayrogoch,02,38.5569444,68.8730556
tj,kayrubak,02,38.4127778,69.78
tj,kaytmas,02,37.4930556,68.57
tj,kazakh,02,37.2444444,69.1622222
tj,kazakmazor,02,37.8077778,69.1144444
tj,kazakon,02,38.5855556,68.7313889
tj,kazanguzar,02,37.9819444,69.0491667
tj,kazidi,01,37.0166667,71.45
tj,kaznan,02,39.0166667,70.2666667
tj,kelitosh,02,38.595,68.6772222
tj,kemkul,03,39.7238889,68.8819444
tj,keriok,02,38.2925,69.2822222
tj,kevron,01,38.4769444,70.8852778
tj,khaboyet,01,37.45,71.5833333
tj,khadgut,01,37.7,72.3666667
tj,khadzhi-bay,02,38.2419444,68.5416667
tj,khairavat,03,39.45,68.3833333
tj,khakimi,02,38.815,69.8002778
tj,khakimi,03,38.7986111,68.3527778
tj,khaldyr-kipchak,03,39.8397222,68.8330556
tj,khalfa-aryk,02,37.7666667,68.6333333
tj,khalila-bulak,02,38.1333333,68.6333333
tj,khalkaer,02,38.1847222,69.8944444
tj,khalkayar,02,37.1,69.2333333
tj,khamdora,02,38.7333333,70.3333333
tj,khanabad,02,38.1172222,69.8766667
tj,(( khanaka )),02,38.5,68.5333333
tj,khanaka,03,38.7172222,68.6008333
tj,khanako,03,38.9166667,69.5833333
tj,khanka,02,38.5333333,68.5666667
tj,kharakoni,02,38.55,69.9666667
tj,kharangoni-bola,02,38.6755556,68.8641667
tj,khargush,01,37.3808333,73.1233333
tj,kharkaron,02,37.8591667,70.0597222
tj,kharkharak,02,38.2638889,68.6333333
tj,kharpo,01,38.5013889,71.6766667
tj,khasandara,02,38.8288889,69.8372222
tj,khasani,02,38.3813889,69.0966667
tj,khashdara,02,38.4816667,69.4525
tj,khas-khorog,01,37.2572222,71.4855556
tj,khatcha,02,37.6333333,69.45
tj,khavaskor,02,37.2733333,68.1655556
tj,khavzako,02,37.5419444,69.3588889
tj,khaymakhmady,02,38.5175,69.1730556
tj,khayoti nav,02,38.4986111,68.5869444
tj,khayrabad,02,38.4422222,69.3205556
tj,khayrabad,03,39.4166667,69.5166667
tj,khayronak,02,38.6441667,68.8505556
tj,khayronbed,03,39.1497222,68.4636111
tj,khaytali,02,38.6136111,68.9963889
tj,khazara,02,37.9833333,68.5333333
tj,khazrati-imom,02,38.2833333,70.2833333
tj,kheadzh,01,37.2,71.6
tj,khermonzhou,02,37.8913889,70.1677778
tj,khidzhis,01,38.0047222,71.8452778
tj,khikhek,01,38.2475,71.3819444
tj,khilmagz,02,38.6955556,69.3697222
tj,khirgatarash,02,38.5052778,68.8547222
tj,khirmanak,02,38.5902778,68.5586111
tj,khirs,01,38.8288889,70.8286111
tj,khishka-sangou,02,37.7925,69.9769444
tj,khishkat,03,39.4333333,68.5
tj,khitay,03,40.075,69.4541667
tj,khlopkovyy,02,37.3188889,68.7186111
tj,khneuk,01,38.2333333,71.4666667
tj,khnuk,02,37.7833333,70.2166667
tj,khocharki,02,38.1461111,69.8311111
tj,khochildiyeri-bolo,03,38.6197222,68.4652778
tj,khochildiyer,02,38.5661111,68.4855556
tj,khodishar,03,39.4166667,69.2333333
tj,khodzhabaykul-bolo,02,38.5294444,68.9894444
tj,khodzhabaykul,02,38.5241667,68.9855556
tj,khodzhabog,02,37.7652778,69.9391667
tj,khodzha-bulak,02,38.0116667,68.3119444
tj,khodzhagalton,02,37.8355556,70.0680556
tj,khodzhaguzar,02,37.8483333,69.2738889
tj,khodzha-isaf,03,39.7166667,68.9666667
tj,(( khodzha-isan )),02,37.6666667,69.8166667
tj,khodzhakala,02,38.0111111,68.8297222
tj,khodzha-katagan,02,38.5888889,68.9733333
tj,khodzhakhalil,02,38.2480556,69.8944444
tj,khodzha-kochkari,02,37.2605556,69.0775
tj,khodzha-maston,03,38.7333333,68.6166667
tj,khodzhambio-bolo,02,38.6358333,68.7688889
tj,khodzha-musa,02,38.5,68.5833333
tj,khodzha-obigarm,03,38.9002778,68.8008333
tj,khodzharki,02,38.25,69.2833333
tj,khodzhasartez,02,37.9705556,69.6736111
tj,khodzhasiddik,02,38.5072222,68.6322222
tj,khodzhigirdob,02,38.2955556,68.4261111
tj,khodzhimard,02,38.5666667,69.3166667
tj,khokak,02,37.4166667,68.1666667
tj,khokali,02,38.6255556,68.9166667
tj,khokhu,03,38.8333333,69.2666667
tj,khonakokh,02,38.2886111,69.8661111
tj,khonatarosh,02,38.0738889,70.0180556
tj,khordarai,02,38.6288889,69.1241667
tj,khorog,01,37.4916667,71.5558333
tj,khoshadi,02,37.1047222,68.0947222
tj,khoshehol,03,39.1833333,71.25
tj,khosh-ob,02,38.6666667,69.9166667
tj,khostav,01,38.1863889,70.5044444
tj,khost,01,38.5416667,70.8366667
tj,khovaling,02,38.3411111,69.9794444
tj,khrazmoni,02,38.2388889,70.0841667
tj,khshirtab,03,39.2266667,68.9158333
tj,khudayshan,02,37.9647222,69.7688889
tj,khudgif,03,39.4166667,70.0
tj,khudzhay-nakhsheron,02,38.45,68.2
tj,khulozi,02,38.9038889,69.8675
tj,khumorigung,03,39.1794444,68.0044444
tj,khundukul,02,37.8772222,69.8861111
tj,khuraz,02,38.2666667,68.7166667
tj,khur,01,38.7383333,70.5827778
tj,khurk,01,38.5163889,71.0397222
tj,khurmi,03,39.5166667,67.5833333
tj,khusenshug,02,38.1302778,69.4575
tj,khushon,02,38.7713889,69.2719444
tj,khushtair-mukhlan,03,40.0480556,69.1502778
tj,khusnobad,03,39.35,68.0333333
tj,khuvan,02,38.4666667,69.3502778
tj,khuyum,02,38.9833333,70.3166667
tj,khuzhalksho,02,37.9961111,69.9863889
tj,khuzya,03,39.9666667,68.9833333
tj,kian-chashma,02,37.6997222,69.7169444
tj,kibil,02,38.3738889,69.2847222
tj,kiblai,02,38.6208333,68.8333333
tj,kibloy,02,38.0269444,69.5980556
tj,kiik-mazar,02,38.125,68.6897222
tj,kim,03,40.2,70.4666667
tj,kipchak,03,38.6,68.2166667
tj,kipchok,02,38.5866667,69.0308333
tj,kipkak,02,38.0302778,69.9316667
tj,kirgiz,02,37.215,69.1530556
tj,kirgizkislak,03,38.6719444,68.2275
tj,kirgochak,02,38.1883333,69.0277778
tj,kirma bolo,02,38.1166667,69.6833333
tj,kirma,02,38.4027778,68.825
tj,kirov,02,37.4288889,68.5666667
tj,kirpichnyy,02,38.4213889,68.7547222
tj,kirskhana,03,39.3666667,67.7
tj,kisatorosh,02,38.6833333,68.6833333
tj,kishlak-kzyl,02,38.4188889,68.5747222
tj,(( kishtibolo )),02,37.9333333,70.1333333
tj,kishti,02,37.9283333,70.1691667
tj,kishtudak,03,39.4772222,68.1283333
tj,kizilbulok,02,37.7727778,69.1616667
tj,kizil,02,38.45,68.9166667
tj,kizilkuch,02,37.2788889,68.1963889
tj,kizil rabat,01,37.4694444,74.8086111
tj,kizilsoy,02,38.0816667,69.4491667
tj,kizyl-bulak,02,38.4666667,68.4
tj,kizyl-kala,02,37.1952778,68.5786111
tj,kizyl-mazar-bolo,02,38.0458333,69.5880556
tj,kochkarbulok,02,37.7075,69.1588889
tj,kochkiya,02,37.3044444,69.1241667
tj,kodara,02,37.6588889,69.5569444
tj,(( kodara )),02,37.7166667,69.8833333
tj,kofarnihon,02,38.5530556,69.0197222
tj,kokbulak,02,38.7555556,69.6775
tj,kokliksoy,02,37.805,69.0402778
tj,koktash,03,39.5,67.6333333
tj,kok-tepe,03,39.05,68.9
tj,(( kol-bulak )),02,37.9666667,69.15
tj,kole-bulak,02,38.3127778,68.3405556
tj,kolem-boki,01,39.1,70.7666667
tj,kolkhozabad,01,37.6,71.7666667
tj,kolusufyan,02,38.2930556,69.4063889
tj,kombinat slepykh,02,38.5036111,68.5763889
tj,komsomolabad,02,37.7811111,69.6063889
tj,komsomolbad,02,38.8669444,69.9622222
tj,komsomol,01,37.7,68.6166667
tj,komsomol,02,37.3969444,68.6455556
tj,konchi,02,38.4677778,68.5808333
tj,kondara,03,38.8119444,68.8283333
tj,konstitutsiya,02,38.5383333,68.7188889
tj,korolevskaya dacha,02,37.2319444,68.3886111
tj,kosatarash,03,39.3833333,67.7666667
tj,kosatarosh,02,38.4333333,69.5
tj,koshachinar,02,37.3458333,68.1869444
tj,koshana,03,39.4463889,68.0683333
tj,kosh-bulak,02,38.0333333,68.5166667
tj,koshkent,03,40.0833333,68.9333333
tj,koshkiya,02,37.9861111,69.6422222
tj,kosh-kurgan,03,39.83,68.8141667
tj,kosh-tepe,03,39.4661111,67.6286111
tj,kosychubak,02,38.5333333,70.0333333
tj,kotorak,02,38.575,70.3227778
tj,krasnoostrovskiy,02,37.3480556,68.685
tj,krchi-kul,02,38.4166667,68.6
tj,(( krichol )),02,37.7666667,70.0666667
tj,krut,03,39.4269444,68.555
tj,kshindara poyen,02,38.3166667,70.0666667
tj,kuchkak,03,40.25,70.3333333
tj,kuchkan-bulak,02,38.4147222,68.2797222
tj,kuchkan,02,38.1422222,69.5058333
tj,kuduk,02,38.1833333,68.6166667
tj,kuduk,03,38.6166667,68.0833333
tj,kudukly,02,37.3080556,69.1108333
tj,kugi-lyal,01,37.1833333,71.45
tj,kuibyshevabad,02,37.95,68.8166667
tj,kuitemez,02,37.3111111,69.0619444
tj,kukhnaboy,02,38.4413889,68.5988889
tj,kukhon,02,38.6333333,68.5191667
tj,kulabad,02,38.2727778,68.9927778
tj,kulab,02,37.9091667,69.7819444
tj,(( kul-ayud-bek )),02,37.9666667,69.9833333
tj,kulbek,02,37.8816667,69.5702778
tj,kul-bulak,02,38.4,68.7666667
tj,kulchashma,02,38.1508333,70.0216667
tj,kuldeman,02,37.2811111,69.0666667
tj,kuldoman,02,37.9763889,69.8891667
tj,kulegtel,02,38.4166667,69.8
tj,kulibedak,02,38.6572222,68.7244444
tj,kulikutan,03,39.75,68.6833333
tj,kulin,01,38.0166667,72.6666667
tj,kulkat,03,40.15,70.7
tj,kul,02,37.9677778,69.9869444
tj,kul,03,40.1166667,69.1166667
tj,kulmakmidi,02,38.6547222,68.8336111
tj,kulmunda,02,38.5141667,68.5852778
tj,kululu,02,38.1333333,70.05
tj,kulumbai-bolo,01,38.6375,70.6344444
tj,kumarg,03,39.3666667,68.5833333
tj,kum,03,39.4166667,68.3833333
tj,kumsangir,02,37.4127778,68.6844444
tj,kunchi,02,38.45,68.5666667
tj,kundashar,02,38.2872222,70.0713889
tj,kungara,02,38.25,70.2666667
tj,(( kun-tyube )),02,37.7666667,69.6
tj,kunyashaar,02,37.8980556,69.7644444
tj,kunzhak,03,39.75,68.95
tj,kuprukbashi,03,40.9,70.6
tj,kuprukboshi,02,38.5811111,69.0755556
tj,kuranch,02,38.8,70.1833333
tj,kurban-kusa,02,38.4422222,68.1575
tj,kurbanshaid,02,37.7777778,69.5577778
tj,kurbantaybulok-poyen,02,38.0316667,69.6563889
tj,kurdyk-say,02,38.3,68.8333333
tj,kurdzhalol,02,37.185,68.185
tj,kurgan-tyube,02,37.8363889,68.7802778
tj,kurgawad,01,38.4244444,71.1163889
tj,kurghon,01,38.4602778,74.4083333
tj,kurkat,03,40.1369444,69.2552778
tj,kur-kuduk,02,38.3,68.75
tj,kurort oksukon,03,40.5333333,70.4
tj,kurot,02,37.2488889,68.1683333
tj,kurpai,02,38.6413889,68.8619444
tj,kuruk,03,38.865,68.6616667
tj,kuruksay,03,40.5786111,69.3777778
tj,kurzhumtosh,02,37.7502778,69.7627778
tj,kus-abad,02,38.3166667,68.8666667
tj,kushkak,03,38.7219444,68.6427778
tj,kushkutan,03,39.3166667,67.75
tj,kushtepa pervaya,02,38.5338889,68.815
tj,kushteppa,02,37.7819444,69.6063889
tj,kuymot,02,38.4044444,69.1066667
tj,kuyu-burka,02,37.1972222,69.1433333
tj,kuzibacha,02,38.4986111,68.1347222
tj,kyrk-archa,03,39.4166667,67.5
tj,kyrkkuduk,03,40.7,70.6833333
tj,kyrkuduk,02,37.4008333,69.2027778
tj,(( kyshkasangou )),02,37.7833333,69.9666667
tj,kyzyl-alma,03,38.6833333,68.3833333
tj,kyzyl-askar,02,37.1916667,68.15
tj,kyzyl-bulak,03,38.6833333,68.3666667
tj,kyzylguzar,02,38.0672222,69.4069444
tj,kyzyli,03,40.0638889,69.2175
tj,kyzylkala,02,37.9,68.65
tj,kyzylnishon,02,37.4358333,68.6386111
tj,kyzyl nishon,02,38.5452778,68.8861111
tj,kyzylsu,02,37.5391667,69.3388889
tj,kyzyl-tabobu,02,38.3833333,68.55
tj,kyzyl-tadzhikistan,02,37.3863889,68.6588889
tj,labital,02,38.5236111,68.6925
tj,lagman,02,37.8958333,69.7475
tj,lakai-begi,02,38.5094444,69.0816667
tj,lakhat-bul,02,38.35,68.3666667
tj,lakhiti,02,38.2947222,69.8947222
tj,lakkon,03,40.1666667,70.8666667
tj,laklakuya,02,37.2902778,68.1863889
tj,langa kisht,01,37.0516667,72.6727778
tj,langa,01,38.7130556,70.5022222
tj,langar-kalon,02,37.9816667,70.0072222
tj,langar,03,40.0594444,69.3241667
tj,langar-poyen,02,38.5505556,68.5675
tj,larkhobi,02,37.8152778,69.6755556
tj,latokhorak,02,38.6186111,68.5666667
tj,lattaband,02,38.4061111,68.5380556
tj,layka,02,38.45,68.65
tj,layron,01,38.8925,70.9275
tj,layron,02,38.8430556,69.8219444
tj,leninabad,02,37.4722222,68.5258333
tj,leninayel,02,37.1491667,68.1236111
tj,leningrad,02,38.1077778,70.0308333
tj,lenin yuly,02,38.0108333,68.8347222
tj,leprozoriy,02,38.3711111,68.515
tj,letnik vakhynch,01,38.0333333,72.6
tj,lidzhak,02,38.6280556,69.14
tj,lilykutal,02,37.8697222,69.7555556
tj,lodzhirk,01,38.1,71.9833333
tj,lohur,02,38.3788889,68.7041667
tj,lojirk,01,38.8611111,71.1077778
tj,lokhur,02,38.0327778,69.1997222
tj,lolagi,02,38.5958333,68.5497222
tj,lolazor,02,38.5713889,68.9894444
tj,lomanov,02,37.4866667,69.3772222
tj,loshkharf,02,38.6741667,69.3277778
tj,louka,02,37.8202778,69.7877778
tj,loyeva,02,38.4,70.05
tj,loyob,02,38.6055556,68.8775
tj,lublikor,02,37.0413889,68.0825
tj,luchob,02,38.7052778,68.6838889
tj,lukhch,01,38.6780556,70.6811111
tj,lushiyen,02,38.3555556,69.9483333
tj,lyabi-dzhon,03,38.7333333,68.35
tj,lyakat,03,40.0166667,69.0166667
tj,lyakhsh,01,38.3166667,71.25
tj,lyangar-dara,02,38.1333333,70.2166667
tj,lyanglif,03,39.45,70.0333333
tj,lyatoban,02,38.3833333,68.5333333
tj,machiton,02,38.5761111,68.9705556
tj,madaniat,02,37.45,68.5333333
tj,madaniyat,02,37.45,68.6527778
tj,madm,03,39.4344444,68.3497222
tj,madovra,03,39.3236111,68.1152778
tj,madrushkat,03,39.4461111,69.6661111
tj,magaitu,03,38.8330556,68.6891667
tj,magian,03,39.2511111,67.6688889
tj,magmurud,02,38.6575,68.9480556
tj,magov,02,38.6875,69.1063889
tj,mahmadsho,02,38.5038889,68.7013889
tj,maikota,03,39.5161111,67.7666667
tj,makhmadzhan,03,39.3166667,70.6166667
tj,makhram,03,40.25,70.1833333
tj,makhrazi,02,38.4422222,69.2797222
tj,maksev,02,38.2666667,69.1666667
tj,makshevat,03,39.125,68.4847222
tj,maksim gorkiy,02,37.4222222,68.5677778
tj,maksim gorkiy,03,38.5808333,68.2319444
tj,marazteppa,02,37.8216667,69.5997222
tj,mardzh,01,37.7005556,72.4466667
tj,margab,01,38.1688889,73.965
tj,margib,03,39.1763889,68.8936111
tj,margob,02,37.6638889,69.5975
tj,marguzar,02,37.4511111,69.3563889
tj,marguzar,03,39.1,67.8666667
tj,marifati,02,38.625,68.69
tj,marish-karon,02,37.6913889,69.8513889
tj,markansu,01,39.2969444,73.3455556
tj,markhana,01,37.75,72.4166667
tj,(( maroz )),02,37.8333333,69.5833333
tj,marsor,01,38.0333333,72.15
tj,martaki,02,38.1572222,69.9938889
tj,marzich,03,39.1727778,68.7377778
tj,mashal,02,37.7402778,69.0530556
tj,matcha,03,40.3680556,69.3252778
tj,matraun,01,38.185,71.4422222
tj,maulak,02,38.3730556,69.3980556
tj,mavlondzhari-bolo,02,38.5727778,68.5536111
tj,mavlondzhar,02,38.5630556,68.5502778
tj,mayda-patta,02,37.5266667,69.3205556
tj,maydon komsomol,02,37.2233333,68.0361111
tj,(( maydon )),02,37.8,69.9333333
tj,maydon,02,38.6930556,69.7408333
tj,maykhura,03,39.0247222,68.5877778
tj,mazari-sharif,03,39.4,67.85
tj,mazar,01,38.2833333,71.5666667
tj,mazaryuru,02,38.4763889,70.0791667
tj,mazorirarz,03,39.3533333,68.7136111
tj,mdykhara,01,38.5833333,71.7666667
tj,medenshar,01,37.3333333,71.75
tj,medynved,01,37.2,71.8666667
tj,mehnat,02,38.0872222,68.6886111
tj,mehnat,03,40.2,68.95
tj,mehnatobad,02,37.7266667,69.5458333
tj,mehnatobod,02,38.1705556,68.9566667
tj,mekhnat-rokhat,02,37.3591667,68.7247222
tj,mekhtari,02,38.6197222,68.8991667
tj,mekhtari novyy,02,38.6055556,68.9086111
tj,metintugay,02,37.6133333,69.5605556
tj,meynet-kash,02,38.4666667,68.25
tj,mianshar,01,37.7219444,72.2641667
tj,mikoyan,02,38.4980556,68.8397222
tj,mimichi,02,39.1166667,70.6666667
tj,minbulak,03,39.2166667,71.5166667
tj,mindaka,03,39.4833333,67.95
tj,mingachar,02,38.2997222,68.5216667
tj,ming-botman,02,38.2666667,68.4166667
tj,ming-tut,02,38.4666667,68.2166667
tj,(( min-tut )),02,37.9666667,69.7666667
tj,mionadu,01,38.83,70.8780556
tj,mirzakulabad,02,38.2686111,68.815
tj,mirzochul,02,38.5605556,68.6736111
tj,misninobad,02,38.6666667,69.5333333
tj,misyr-abad,02,37.2833333,68.1166667
tj,mitin-tugay,02,37.8,69.6069444
tj,miyenadara,02,38.8186111,69.9252778
tj,mogol,02,37.9630556,69.7563889
tj,mogul,02,37.2875,69.1391667
tj,mogul,03,39.5,67.6833333
tj,moinkadzh,02,38.5691667,68.9355556
tj,moinkadzh-poyen,02,38.5611111,68.9525
tj,moloshady,02,38.5333333,68.35
tj,momandien,02,38.1513889,70.0672222
tj,momirak,02,37.8947222,69.9219444
tj,monming-abad,03,38.65,68.35
tj,morteppa,02,38.5541667,68.5911111
tj,moskva,02,37.6566667,69.6291667
tj,mudshum,03,39.8791667,69.1869444
tj,mudzhikharf mayda,02,38.8602778,69.8758333
tj,muguloni-poyen,02,38.6552778,68.7033333
tj,mugulon,02,38.5333333,68.8652778
tj,muhojirobod,02,37.5208333,69.4547222
tj,muk,03,39.1666667,71.5666667
tj,mukur,03,39.7155556,68.8286111
tj,mulla-dobat,02,38.5291667,68.9380556
tj,(( mulla-kazagi )),02,37.8666667,69.8166667
tj,mullamir,03,40.7333333,70.1666667
tj,mullasultan,02,37.9586111,69.8061111
tj,mulvodzh,01,36.9166667,71.55
tj,munda,02,37.9702778,69.3941667
tj,mundok-belo,02,37.9644444,69.3941667
tj,murateppa,02,37.3511111,67.9702778
tj,murdgodga,01,38.6191667,71.8591667
tj,murshikor,02,38.6280556,68.7469444
tj,murutak,02,38.3719444,68.5041667
tj,murza-khan,03,38.8686111,69.5833333
tj,musa-bazari,03,38.6333333,68.35
tj,musobozor,03,39.2416667,67.4166667
tj,muzkol,01,38.7080556,73.5158333
tj,nadirabad,02,38.8825,70.1255556
tj,nadzhi,03,38.6333333,68.4666667
tj,nadzh,02,38.5561111,68.5019444
tj,nafaroch,03,39.8166667,69.0
tj,nagodak,01,37.4666667,71.5166667
tj,namadgut,01,36.7166667,71.7666667
tj,namozdzhoy,02,37.5738889,69.3783333
tj,namozgokh,03,39.0552778,68.8541667
tj,namuna,02,37.4277778,68.5152778
tj,nandzheymas,02,37.9833333,69.7333333
tj,narabad,03,38.6605556,68.3286111
tj,narge-say,03,39.4666667,68.3666667
tj,narvad,03,39.1147222,68.4077778
tj,naryn,02,38.2952778,68.935
tj,nasosnyy,02,38.5261111,68.71
tj,nasrud,03,39.25,70.0833333
tj,nasrut,03,39.0483333,68.8616667
tj,naubad,02,38.2577778,68.3438889
tj,naugandy,03,40.0333333,69.05
tj,naugarzan,03,40.9333333,70.55
tj,naumitkan,03,39.2,69.0833333
tj,nau,01,38.2666667,72.2333333
tj,nau,03,40.1538889,69.3730556
tj,navaabad,02,37.8408333,70.0372222
tj,navabad,02,39.0077778,70.1555556
tj,navabad,03,39.7211111,68.9563889
tj,navabadskiy,02,38.5877778,68.7386111
tj,navdekh,02,38.4361111,69.3319444
tj,navdi,02,38.0094444,68.8086111
tj,navdonek,02,38.9833333,70.2166667
tj,navkoram,02,38.2869444,69.0411111
tj,navobodi bolo,02,37.6358333,69.3808333
tj,navobod,02,37.5019444,68.8891667
tj,navraut,03,39.6166667,69.3
tj,navruzbulok,02,38.6883333,68.6469444
tj,naygif-dargaza,01,38.7333333,71.2
tj,nayza-bulak,02,37.8833333,68.5166667
tj,nazaraylok,03,39.3786111,70.6291667
tj,nazarboy,02,37.8241667,69.9147222
tj,nefteabad,03,40.2,70.5666667
tj,negnot,03,39.3616667,68.0113889
tj,nemas,01,37.3191667,72.2202778
tj,nemats,01,37.7147222,72.0402778
tj,neyli,03,38.6758333,68.5277778
tj,nidzhani,03,39.965,68.9252778
tj,nilkon,02,38.6008333,68.9213889
tj,nimshus,01,38.2666667,72.2166667
tj,nisay,01,38.7166667,71.25
tj,nishgar,01,37.0166667,72.4666667
tj,nisur,01,38.2911111,72.3977778
tj,niyazbek,03,40.25,70.25
tj,nizhniy khokak,02,37.3833333,68.1333333
tj,nofin,03,39.1833333,67.8333333
tj,noling,02,38.4425,69.4797222
tj,norak,02,38.3883333,69.325
tj,nory,03,39.5,67.8833333
tj,novabad,02,37.0852778,68.1191667
tj,novabad,03,39.2,69.3
tj,novabad-poyen,02,37.6283333,69.3594444
tj,novakipoyen,03,38.8833333,69.2666667
tj,novasoy,02,38.4258333,68.1161111
tj,novobad,01,37.6833333,68.6833333
tj,novobad,02,38.4833333,70.0833333
tj,novobod,02,37.4044444,68.6894444
tj,novobulok,02,37.8102778,69.8841667
tj,novyy sarkor,03,38.5066667,68.1975
tj,nukbist,01,38.2333333,72.2333333
tj,nulvand,01,38.2602778,70.5555556
tj,nuranch,02,38.7988889,70.2075
tj,nyut,01,36.7166667,71.6
tj,obburdon,03,40.4277778,69.3047222
tj,obdzhuvoz,03,39.8638889,68.9941667
tj,obgo,01,38.4833333,71.6166667
tj,obiborik,02,38.7958333,69.8502778
tj,obi-dzhuk,02,38.7666667,68.9
tj,obi-dzhuk,03,38.7758333,68.8308333
tj,obigarm,02,38.72,69.7094444
tj,obikiik,02,38.1586111,68.6722222
tj,obilurd,02,38.9075,70.1380556
tj,obimuki,02,38.2,69.0255556
tj,obinukra,02,38.6705556,69.2872222
tj,obitera,02,37.7552778,69.9494444
tj,obkarchagay,03,39.8333333,68.9625
tj,oburdan,03,39.4052778,69.0833333
tj,ochamayli,02,38.53,68.6791667
tj,odesht,01,38.4013889,71.5033333
tj,ogilaki-poyen,03,39.4333333,67.95
tj,ogilgaron,01,38.6816667,70.6630556
tj,oim,02,38.5441667,68.3319444
tj,okbulok,02,38.2872222,69.6963889
tj,okchakman,02,38.5872222,68.9180556
tj,okdzhar,02,37.8447222,69.5616667
tj,okkuduk,03,40.6833333,70.5833333
tj,okkurgon,02,38.5083333,68.7416667
tj,oktabr,02,38.525,68.3333333
tj,oktok,02,38.5916667,68.8633333
tj,oktosh,02,38.2633333,69.9819444
tj,oktyabr,02,38.0763889,68.8366667
tj,oktyabr,03,39.95,70.5
tj,oktyabrskiy,02,37.3277778,68.7080556
tj,olimtoy,02,37.7777778,69.3855556
tj,oliy-sovet,02,38.4477778,68.8
tj,omada,02,38.55,68.35
tj,oqbuloq,02,38.2697222,68.5430556
tj,oqmachit,02,38.4752778,68.1775
tj,oroshar,01,38.315,72.3211111
tj,orzu,02,37.6,68.8166667
tj,osiob-dara,02,39.1666667,70.7
tj,osmanbika,02,37.9983333,69.7602778
tj,ovul,02,38.5722222,68.7244444
tj,oy-barik,03,38.75,68.4333333
tj,oybosh,02,38.545,68.5375
tj,ozodii shark,02,38.0022222,68.8566667
tj,ozodii zanon,02,38.5108333,68.7094444
tj,ozodi,02,38.3441667,69.0688889
tj,padkinov,01,38.3947222,70.6691667
tj,padrud,01,38.005,71.7691667
tj,padrud,03,39.1666667,67.8333333
tj,pagna,03,39.3266667,68.0225
tj,pagulya,01,38.65,70.4166667
tj,paimazar,03,39.3216667,68.4611111
tj,pakhrud,03,39.3833333,68.7833333
tj,pakhtaabad,02,37.7091667,69.4961111
tj,pakhta-bay,02,38.4669444,68.1338889
tj,pakhtaboy,02,38.4166667,68.1416667
tj,pakhtakoron,03,40.1666667,68.75
tj,pakhtakor,02,37.3780556,68.6552778
tj,palas,03,40.3136111,69.7444444
tj,paldarok,03,39.4166667,69.9333333
tj,paldorag,03,40.4844444,69.3016667
tj,pam-dara,02,38.3,70.15
tj,pandzheriyen,02,38.3641667,70.0880556
tj,pandzhkho,03,39.0555556,68.7719444
tj,pandzhrud,03,39.3533333,68.0552778
tj,pangas,03,40.75,70.25
tj,pani,03,39.15,67.85
tj,panjakent,03,39.5030556,67.615
tj,panji bolo,02,37.3252778,68.6819444
tj,parchasay,02,38.2333333,69.2
tj,parchasoy,02,38.2608333,69.0397222
tj,parinishian,01,37.75,72.1333333
tj,parizhskaya-kommuna,02,37.2591667,68.1188889
tj,parkamchi,02,38.1802778,69.3505556
tj,parkent,03,39.9166667,68.7833333
tj,parshed,01,37.4,71.6166667
tj,partizani surkh,02,37.55,68.5833333
tj,partizani-surkh,02,38.4747222,68.7813889
tj,parvar,02,37.7333333,70.2166667
tj,parzhir,01,37.5,71.75
tj,pasariq,02,37.4552778,68.4938889
tj,pashchi,03,39.8333333,68.85
tj,pashimgarm,01,38.8666667,71.4666667
tj,pashor,02,38.7797222,70.2847222
tj,pashum,03,38.8783333,68.9233333
tj,pasivaram,02,38.4863889,69.7694444
tj,paskitomchi,02,38.5011111,68.9105556
tj,pasor,01,38.4077778,72.635
tj,pasrud,03,39.2255556,68.4422222
tj,pastakon,02,38.2922222,69.1288889
tj,pastezak,02,38.2333333,69.9333333
tj,pastigov,03,39.4144444,69.2258333
tj,patar,03,40.3333333,70.45
tj,patru,03,38.6833333,68.4
tj,pattalik,02,38.3,68.85
tj,pay-mazar,01,38.6527778,71.9672222
tj,pchandar,03,38.8794444,68.9627778
tj,peho,02,38.4097222,69.3519444
tj,pervomayskiy,02,37.3344444,68.715
tj,pervomaysk,02,37.3411111,68.7522222
tj,peshkadam,02,37.3322222,69.0463889
tj,pete,03,39.25,68.55
tj,peteul,02,37.3661111,68.6330556
tj,petir,03,39.1833333,69.15
tj,pichef,03,39.0430556,69.3847222
tj,pildoni-miyena,03,39.1666667,71.0666667
tj,pingan,02,37.7833333,69.55
tj,pinion,03,39.2272222,68.4947222
tj,pionerabad,02,38.6877778,69.5530556
tj,pioner,02,38.2961111,68.9280556
tj,pionerskiy,02,37.3438889,68.6644444
tj,(( pionersk )),02,37.2833333,68.7
tj,pishanza,03,39.2411111,68.6325
tj,pish,01,37.3833333,71.4833333
tj,pishtovo,02,38.6,69.9166667
tj,piskon,03,39.1666667,69.1833333
tj,pisoda,01,38.8166667,71.0833333
tj,pistamazor,02,37.7158333,69.8530556
tj,pitaukul-balkh,03,39.3333333,71.3
tj,pobeda,02,37.4202778,69.3530556
tj,podak,01,38.4666667,71.0166667
tj,podayem,02,37.9522222,69.1011111
tj,pokhut,03,39.3883333,68.8097222
tj,polne,01,38.4166667,72.65
tj,pormin,03,39.1558333,68.5769444
tj,poruk-tash,03,38.7166667,68.4
tj,porven,03,39.3122222,68.045
tj,poselok nomer chetvertyy,02,37.6666667,68.8333333
tj,poshkharv,01,38.3975,71.1616667
tj,poshma-kuna,03,38.7797222,68.1927778
tj,potau,01,38.4652778,71.6016667
tj,pravda,02,38.5286111,68.8116667
tj,priiski,01,38.6030556,74.1552778
tj,pshambe,03,38.8963889,68.9391667
tj,pshikharv,01,38.4013889,71.2272222
tj,pshti-miona,03,38.7,68.3666667
tj,ptup,01,36.95,72.2333333
tj,pugus,03,38.8513889,68.8505556
tj,puli-dangal,01,38.5666667,71.7666667
tj,punuk,03,40.8666667,70.3666667
tj,purud,03,38.8833333,68.95
tj,pushing,02,38.1905556,69.4430556
tj,pushion miona,02,38.0391667,69.7913889
tj,pushion poyen,02,38.0166667,69.7666667
tj,(( pustin-dara )),02,37.15,67.8166667
tj,pyandzhsola,02,37.885,69.7397222
tj,qita partsezd,02,37.4069444,68.1363889
tj,qita qizilobod,02,37.3816667,68.1305556
tj,qita yakumi may,02,37.4991667,68.1422222
tj,qulobod,02,38.6858333,69.5830556
tj,qumsangir,02,37.4666667,68.6444444
tj,rabat,01,37.3563889,72.3075
tj,rabat,03,38.6216667,68.1833333
tj,rabat sasok-kul,01,37.6786111,73.1958333
tj,rabotakbaytal,01,38.4961111,73.8638889
tj,rabot,01,38.5605556,70.7863889
tj,rachiv,01,37.2186111,72.7894444
tj,(( rafak )),02,37.7333333,69.8833333
tj,ragun,02,38.7811111,69.8719444
tj,ragunskiy,02,38.6191667,68.7769444
tj,rakhmanberdy,02,37.9369444,69.7422222
tj,ramaif,01,38.0666667,72.7666667
tj,ramanit,01,36.75,71.9166667
tj,ramid,02,38.7277778,69.31
tj,rang kuk,01,38.4811111,74.3788889
tj,rangok,02,38.3733333,68.8427778
tj,rang,01,36.7166667,71.6166667
tj,rarz,03,39.3802778,68.7441667
tj,rash,03,39.5333333,67.7
tj,raumid,01,37.9833333,71.9833333
tj,raun,01,38.3,72.55
tj,rau,01,38.4333333,71.5666667
tj,ravadik,03,39.3,67.8666667
tj,ravat,03,39.1769444,68.5738889
tj,ravgada,01,38.5311111,71.7216667
tj,ravshani,02,38.9080556,69.8786111
tj,razuch,01,38.1513889,71.9463889
tj,redzhau,02,37.7166667,70.25
tj,regar,02,38.5041667,68.235
tj,regar,03,38.5108333,68.2302778
tj,reki,03,38.75,68.45
tj,remon,03,39.2280556,68.6630556
tj,revad,03,39.3852778,68.1958333
tj,rid,01,37.9833333,71.7333333
tj,rishgirakh,02,38.4980556,69.2711111
tj,rivak,01,37.6333333,71.7833333
tj,robat,03,40.5666667,70.3666667
tj,roga,01,38.85,71.3166667
tj,rogich,03,39.1486111,67.7405556
tj,rog,01,38.2166667,71.2666667
tj,rog,03,39.4333333,70.0166667
tj,rohi lenin,02,37.4936111,68.6561111
tj,rokharv,01,38.025,71.3336111
tj,rokhati,02,38.6019444,68.9275
tj,rosht-kala,01,37.2666667,71.8166667
tj,rovand,01,38.5933333,71.8466667
tj,roviv,01,38.0627778,71.8891667
tj,rozien,02,38.27,69.2622222
tj,rudaki,02,38.1333333,68.9583333
tj,rufigar,03,39.1425,69.4197222
tj,rugund,03,39.9722222,68.9686111
tj,ruidash,02,38.5922222,70.3338889
tj,ruiob-sandora,02,38.3830556,70.13
tj,rustakov,02,38.4,68.8833333
tj,ruykash bolo,02,38.0333333,70.2333333
tj,ruziobnak,03,39.4775,68.0447222
tj,ruzvay,01,38.4525,70.8336111
tj,sabakh,03,39.4641667,69.8119444
tj,sabzikharv,01,38.8025,70.7019444
tj,sabzikor,02,38.5319444,68.8541667
tj,sadbaregokh,02,38.1588889,70.0055556
tj,sadbargo,02,37.6752778,69.6080556
tj,sadii sherozy,02,38.0916667,68.8575
tj,sadvadg,01,38.4986111,71.6491667
tj,safarmat,02,37.5655556,69.3694444
tj,safeddara,02,38.4636111,69.4286111
tj,safeddori-bolo,02,37.8611111,70.1133333
tj,safedoron,01,38.6752778,70.7291667
tj,safed-sang,02,37.65,70.25
tj,safedshakhrak,02,38.2794444,69.9125
tj,safet-sang-bolo,01,38.7166667,70.7666667
tj,safid-dara,02,38.6666667,69.2333333
tj,sagirdasht,01,38.6366667,70.6633333
tj,sakhibnazar,03,39.5166667,67.4666667
tj,sakhron,03,38.5858333,68.3388889
tj,saksanasur,02,37.6386111,69.4447222
tj,saksanokhor,02,37.5427778,69.3841667
tj,sak-sion,03,39.8775,68.96
tj,salga,02,37.2130556,69.1711111
tj,samanchi,02,37.6502778,69.4183333
tj,samgar,03,40.3333333,69.8666667
tj,sandiv,01,37.1666667,71.95
tj,sangak-chashma,02,37.7827778,69.9161111
tj,sangdarai ubara,02,38.0202778,69.9688889
tj,sangdara,02,37.9977778,69.9730556
tj,sangevnidaroz,01,38.4211111,70.7055556
tj,sangevn,01,38.2766667,70.5813889
tj,sangichou,03,38.6,68.4
tj,sangistan,03,39.3986111,68.5908333
tj,sangiugul,02,38.1438889,69.9069444
tj,sang-milya,03,38.6216667,68.4030556
tj,sangoba,02,37.2338889,67.9841667
tj,sangonegel,02,37.9666667,70.2166667
tj,sangpar,02,38.485,69.0983333
tj,sangtuda,02,38.0388889,69.0788889
tj,sangvor,01,38.7775,71.2197222
tj,san-tuda,02,38.5363889,68.8825
tj,sanzhitaki,02,38.2833333,68.4833333
tj,sara-kamysh,02,38.4422222,68.4
tj,sargay,03,39.4011111,71.6902778
tj,sargazoni bolo,02,38.0683333,69.2688889
tj,sargazon,02,38.06,69.2869444
tj,sarichashma,02,37.755,69.8419444
tj,sarichinori-bolo,02,38.5933333,68.9880556
tj,sarichinor,02,38.5633333,69.3213889
tj,saridasht,01,38.6733333,70.5055556
tj,sari dasht,02,38.8861111,70.0505556
tj,sarigor,02,37.6466667,70.2
tj,sarikamar,02,38.3408333,69.3658333
tj,sarikhosor,02,38.5388889,69.8305556
tj,sarikishti,02,38.4563889,68.6819444
tj,sarinamak,02,37.7758333,70.2258333
tj,sarinay,03,38.745,68.6541667
tj,sariosiye,02,37.8447222,69.5788889
tj,saripul,02,38.4166667,70.1333333
tj,saripul,03,39.3166667,69.2666667
tj,sarkor,03,38.5166667,68.2
tj,sarmantay,02,37.2622222,69.1325
tj,saroy,02,38.6941667,69.6011111
tj,sarqokul,02,37.6722222,69.7380556
tj,sar,03,39.2672222,68.2861111
tj,sarsibulak,02,38.0880556,69.9552778
tj,sarvo,03,38.8152778,69.4872222
tj,sary-assiabak,02,38.6666667,68.75
tj,(( sary-assiya )),02,37.65,69.8833333
tj,sary-assiya,02,38.6166667,68.7833333
tj,sary-khalka,02,37.9333333,68.4833333
tj,saryk,02,37.1666667,69.1666667
tj,sary-kutal,02,38.6833333,68.7
tj,sary-magzor,02,37.8,70.2166667
tj,sarym-sagli,02,38.1,69.7666667
tj,sarym-sakhly,03,40.5833333,69.6333333
tj,sarymsakly,03,39.7166667,68.9833333
tj,saryszhob,02,37.8816667,69.7597222
tj,sarytag,03,39.05,68.3166667
tj,sary-ube,03,39.8166667,68.8166667
tj,sasyk-bulak,03,40.7,70.65
tj,satalmush,02,38.3213889,69.7427778
tj,saunob,01,38.3138889,72.4030556
tj,sauzali,02,37.6333333,70.0
tj,sauzy-khara,01,38.7666667,70.7166667
tj,savda,02,38.3127778,69.5627778
tj,savli,03,38.5666667,68.1833333
tj,savsipushdasht,01,38.0377778,71.8591667
tj,savurgon,03,38.7,68.4
tj,sayat,01,38.7769444,70.6408333
tj,sayat,02,37.2105556,68.1522222
tj,(( sayat )),02,37.6,69.5333333
tj,saydon,01,38.6486111,70.6552778
tj,schurab,03,40.05,70.55
tj,sebak,02,38.8877778,69.9405556
tj,sebandy,02,37.6516667,69.9941667
tj,sebdara-kalon,02,37.8183333,70.0536111
tj,sebdara-rubandi,02,37.82,70.0641667
tj,sebo-surkh,02,37.53,69.3875
tj,sedzh,01,37.25,72.0833333
tj,(( selburg )),02,37.8666667,69.5666667
tj,serendi,01,37.0333333,71.5166667
tj,seroba,02,38.2533333,69.6544444
tj,seshambe,03,38.5347222,68.2197222
tj,shaambari,02,38.6097222,68.6108333
tj,shaarfuz,02,37.2594444,68.1347222
tj,shabuka,02,37.8438889,69.7
tj,shady-muna,02,38.9294444,69.8744444
tj,shaftolubog,02,37.5180556,69.3686111
tj,shagan-bolo,02,37.9513889,70.2261111
tj,shagmon-poen,02,38.2258333,69.8463889
tj,shagmon,02,38.2547222,69.8197222
tj,shahribarbar,02,37.9547222,69.9966667
tj,shahriston,03,39.7719444,68.8094444
tj,shaikhak,02,38.6255556,68.9036111
tj,shakardasht,02,37.1816667,69.1977778
tj,shakarkhan,02,37.9288889,69.7797222
tj,shakhkamoni,02,37.9369444,70.0166667
tj,shakhmat,02,37.2252778,69.1125
tj,shakhob,02,37.3613889,68.1836111
tj,shakhrak,02,38.2738889,70.0636111
tj,shakhrteppa,02,37.5533333,69.3663889
tj,shakh,02,37.0486111,68.1108333
tj,shakhtuto,02,38.5433333,69.6333333
tj,shakhtut,02,38.4641667,69.5077778
tj,shakou,02,38.8080556,70.3158333
tj,shali-paya,02,38.4,69.4833333
tj,shamal,03,38.7619444,68.6133333
tj,shamanbulok,02,38.4041667,69.0066667
tj,shambede,01,37.1,71.4666667
tj,shanro,01,38.5191667,71.6780556
tj,shaodeli,02,38.5666667,69.2833333
tj,shaptaly-bag,02,37.5166667,68.35
tj,sharak,01,38.7030556,70.5122222
tj,shar-bulak,02,38.4166667,68.8
tj,shargin,01,37.0075,72.5197222
tj,sharituz,02,38.05,68.5333333
tj,sharshara,02,38.7,68.8166667
tj,sharsharasoy,02,38.1408333,68.8633333
tj,sharshar,02,38.0666667,69.75
tj,shash-buat,01,37.35,72.2833333
tj,shashkat,03,39.3927778,68.0505556
tj,(( shatrak )),02,37.6666667,70.0166667
tj,shaud,01,38.2041667,71.4791667
tj,shaur,03,39.3,70.95
tj,shavadki-bala,03,39.4022222,68.8841667
tj,shavadki-payan,03,39.3997222,68.8558333
tj,shavoz,01,37.1833333,71.8833333
tj,shaydon,02,38.4147222,69.8780556
tj,shaymak,01,37.5336111,74.8283333
tj,shaynak,02,38.5194444,68.6555556
tj,(( shaytan )),02,37.9166667,69.1666667
tj,shedavi,01,38.05,72.4
tj,shekhak,02,38.6333333,68.8
tj,sherbegiyen,02,38.9219444,70.0430556
tj,shernova,03,39.45,67.4666667
tj,shibonay,02,38.0913889,69.5933333
tj,shidz,01,37.9263889,71.3136111
tj,(( shigay )),02,37.6333333,70.15
tj,shikh-muzafar,02,38.4833333,68.2
tj,shikhok,02,38.6333333,68.8166667
tj,shikhon,02,38.5,69.9666667
tj,shilyulyu-poyen-bole,02,37.8505556,69.81
tj,shincha,03,39.2333333,67.5
tj,shindy,01,37.6291667,74.7702778
tj,shingak,03,39.5383333,67.6369444
tj,shing-darya,03,39.2844444,67.8063889
tj,shinglich,03,39.15,70.1833333
tj,shipad,01,38.1036111,71.3358333
tj,shir-atala,03,38.8,68.7166667
tj,shirgovad,01,38.5622222,71.7527778
tj,shirinbulak,02,38.3725,69.1169444
tj,shirkhany,02,38.4333333,68.6666667
tj,shitam,01,37.7419444,72.0216667
tj,shitharv,01,36.85,72.1
tj,shivansay,02,38.1333333,69.15
tj,shokhon,02,38.6480556,68.5236111
tj,sholikungurot,02,38.6775,68.6961111
tj,shol,03,38.7075,68.6016667
tj,shomako,02,38.5166667,68.9916667
tj,shopur,02,38.5552778,68.5205556
tj,shoradzhab,02,38.5913889,69.4436111
tj,shorazm,02,38.65,69.1308333
tj,shota rustaveli,02,38.0466667,68.9169444
tj,shouli,02,38.9666667,70.05
tj,shpilion,01,38.8427778,70.7769444
tj,shudzhand,01,37.9833333,71.6166667
tj,shudzhiv,01,37.4333333,71.6166667
tj,shugnan,01,37.5,71.5833333
tj,shugnou,02,38.5833333,70.3333333
tj,shulmak,03,38.5833333,68.3833333
tj,shuluk,03,38.75,68.4
tj,shulum,02,38.3433333,68.2813889
tj,shurabad,02,37.8402778,70.0491667
tj,shurcha,02,38.15,68.75
tj,shurcha,03,39.4463889,67.5936111
tj,shurian-bash,02,38.0997222,68.4677778
tj,shuribolo,02,38.4827778,69.0222222
tj,shuri-poyen,02,38.7825,70.3338889
tj,shurkhak,03,38.6833333,68.3333333
tj,(( shur-kishlak )),02,37.7166667,69.6666667
tj,shurkishlak,02,37.8811111,69.5094444
tj,shurkul,02,37.6275,69.4883333
tj,shurmanka,02,38.2122222,68.4936111
tj,shurmashk,03,39.2205556,68.4688889
tj,shurobiagon,02,38.5463889,68.6172222
tj,shurobi-iskandar,02,38.5466667,68.6097222
tj,shurobi-poyen,02,38.5394444,68.6163889
tj,shurpast,03,39.145,68.5788889
tj,siafyark,01,38.5166667,72.25
tj,sia-tulak,02,38.8666667,69.9
tj,sicharog,02,38.7338889,69.8069444
tj,sidzh,01,37.65,71.7666667
tj,sikat,01,38.8058333,71.2247222
tj,simchakon,02,37.7730556,69.8763889
tj,simiganch,02,38.6525,69.01
tj,sinchaloni,02,38.5,69.925
tj,sindzhe-dara,02,38.2333333,70.0166667
tj,sindzhi,02,38.3513889,70.0847222
tj,siniy,01,37.2,71.55
tj,sirdaryo,03,40.25,69.75
tj,sirko,02,38.4697222,70.2061111
tj,sitvarg,01,38.4505556,71.6025
tj,siung,02,37.7666667,70.2666667
tj,siyakopa,02,38.4833333,70.2166667
tj,siyefark,02,38.5094444,70.2558333
tj,siyekhdarai-poyen,03,39.0833333,70.1
tj,sodiki,02,38.5427778,68.5841667
tj,sogli,02,38.5666667,69.5666667
tj,sokhcharv,01,37.7166667,71.55
tj,sokur,02,38.6666667,68.8333333
tj,solmolidasht,02,38.2697222,69.7341667
tj,soni,03,38.8283333,69.4388889
tj,sorbagi-dogana,03,38.8833333,69.5666667
tj,sorbukh,03,38.8761111,69.5666667
tj,soriya-bulak,02,38.1666667,69.8333333
tj,sor,03,39.2711111,67.6527778
tj,sotsializm,02,37.4272222,68.6136111
tj,sovetabad,02,37.4711111,68.2391667
tj,starg,01,38.5986111,71.8258333
tj,staryy gissar,02,38.5247222,68.5513889
tj,staryy tulkhar,02,37.3047222,68.0088889
tj,su-bashi,01,38.1922222,74.1011111
tj,suchan,01,37.5333333,71.6833333
tj,suchion,02,37.9175,69.9580556
tj,sudzhina,03,39.4894444,67.7219444
tj,suffa,03,38.7666667,68.5166667
tj,sufiyan,03,39.4833333,67.7166667
tj,sultanabad,02,38.4447222,68.9425
tj,sulun,02,38.6833333,69.9333333
tj,sulyukh,03,38.5666667,68.2166667
tj,sumbula,02,38.45,68.6166667
tj,sumgad,01,38.6283333,71.9266667
tj,surhob,02,37.4486111,69.3105556
tj,surkha-chashma,03,38.6355556,68.4838889
tj,surkhakchasma,02,38.5547222,68.4919444
tj,(( suzhany )),02,37.5666667,69.4666667
tj,sverdlov,02,37.4341667,68.5561111
tj,tabachnyy,02,38.5219444,68.7277778
tj,tabaraylon,02,38.3702778,70.1452778
tj,tabarsim,01,37.25,72.1666667
tj,tabashar,02,38.1405556,69.5811111
tj,tabatosh,02,38.0711111,69.6944444
tj,tabokbulok,03,39.8308333,68.6680556
tj,tabok,03,38.8411111,68.9302778
tj,taboshar,03,40.5688889,69.6402778
tj,tabu-bulak,02,38.2833333,68.3333333
tj,tadzhikabad,02,37.0847222,68.0897222
tj,tadzhikishlak,02,37.5702778,69.1191667
tj,tadzhikistan,02,37.6169444,69.3405556
tj,taftakhta,03,38.7333333,68.65
tj,tagarkaki,01,37.5452778,72.9563889
tj,tagayabad,02,38.2072222,68.9713889
tj,tagikamar,02,38.7266667,69.8252778
tj,taginamak,02,37.6936111,69.6013889
tj,taginimak,02,37.6927778,69.6019444
tj,tagnob,02,37.6561111,69.4919444
tj,tagobikala,02,38.5572222,69.6619444
tj,taig,01,37.5833333,71.7333333
tj,tairsu,02,37.6619444,69.3425
tj,taka-sakvrdy,02,38.3166667,68.9166667
tj,takeli,03,40.4913889,69.4347222
tj,takfan,03,39.205,68.6266667
tj,takh,03,39.2333333,68.4833333
tj,takhtakhamit,02,38.6194444,69.4813889
tj,takhtamysh,01,37.8269444,74.6469444
tj,takht,02,38.6605556,68.5413889
tj,taknazari,02,38.5155556,69.2316667
tj,talbar,02,38.6,70.35
tj,talik,02,38.3333333,68.5333333
tj,talkhakchashma,02,38.7063889,69.8025
tj,talkhob,02,38.2786111,69.395
tj,tamchi,02,37.9088889,69.1236111
tj,tamdykul,03,39.4166667,71.2
tj,tanagva,02,38.6980556,69.7919444
tj,tanapcha,02,37.9888889,69.5811111
tj,tangan,02,38.5975,69.0583333
tj,tangiv,01,37.75,72.1166667
tj,tapchak,02,38.3666667,68.9333333
tj,tapkak,03,39.8813889,68.9419444
tj,tarikpoya,02,38.1530556,68.4047222
tj,tartki,02,37.5833333,68.1333333
tj,tary-ekam,03,40.6333333,69.9333333
tj,tash-abad,03,38.5330556,68.1725
tj,tashakhur,02,38.1166667,69.15
tj,tash-akhur,02,38.3813889,68.3711111
tj,tash-bulak,02,37.7977778,69.8838889
tj,tash-guzan,02,37.8966667,69.275
tj,tashkalak,03,38.5463889,68.1908333
tj,tashkutanstroi,03,38.7333333,68.3
tj,tash-minar,03,39.485,67.565
tj,tash-tepe,02,37.75,68.6333333
tj,taumen,03,39.3833333,68.6166667
tj,tavdem,01,37.4166667,71.6833333
tj,tavil-dara,01,38.6902778,70.4833333
tj,tavish-bolo,02,38.7525,69.4386111
tj,tavish,02,38.7647222,69.3891667
tj,taylanabad,02,38.3658333,68.6725
tj,taz-kala,02,37.9225,69.5886111
tj,tebolay,02,37.9166667,69.8475
tj,tegirmi,02,38.8983333,69.9897222
tj,tekhapv,01,38.5263889,71.6911111
tj,telman,02,37.4097222,68.6169444
tj,tepa-samarkand,02,38.5905556,68.8963889
tj,terboy,01,37.7333333,72.4166667
tj,teshik-tash,02,37.1302778,68.2325
tj,teshik-tash,03,39.5,67.75
tj,tezgari-bolo,02,38.5461111,68.9152778
tj,tezgar,02,38.5505556,68.9058333
tj,tigavun,02,38.4986111,70.2441667
tj,tikon,02,38.3377778,70.1155556
tj,tila-abad,02,38.4,68.65
tj,tilkibulak,02,38.0325,68.4438889
tj,tiyen,02,38.4969444,69.3083333
tj,tobi-in,02,38.1666667,68.5833333
tj,tobi-sar,02,38.1666667,68.5666667
tj,togmay,01,38.4458333,71.0416667
tj,(( togul )),02,37.6333333,69.6666667
tj,tokak,02,38.3083333,69.9375
tj,tokmak,03,40.55,69.5833333
tj,toktomushbek,01,38.0686111,74.3794444
tj,tomchi,02,38.5,68.9333333
tj,torbulok,02,37.9377778,69.1847222
tj,torsher,01,38.5313889,71.6972222
tj,toshbulok,03,38.7144444,68.6313889
tj,toshbuloq,02,37.885,69.4033333
tj,toshtepa,02,37.1622222,68.1216667
tj,toshteppa,02,38.5491667,68.3494444
tj,tosion,01,37.35,71.65
tj,toyabugon,02,38.0883333,69.4952778
tj,toykara,02,38.6369444,68.7269444
tj,traktor,02,37.2338889,68.1394444
tj,tro,03,39.4833333,70.1166667
tj,tsenets,01,37.2,72.0166667
tj,tsorch,01,37.2166667,71.8333333
tj,tubed,02,38.4072222,68.7102778
tj,tudaboyen,02,37.6411111,69.6822222
tj,tuda-chinar,03,38.5666667,68.05
tj,tudakovsh,02,37.9152778,69.8244444
tj,tudani,02,37.7783333,69.9863889
tj,tuda,02,38.5783333,68.4758333
tj,tugalong,02,37.2086111,69.1272222
tj,tugarak,02,37.8,69.6719444
tj,tugmazor,02,38.3988889,69.2458333
tj,tugul,02,37.1783333,69.1747222
tj,tukhchi,02,38.9208333,70.1413889
tj,tula,02,38.5755556,68.6258333
tj,tulbuyun,02,38.0858333,69.4294444
tj,tulki,02,38.4533333,69.0297222
tj,tunikharf,02,38.6908333,69.2577778
tj,turbokala,02,38.4975,68.3136111
tj,turdybobo,02,38.5227778,68.6191667
tj,turdyshekh,02,37.2719444,69.1258333
tj,turgak,02,38.2211111,68.4052778
tj,turgoling,02,38.4919444,69.5697222
tj,turk-kishlak,02,38.4247222,68.16
tj,turkmenabad,02,37.4436111,68.5513889
tj,turkmenskiy,02,37.3652778,68.5875
tj,turmysh,02,37.8333333,68.8666667
tj,tursunzade,02,38.5,68.2333333
tj,turturabot,02,38.5194444,68.9688889
tj,tutaka,02,38.6613889,68.585
tj,tut-bulak,02,38.3833333,68.95
tj,tutkaul,02,38.3,69.2833333
tj,tutkul,02,38.1280556,69.3394444
tj,(( tutti )),02,37.9833333,69.8833333
tj,tut,02,37.9833333,68.8333333
tj,tuyatosh,02,38.1833333,69.2833333
tj,tuz-bulak,01,38.5830556,74.2586111
tj,tuz-buzaygor,01,38.5666667,74.2333333
tj,(( tysh-tepe )),02,37.7666667,69.55
tj,tyuyachiabad,02,38.2594444,68.7883333
tj,uabay,01,38.3291667,71.2530556
tj,uak,03,39.8430556,68.7172222
tj,uata,03,39.4166667,68.1333333
tj,ubagi,01,38.3791667,71.8583333
tj,uchastok beshkappa,02,37.3908333,68.1330556
tj,uchastok imeni akhunbabayeva,02,37.2966667,68.1552778
tj,uchastok imeni engelsa,02,37.4613889,68.5302778
tj,uchastok imeni kalinina,02,37.1855556,68.2227778
tj,uchastok imeni karla marksa,02,37.4452778,68.5108333
tj,uchastok imeni krupskoy,02,37.4522222,68.6238889
tj,uchastok samanchi,02,37.7258333,69.4622222
tj,uchastok zhdanov,02,37.4575,68.5338889
tj,uchbulok,02,37.8355556,69.0947222
tj,uchkol,02,37.9063889,69.4602778
tj,uchkul,01,37.6666667,73.7333333
tj,uchkul,02,37.9397222,70.0116667
tj,uchkun,02,37.9833333,68.8
tj,udarif,01,37.9166667,72.1166667
tj,udarnik,02,37.4494444,68.6288889
tj,udob,01,38.5397222,71.7113889
tj,ugor,01,38.55,70.8
tj,uist-dakht,01,38.45,71.85
tj,(( ulbek )),02,37.9333333,69.5833333
tj,ulfatabad,02,38.9094444,70.0622222
tj,umakai-bolo,02,38.4819444,68.4591667
tj,umakai-poyen,02,38.5022222,68.5102778
tj,umarak,01,38.4463889,70.7597222
tj,umbar,02,38.3997222,68.325
tj,undzhi,03,40.3,69.7
tj,uraz-bay,02,38.2666667,68.75
tj,urgaylak,02,37.7833333,69.9425
tj,urmetan,03,39.4430556,68.2647222
tj,ursikho,02,37.7816667,69.96
tj,urtakainor,02,38.2008333,68.9016667
tj,urtakushkiya,02,37.9925,69.6480556
tj,urtaqishloq,03,39.4891667,67.535
tj,(( ushablok )),02,37.8833333,69.75
tj,ushkharv,01,38.2775,70.5627778
tj,ushkhorvak,01,38.55,71.75
tj,ushkol,02,38.5969444,68.6577778
tj,uskro,01,38.35,71.4
tj,ustanak,03,39.4,68.9833333
tj,ustung,03,39.3,69.1666667
tj,utabulak,02,37.2572222,69.0675
tj,utagan,02,38.4166667,69.1719444
tj,utal,02,39.1833333,70.7333333
tj,utanabad,02,37.0033333,68.0633333
tj,utkansay,03,40.56,69.6941667
tj,utogar,03,39.4,68.9
tj,uyaly,02,37.9666667,68.7
tj,uyas,03,40.0916667,69.0352778
tj,uyuli,03,40.0333333,69.0666667
tj,uzbekkishlak,03,40.1438889,69.5469444
tj,uzin,01,37.6552778,68.6130556
tj,uzun,02,38.55,68.4166667
tj,vadif,03,39.4666667,70.1833333
tj,vagashton,03,39.2833333,67.8
tj,vagel,02,38.1333333,70.25
tj,vakhan,01,37.0358333,72.6225
tj,vakhshskiy,02,37.3852778,68.6052778
tj,vakhshstroi,02,37.7108333,68.8311111
tj,valdirgon,02,38.51,68.9025
tj,vankala,01,37.7141667,72.2752778
tj,vanvan-bolo,01,38.6483333,71.9341667
tj,vanvan-poyen,01,38.6377778,71.9075
tj,varang,01,37.0061111,72.3741667
tj,vargandok,03,38.7333333,68.5333333
tj,varmanik,03,38.8397222,68.9744444
tj,varoaut,03,39.2166667,69.0166667
tj,varshidz,01,37.7,72.35
tj,varukh,03,39.8533333,70.5769444
tj,var,01,37.7294444,72.0730556
tj,varv,03,38.8430556,69.5383333
tj,varzobkala,02,38.75,68.8166667
tj,vashan,03,39.4013889,68.2638889
tj,vashist,03,39.4833333,68.0
tj,(( vash-pusht )),02,37.6,70.1666667
tj,vaydara,02,38.9225,69.8333333
tj,ven,03,39.2961111,68.0211111
tj,veshab,03,39.4169444,68.9394444
tj,veshkand,03,39.4461111,68.3275
tj,vion,02,38.5666667,69.75
tj,vishikharv,01,38.2280556,71.5286111
tj,viskharvi-bole,01,38.5516667,71.0905556
tj,vistan,03,38.8977778,69.29
tj,vodzh,01,37.7166667,71.95
tj,vogde,01,37.1166667,71.45
tj,voozm,01,37.5166667,71.6166667
tj,(( voroshilovabad )),02,37.4833333,68.65
tj,voru,03,39.235,67.9875
tj,voseabadi-kalon,02,37.8108333,69.5947222
tj,voseabad,02,37.8044444,69.5972222
tj,voznaud,01,37.95,71.2833333
tj,vtoroy zorbador,02,37.1666667,68.2
tj,vydodzh,01,37.3,71.7666667
tj,vyrevcha,01,38.6666667,71.3
tj,vzvudek,01,38.2,71.5666667
tj,yabon,03,39.4425,68.1411111
tj,yafrak,02,38.7497222,69.3644444
tj,yafuch,02,38.8377778,70.19
tj,yagdon,03,38.65,68.2833333
tj,yaka-chinarskiy,02,38.5333333,68.7666667
tj,yakhak,02,38.8452778,70.0311111
tj,yakhch,02,38.8416667,69.9488889
tj,yakhshiabad,03,38.5725,68.2305556
tj,yakhtan,03,40.0369444,69.1163889
tj,yakkabed,02,38.5825,69.2113889
tj,yakkadin,02,37.4177778,68.5591667
tj,yakkakhona,03,39.315,68.1194444
tj,yakka-psta,02,38.0666667,68.35
tj,yakkasada,02,38.2041667,69.5736111
tj,yakkatut,02,37.9333333,68.75
tj,yalanchinor,02,38.4536111,69.0694444
tj,yaman-kishlak,02,38.2666667,69.7333333
tj,yama,01,36.9666667,72.2833333
tj,yangiabad,02,37.3561111,68.7430556
tj,yangibazar,03,40.4166667,69.3833333
tj,yangier,02,38.0386111,68.7241667
tj,yangi-kishlak,02,38.3666667,68.3
tj,yangikishlak,03,40.3369444,69.8508333
tj,yangikurgan,03,39.8058333,68.8075
tj,yangikurgon,02,38.5452778,68.9463889
tj,yangikurulish,02,38.4277778,68.7283333
tj,yangimekhnat,02,38.5044444,68.8158333
tj,yangiyul,02,37.2391667,68.2052778
tj,(( yantagly )),02,37.9333333,69.1666667
tj,yarkhych-bele,02,39.25,70.8333333
tj,yar-mazar,03,39.3,71.2333333
tj,yar-tepa,02,38.3413889,68.4658333
tj,yarzyv,01,38.0166667,72.1666667
tj,yashkandy,02,38.0666667,68.5833333
tj,yash-leninchi,02,37.6166667,68.6333333
tj,yavan,02,38.3130556,69.0430556
tj,yava,03,40.25,69.5833333
tj,yavros-dara,02,38.6886111,69.2136111
tj,yavshor,01,38.2666667,72.3166667
tj,yazgo,01,38.5822222,71.8277778
tj,yeged,01,38.3516667,70.6075
tj,yertula,03,40.5333333,70.3666667
tj,yuben,01,37.25,72.1833333
tj,yukari polvon,02,37.2536111,69.1063889
tj,yukari-temez,02,37.2869444,69.0783333
tj,yukary-burka,02,37.2019444,69.1505556
tj,yukary-khodzha,02,37.2711111,69.0858333
tj,yukht-dakht,01,38.0666667,71.8333333
tj,yulduzkak,02,37.9172222,69.065
tj,yunuskhodzha,02,38.6269444,68.6730556
tj,yust,02,38.8488889,70.0716667
tj,yuzhnyy,02,38.5405556,68.7766667
tj,zachau,03,38.7666667,68.5333333
tj,zafarabad,02,37.7925,69.5191667
tj,zafarobod,02,38.1452778,68.9663889
tj,zamchurud,03,38.7766667,68.8002778
tj,zamudk,01,36.9166667,72.1666667
tj,zandkhur,02,38.7,68.65
tj,zangi-baba,02,38.1,69.65
tj,zanints,01,37.3166667,71.7333333
tj,zanoch,01,37.1925,71.9230556
tj,zarafshan,03,39.1705556,68.6258333
tj,zarangak,02,39.05,70.5333333
tj,zaravat,03,39.4333333,68.4666667
tj,zarbdor,02,37.3205556,69.0813889
tj,zarbdor,03,38.5116667,68.1741667
tj,zarbuz-bolo,02,38.2166667,70.2833333
tj,zardaki poyen,02,38.3855556,70.0369444
tj,zardolubog,02,37.8902778,69.5736111
tj,zardulavak,02,37.7636111,69.9855556
tj,zargar,02,37.8,68.6333333
tj,zarkamar,02,37.8930556,69.5905556
tj,zarkomar,02,38.4666667,68.2666667
tj,zartkhak,03,40.2333333,70.5833333
tj,zarya vostoka,02,38.4538889,68.5827778
tj,zaryn-bulak,02,37.8833333,68.4
tj,zasun,03,39.3947222,68.6263889
tj,zauran,03,39.3666667,67.9166667
tj,zaych,01,38.2869444,71.6430556
tj,zaynababad,02,38.5077778,68.8361111
tj,zebon,03,39.3833333,67.5666667
tj,zelmabad,01,38.3333333,71.3833333
tj,zelolak,02,38.4236111,70.1561111
tj,zerabad,03,39.4280556,68.4594444
tj,zhelisoy,02,38.6308333,68.5672222
tj,zhudzhum,02,38.5647222,68.5427778
tj,zichar,01,38.1058333,70.4394444
tj,zimare,03,39.1302778,68.6908333
tj,zimchurud,03,38.7666667,68.75
tj,zimtut,03,39.2958333,68.0555556
tj,zindikan,03,39.45,68.5666667
tj,ziraki,02,38.0008333,69.8413889
tj,ziyara-tut,03,38.55,68.2
tj,zong,01,37.0347222,72.6302778
tj,zorchal,01,37.7380556,74.6983333
tj,zoron,02,38.8369444,69.8858333
tj,zuchako,02,38.4333333,69.8666667
tj,zulfan,03,39.5,67.8166667
tj,(( zulum-abad )),02,37.8333333,69.9833333
tj,zuman,03,38.8666667,68.9833333
tj,zuriok,02,38.8061111,69.7161111
tj,zyrbot,01,37.3333333,72.25
tj,zyurunly,03,40.5333333,69.5333333
