vu,aala,13,-15.1,167.0666667
vu,abanga,06,-15.3166667,167.8833333
vu,abatabanga,06,-15.5166667,168.1666667
vu,abatounbouliva,06,-15.4833333,168.15
vu,abatounbwabwa,06,-15.5333333,168.15
vu,abatouwai,13,-15.65,167.2333333
vu,abatvenou,06,-15.4833333,168.1333333
vu,abnetare,13,-15.65,167.0833333
vu,abounanbay,13,-15.6833333,167.0833333
vu,abounavahe,13,-15.6333333,167.1
vu,abwatountora,06,-15.5,168.1333333
vu,aioua,14,-16.9,168.5333333
vu,aiowo,06,-15.0666667,168.0666667
vu,akam,10,-16.5166667,167.65
vu,alavas,10,-15.8833333,167.2333333
vu,alememer,12,-15.5166667,168.15
vu,aligu,12,-15.6,168.1666667
vu,alihak,12,-15.7666667,168.1333333
vu,alolo,06,-15.3166667,167.85
vu,alowarou,13,-15.7333333,167.15
vu,alowou,06,-15.2833333,167.9333333
vu,amalaboua,12,-15.5166667,168.1333333
vu,amata,06,-15.4,167.7
vu,ambousi,06,-15.3,167.8666667
vu,amio,07,-13.7,167.6333333
vu,amok,10,-16.0666667,167.2166667
vu,amseran,13,-15.4,167.2166667
vu,anabrou,08,-17.7333333,168.3011111
vu,aname,15,-20.1333333,169.8166667
vu,anaouya,15,-20.25,169.8166667
vu,anap,10,-15.9,167.25
vu,anegen,15,-20.15,169.8333333
vu,anelbounbeke,15,-20.1833333,169.8833333
vu,anelgaohat,15,-20.2333333,169.7666667
vu,anemek,15,-20.2333333,169.8
vu,anowounoouras,15,-20.2333333,169.7833333
vu,antaripoi,13,-15.75,167.2
vu,aop,10,-16.0833333,167.4
vu,aouloua,10,-16.3333333,167.7166667
vu,aoutili,05,-16.2833333,167.9833333
vu,apopo,06,-15.4333333,167.7166667
vu,aratoa,12,-15.4666667,168.15
vu,ariaou,13,-15.4833333,166.9166667
vu,aroka,13,-15.7,167.2166667
vu,arong,06,-15.3333333,167.9333333
vu,ase,05,-16.3,168.2666667
vu,assen,10,-16.3166667,167.7
vu,assoue,10,-16.5166667,167.8166667
vu,assourou,10,-16.3833333,167.7166667
vu,atangouroua,10,-15.5,168.15
vu,atavoa,06,-15.3,167.9833333
vu,atsaritibi,13,-15.15,166.8
vu,atsoma,13,-15.4666667,166.75
vu,avira,07,-14.2,167.5666667
vu,avtitnan,07,-14.3666667,167.5333333
vu,baagwergwer,06,-15.3166667,167.8
vu,baalap,05,-16.2833333,167.95
vu,baga,12,-15.7166667,168.1333333
vu,baitora,06,-15.2666667,168.1166667
vu,bakakara,13,-15.3166667,166.8333333
vu,banhoul,05,-16.1666667,168.1166667
vu,barereo,05,-16.1166667,168.1666667
vu,barik,10,-16.1666667,167.4833333
vu,barksal,12,-15.7166667,168.1666667
vu,barvet,12,-15.8333333,168.1666667
vu,batambon,10,-16.2333333,167.6
vu,batambou,10,-16.2166667,167.5833333
vu,batarhoumbou,10,-15.9833333,167.2333333
vu,batarlilip,10,-16.0,167.25
vu,bat,05,-16.3166667,167.9833333
vu,batenfoutou,12,-15.5833333,168.1166667
vu,batnavni,12,-15.6666667,168.1166667
vu,batouitano,13,-15.4166667,166.85
vu,batouna,13,-15.3,166.75
vu,batounaere,13,-15.4333333,166.8333333
vu,batounaroutoul,13,-15.5166667,166.8833333
vu,batounboaen,13,-15.5,166.85
vu,batounfaramb,13,-15.45,166.9333333
vu,batounklao,13,-15.4666667,166.8833333
vu,batounlemak,13,-15.4333333,166.9166667
vu,batountalbarav,13,-15.4666667,166.9333333
vu,batvoubarav,13,-15.4166667,166.8666667
vu,beer,13,-15.6,167.0333333
vu,bellevue,08,-17.7333333,168.35
vu,benavoue,13,-15.5833333,167.0333333
vu,benehour,10,-16.5,167.4166667
vu,betarara,06,-15.1,168.0666667
vu,betel,10,-16.0333333,167.4
vu,bethel,15,-19.55,169.2666667
vu,beweto,06,-14.2333333,167.6
vu,bilbilou,13,-15.5,166.8833333
vu,bilibil,13,-15.45,166.8
vu,biloykoulouwan,13,-15.4666667,166.8
vu,bitar,10,-16.05,167.2166667
vu,boatpasis,09,-16.7833333,168.1666667
vu,bogor,05,-16.1166667,168.15
vu,boles,05,-16.35,168.0666667
vu,boloa,14,-17.0666667,168.3666667
vu,bongabonga,14,-16.9333333,168.5333333
vu,bonkowia,09,-16.6666667,168.1333333
vu,borabor,11,-16.45,168.2166667
vu,boroumvor,10,-16.5333333,167.5666667
vu,bosao,09,-16.7833333,168.1833333
vu,boton,10,-16.2333333,167.5666667
vu,botvornov,13,-15.4166667,166.8833333
vu,boueboue,13,-15.35,167.95
vu,bouegou,12,-15.6,168.1333333
vu,bouinii,12,-15.7333333,168.1166667
vu,bouisourou,13,-15.5166667,166.7166667
vu,boulhak,12,-15.7166667,168.1166667
vu,boumhaeham,10,-16.5833333,167.4666667
vu,bounahatsa,13,-15.0333333,166.6166667
vu,bounanbaga,13,-15.3166667,166.8166667
vu,bouniakoup,15,-18.8833333,169.0166667
vu,bounlap,12,-15.9666667,168.2666667
vu,bourbar,10,-16.3833333,167.7666667
vu,bouroumba,09,-16.7166667,168.1166667
vu,boute-boute,09,-16.75,168.15
vu,boutmaraemojoro,13,-15.4,166.95
vu,boutmas,13,-15.3666667,167.0
vu,boutnavaga,13,-15.4333333,166.8666667
vu,bowe,05,-16.3666667,168.2166667
vu,brennwe,10,-16.1333333,167.2833333
vu,bumboko,09,-16.8166667,168.2666667
vu,bwehaltalam,05,-16.1166667,168.1166667
vu,bweletaveureukon,05,-16.2666667,167.95
vu,centre,08,-17.7341667,168.3005556
vu,chinohouse,10,-16.05,167.3833333
vu,crepeta,07,-13.9166667,167.4833333
vu,dalops,13,-15.0166667,166.7833333
vu,dalotaropou,13,-14.9666667,166.75
vu,dirihi,12,-15.6666667,168.1666667
vu,douane,13,-15.5333333,167.15
vu,douen,10,-16.3666667,167.7666667
vu,douin doui,06,-15.4,167.7666667
vu,drivai,10,-16.45,167.8166667
vu,ebao,08,-17.6166667,168.5
vu,eili,15,-20.25,169.8333333
vu,ekar,13,-15.0,167.05
vu,elia,13,-15.2666667,166.6666667
vu,ellarmo,10,-16.15,167.2166667
vu,emiotebin,05,-16.3333333,168.0
vu,emiotouan,05,-16.2666667,167.9833333
vu,emoa,08,-17.55,168.3666667
vu,endou,05,-16.2666667,168.25
vu,enfitana,15,-19.5833333,169.35
vu,eniou,15,-19.3666667,169.2833333
vu,enkoul,12,-15.7,168.1666667
vu,enouwakeur,15,-19.3666667,169.3
vu,enpinane,15,-19.6,169.3333333
vu,eouta,14,-16.9,168.5666667
vu,epantgouei,08,-17.7833333,168.25
vu,epao,08,-17.625,168.4944444
vu,epiang,08,-17.7833333,168.2833333
vu,epule,08,-17.5722222,168.4583333
vu,erano,06,-15.4333333,167.6666667
vu,erata,14,-17.0166667,168.6
vu,eren,13,-14.95,167.0166667
vu,erevoulay,13,-15.65,166.7666667
vu,eton,08,-17.75,168.55
vu,evitawo,06,-15.3666667,167.9333333
vu,falan,13,-15.3833333,167.0333333
vu,falatasa,13,-15.4,167.0166667
vu,fali,05,-16.2666667,167.9166667
vu,faloua,07,-13.6666667,167.7
vu,famban,05,-16.2166667,168.1833333
vu,fandoue,06,-15.3166667,167.8166667
vu,fanebal,05,-16.1833333,168.1
vu,fanla,05,-16.1333333,168.1333333
vu,fanouatatao,05,-16.1166667,168.1333333
vu,fanpatey,06,-15.4,168.1333333
vu,fanrereo,05,-16.15,168.1166667
vu,fantiekon,05,-16.1333333,168.15
vu,farealapa,08,-17.45,168.35
vu,faroun,10,-16.5166667,167.6333333
vu,farsari,12,-15.8833333,168.2666667
vu,fartabo,10,-16.35,167.7333333
vu,felea,13,-15.3833333,167.0833333
vu,fila,08,-17.7333333,168.3166667
vu,filakara,09,-16.8166667,168.4
vu,fingalato,06,-15.35,167.8
vu,finongi,14,-17.0666667,168.4
vu,fiourou,13,-15.6333333,166.8666667
vu,fisina,09,-16.6333333,168.15
vu,fonteng,05,-16.1166667,168.1833333
vu,fonwor,05,-16.1666667,168.2
vu,forari,08,-17.6666667,168.5166667
vu,foreas,07,-13.9333333,167.45
vu,fortsenal,13,-15.45,166.8833333
vu,founpat,13,-15.45,166.8666667
vu,fousroumbous,13,-15.45,166.9166667
vu,fwimambwetoli,06,-15.3166667,167.8333333
vu,fwimatal,13,-15.45,167.0333333
vu,gavigamana,07,-13.1333333,166.5666667
vu,gebenour,10,-16.25,167.6166667
vu,gnierenioumen,07,-13.7,167.6166667
vu,green hill,15,-19.3833333,169.2833333
vu,grempo,13,-15.2666667,167.0666667
vu,halos,11,-16.5333333,168.35
vu,hangar,05,-16.1666667,168.1
vu,happy land,15,-18.9166667,169.0833333
vu,harimal,05,-16.1,168.1666667
vu,hawor,05,-16.15,168.1333333
vu,hebel,10,-16.2833333,167.65
vu,hog harbour,13,-15.1333333,167.1
vu,hokoua,13,-14.6666667,166.6166667
vu,hokua,13,-14.7,166.6
vu,holen,09,-16.5166667,168.3166667
vu,hounnbank,10,-16.6,167.45
vu,iakobone,13,-15.0166667,167.05
vu,iaosaou,15,-18.9666667,169.2166667
vu,iaouwa,07,-13.1333333,166.5333333
vu,iasoa,15,-19.5333333,170.2
vu,ifo,15,-18.9166667,169.3333333
vu,ignal,11,-16.5166667,168.2166667
vu,iile,07,-13.7,167.65
vu,ijeptzav,15,-20.15,169.7666667
vu,ikahakahak,15,-19.6333333,169.3666667
vu,ikaokao,15,-19.2666667,169.6
vu,ikaseukwi,15,-19.5333333,169.2833333
vu,ikeupo,15,-19.4833333,169.3166667
vu,ikiyoo,15,-19.5666667,169.3
vu,ikounala,15,-19.5666667,169.35
vu,ikounap,15,-19.5333333,169.3833333
vu,ikouroup,15,-19.5666667,169.4166667
vu,ilamre,12,-15.7333333,168.1333333
vu,ilereup,15,-19.4333333,169.2833333
vu,ileupouoou,15,-19.5333333,169.5
vu,ilisilis,15,-19.4833333,169.4
vu,iliwaba,12,-15.6333333,168.1166667
vu,ilpweutou,15,-19.45,169.3166667
vu,imaki,15,-19.6,169.45
vu,imale,15,-19.2666667,169.5833333
vu,imareukak,15,-19.6166667,169.45
vu,imlao,15,-19.5833333,169.2833333
vu,imreang,15,-19.5166667,169.4
vu,imwafeun,15,-19.35,169.2833333
vu,imwareupo,15,-19.4833333,169.35
vu,imwaya,15,-19.5333333,169.3166667
vu,inap,15,-20.1333333,169.8
vu,invanou,10,-15.9,167.1833333
vu,ioul,05,-16.1,168.15
vu,ipao,15,-19.5166667,170.2166667
vu,ipenyen,15,-19.5166667,169.3833333
vu,ipeukel,15,-19.5166667,169.45
vu,irire,12,-15.5666667,168.1333333
vu,isaka,15,-19.5333333,169.4
vu,isarkey,15,-19.5666667,169.4333333
vu,isino,15,-20.15,169.75
vu,itakoma,09,-16.9,168.5833333
vu,itounga,15,-19.5166667,169.2333333
vu,iwey,15,-19.55,169.3333333
vu,jasmori,06,-14.9166667,168.0666667
vu,kaipiloa,13,-15.4,166.8
vu,kamel lewawa,12,-15.65,168.1166667
vu,kaounomeikeur,15,-19.4833333,169.2833333
vu,kariamaoura,13,-15.7833333,166.7166667
vu,karo,10,-16.0333333,167.1833333
vu,katbol,10,-16.1833333,167.4666667
vu,kerembei,06,-15.1166667,168.0666667
vu,kerenaoura,13,-15.6666667,166.7833333
vu,kerentavou,13,-15.4833333,166.9
vu,kerepoua,07,-13.8833333,167.5833333
vu,kindou,10,-16.3333333,167.3833333
vu,koimarama,07,-13.9,167.4666667
vu,kole,13,-15.2333333,167.1666667
vu,konaekeun,15,-19.4833333,169.3
vu,konkon,05,-16.15,168.1833333
vu,korro,07,-14.3666667,167.45
vu,koulbaga,12,-15.6833333,168.1333333
vu,koulouwan,13,-15.4666667,166.8166667
vu,kouroumanpe,14,-16.8833333,168.55
vu,kourouretapo,07,-13.4333333,166.7
vu,kranturoe,13,-15.5,166.8333333
vu,kuru,07,-14.35,167.45
vu,kwanglav,07,-13.8,167.5333333
vu,kwetegaveg,07,-14.2833333,167.4166667
vu,laanbek,07,-13.6666667,167.65
vu,labo,10,-16.4666667,167.4333333
vu,laborha,13,-15.0833333,166.7333333
vu,laboue,13,-15.5166667,167.1
vu,laboultamat,12,-15.5333333,168.1333333
vu,labwarou,06,-15.4666667,168.1333333
vu,ladhu,13,-15.1333333,167.0
vu,lahoenuwi,15,-19.4666667,169.35
vu,lakatoro,10,-16.1166667,167.4166667
vu,lakerere,06,-15.0166667,168.0666667
vu,lakinasouman,15,-19.5,169.3166667
vu,laknasoua,08,-17.55,168.35
vu,laladiva,12,-15.75,168.15
vu,lalaere,13,-15.4166667,166.8
vu,lalinda,05,-16.35,168.05
vu,laloupleito,13,-15.4833333,166.7666667
vu,lalwori,12,-15.7833333,168.1666667
vu,lamak,13,-15.3833333,166.7833333
vu,lamamas,07,-13.85,167.7
vu,lamap,10,-16.4333333,167.8
vu,lamarakai,13,-15.4833333,166.8166667
vu,lamaro,13,-15.4333333,166.8
vu,lamarou,09,-16.5833333,168.1666667
vu,lamboukouti,14,-16.9166667,168.5166667
vu,lambwaen,13,-15.6333333,166.7833333
vu,lamengo,10,-16.5,167.4333333
vu,lametin,13,-15.3666667,166.85
vu,lamiinaora,15,-19.5,169.3333333
vu,lamniat,10,-15.9166667,167.3
vu,lamorountoa,12,-15.55,168.15
vu,lamoueneuvel,15,-19.4666667,169.3
vu,langoutoitoli,13,-15.4166667,166.8166667
vu,langromios,07,-14.3166667,167.5833333
vu,lankourou,15,-19.55,169.4333333
vu,laone,13,-14.85,166.75
vu,laonomoa,08,-17.5,168.4166667
vu,laosake,08,-17.5,168.4833333
vu,laounalang,15,-19.3833333,169.3
vu,lape,13,-15.05,166.7833333
vu,larata,13,-15.0166667,166.75
vu,laratava,12,-15.45,168.15
vu,laravet,10,-16.1833333,167.35
vu,laravinambosvi,12,-15.6833333,168.15
vu,larouanou,15,-19.5166667,169.3
vu,laroup,15,-19.4333333,169.3
vu,lasmea,06,-15.1166667,168.1333333
vu,lasoulepona,13,-15.45,166.8166667
vu,lasoulesoule,13,-15.6,166.9
vu,latano,12,-15.55,168.1333333
vu,latouptoup,13,-15.4,166.7666667
vu,lavalsal,10,-15.95,167.3166667
vu,lavatavo,13,-15.0333333,167.0
vu,laven,13,-15.5333333,166.85
vu,lawaawa,13,-14.8666667,166.75
vu,lawe,10,-16.45,167.4166667
vu,lawisa,15,-18.7833333,169.2
vu,lear,06,-13.55,167.3333333
vu,leblia,09,-16.7333333,168.3166667
vu,leboukouvini,09,-15.7,168.1333333
vu,legal,09,-15.6833333,168.1166667
vu,lehunang,15,-19.4833333,169.3333333
vu,leiwoma,14,-17.0166667,168.6166667
vu,lekoual,07,-13.4,166.6833333
vu,le lagon,08,-17.7666667,168.35
vu,lelowalo,15,-19.45,169.3
vu,lelvah,12,-15.7,168.1166667
vu,leman,12,-16.7166667,168.25
vu,lemembleke,12,-15.6833333,168.1666667
vu,lemettou,10,-16.0833333,167.15
vu,lemwelmwel,12,-15.7166667,168.1833333
vu,lenakel,15,-19.5333333,169.2666667
vu,lenaken,15,-19.4666667,169.2833333
vu,lenapouas,15,-19.5166667,169.3166667
vu,lenepin,15,-19.45,169.2833333
vu,lenok,12,-15.7333333,168.15
vu,lenor,10,-16.6,167.4666667
vu,lenwakmoul,12,-15.7666667,168.1666667
vu,leppa,09,-16.6833333,168.2833333
vu,lerasangoul,12,-15.7,168.15
vu,les allobroges,09,-16.7833333,168.15
vu,lesarmalras,10,-15.9,167.2
vu,les lagunes,08,-17.7333333,168.3333333
vu,lesoubelakan,12,-15.75,168.1333333
vu,letevenrar,13,-14.9833333,167.0166667
vu,letowopom,15,-19.5,169.2666667
vu,letut,13,-15.0666667,167.0333333
vu,leumanggoviati,15,-19.4833333,169.3666667
vu,leve,05,-16.3,167.95
vu,levolvol,07,-14.3166667,167.7333333
vu,lewelvaru,13,-15.0666667,167.05
vu,lihiouk,12,-15.7333333,168.1666667
vu,limap,10,-16.2333333,167.5166667
vu,limdi,07,-13.6833333,167.65
vu,linboul,05,-16.1333333,168.1166667
vu,litzlitz,10,-16.1166667,167.4333333
vu,loameul,15,-19.35,169.25
vu,loanengo,15,-19.55,169.4166667
vu,loarou,13,-15.1666667,167.1
vu,lobanga,06,-15.4,167.7333333
vu,lobatmas,13,-15.1166667,167.0333333
vu,loelafomwa,15,-19.3833333,169.3166667
vu,loghvari,10,-16.5333333,167.8166667
vu,lokoten,13,-15.15,167.1
vu,loldomae,06,-15.4,167.9166667
vu,loliboulo,05,-16.25,167.95
vu,lolimari,05,-16.25,167.9166667
vu,lolimari,06,-15.35,167.9333333
vu,loloarou,06,-15.3333333,167.8
vu,lolobanga,06,-15.4833333,167.75
vu,lolokalato,06,-15.3833333,167.75
vu,lolominiou,13,-14.9166667,166.5666667
vu,lolopuepe,06,-15.3,167.8833333
vu,lolosori,06,-15.3166667,167.9
vu,lolotinge,06,-15.3666667,167.7666667
vu,lolovele,06,-15.4666667,167.85
vu,lolovotali,06,-15.45,167.8666667
vu,lolowai,06,-15.2833333,167.9666667
vu,lolowarou,06,-15.0833333,168.0666667
vu,lolsaliwann,12,-15.5333333,168.1666667
vu,lolsanga,06,-15.3833333,167.9333333
vu,loluerkon,05,-16.1666667,168.0833333
vu,lomalanga,06,-15.3166667,167.8666667
vu,lomateiwei,06,-15.4166667,167.9166667
vu,lomemeti,15,-19.5,169.45
vu,lonbilingdoun,12,-15.9,168.1833333
vu,lonboue,12,-15.9333333,168.25
vu,lonboureoul,12,-16.0,168.2
vu,londwa,06,-15.3666667,167.7333333
vu,lone,06,-15.3666667,167.75
vu,lonengwarao,06,-15.4666667,167.7666667
vu,loneowei,05,-16.3333333,168.0333333
vu,longwarou,06,-15.35,167.7833333
vu,lonhao,06,-15.4166667,167.9
vu,lonlebi,12,-15.95,168.2333333
vu,lonmink,10,-16.3166667,167.3833333
vu,lonorore,12,-15.85,168.1666667
vu,lontige,13,-15.3666667,166.8333333
vu,lonwar,05,-16.1333333,168.1666667
vu,loonekiyawileung,15,-19.4833333,169.25
vu,loonelangat,15,-19.35,169.3333333
vu,loonelapeun,15,-19.5166667,169.2833333
vu,loonoo,15,-19.5,169.4166667
vu,loopa,09,-16.8166667,168.3833333
vu,loouanapouta,15,-19.5166667,169.25
vu,looukas,15,-19.5,169.2333333
vu,looukeureus,15,-19.4333333,169.2666667
vu,looulooupou,15,-19.5,169.4333333
vu,loounapkamey,15,-19.5,169.25
vu,loounapkaulangeus,15,-19.5,169.3
vu,loounapkiko,15,-19.5,169.2833333
vu,loounatkey,15,-19.4,169.3
vu,loounemeloupang,15,-19.3666667,169.25
vu,loounihm,15,-19.4666667,169.3166667
vu,loounimhapeun,15,-19.35,169.3
vu,looutel,15,-19.4833333,169.2166667
vu,looutopounga,15,-19.4833333,169.3833333
vu,loptoro,13,-15.3,166.9166667
vu,lorediakarkar,13,-15.2333333,167.1166667
vu,lorieno,13,-15.1833333,167.1166667
vu,losokwarou,06,-15.4666667,167.7
vu,losoue,13,-15.5833333,166.7666667
vu,lotabone,13,-15.0166667,167.0166667
vu,lotapouna,15,-19.4,169.3166667
vu,lotawan,07,-13.85,167.6833333
vu,loua,10,-15.9333333,167.3166667
vu,louganville,13,-15.5333333,167.1666667
vu,loulep,11,-16.4666667,168.25
vu,louli,05,-16.45,168.25
vu,lounaragi,07,-13.3333333,166.6166667
vu,louoimalakai,10,-16.5166667,167.6666667
vu,loupalea,14,-16.8833333,168.5333333
vu,lourou,13,-15.2166667,167.1666667
vu,lovonolivo,07,-13.8333333,167.3833333
vu,lowarhe,13,-15.1833333,167.1333333
vu,lowatoumbe,06,-15.3333333,167.9666667
vu,lowekewou,09,-16.6,168.1666667
vu,lowerie,13,-15.2,167.0333333
vu,lowirave,13,-15.5,166.8
vu,lowitava,06,-15.3,167.9
vu,lowiteul,15,-19.3333333,169.2666667
vu,lowosi,06,-15.3833333,167.9166667
vu,lowoudbe,07,-13.8333333,167.7
vu,lowountawor,06,-15.3333333,167.95
vu,maat,08,-17.6833333,168.25
vu,mae,10,-16.0666667,167.3666667
vu,mae,13,-15.1666667,166.8
vu,magam,05,-16.1,168.1333333
vu,makata,14,-17.0666667,168.4166667
vu,makatambo,13,-15.55,166.8833333
vu,makeone,07,-14.3666667,167.4666667
vu,makeon,07,-14.3666667,167.4833333
vu,malaliou,08,-17.4666667,168.3666667
vu,malao,13,-15.1666667,166.85
vu,malaora,08,-17.7,168.2666667
vu,malapat,08,-17.7166667,168.2833333
vu,malboral,10,-16.55,167.5666667
vu,maloeta,13,-15.1333333,166.8
vu,malouibakaranae,13,-15.4666667,166.95
vu,maloutfol,13,-15.45,166.9666667
vu,malver,05,-16.2833333,167.9333333
vu,malvouko,13,-14.7666667,166.6833333
vu,mandri,06,-15.3,168.1
vu,mangarisiou,14,-16.9166667,168.5666667
vu,mangorango,08,-17.4833333,168.4666667
vu,manpay,09,-16.8166667,168.2
vu,manuro,08,-17.7,168.6
vu,mapoua,08,-17.4833333,168.4833333
vu,mapouna,09,-16.6,168.2
vu,marae,14,-17.05,168.3666667
vu,marchal,13,-15.2833333,167.0666667
vu,marembako,10,-16.55,167.7333333
vu,marino,13,-14.9833333,168.05
vu,masalato,06,-15.4,167.6833333
vu,matae,13,-15.4166667,166.7833333
vu,matamea,13,-15.45,166.75
vu,matandan,06,-15.3833333,167.7166667
vu,matangui-salembanga,14,-16.8833333,168.5833333
vu,matanpousa,13,-15.3833333,167.2166667
vu,matansao,13,-15.6666667,167.2333333
vu,matanvat,10,-15.9333333,167.1666667
vu,mataravi,06,-15.3166667,167.9666667
vu,matie,05,-16.3,168.2833333
vu,matingi,15,-19.55,170.2166667
vu,mat,05,-16.35,168.2666667
vu,matnavando,06,-15.4666667,167.8333333
vu,mavora,05,-16.3,168.3
vu,mbarevit,07,-14.2666667,167.6
vu,melcofe,08,-17.7333333,168.3005556
vu,melip,10,-16.5833333,167.4833333
vu,meltebin,05,-16.3166667,168.0
vu,melten,05,-16.2666667,167.9333333
vu,melto,05,-16.1833333,168.0833333
vu,menegoro,13,-14.85,166.55
vu,meraroua,13,-15.4333333,166.8833333
vu,meriver,10,-16.4333333,167.7833333
vu,mesabolo,07,-14.2166667,167.4333333
vu,metarouk,12,-15.7166667,168.15
vu,meteo,13,-15.5333333,167.1333333
vu,metesari,07,-13.75,167.5166667
vu,modi,13,-14.95,166.75
vu,moeriou,14,-16.9333333,168.55
vu,mohoungha,15,-19.5166667,170.2
vu,molorhai,10,-16.55,167.8333333
vu,mondoro,07,-14.2833333,167.6
vu,mon exil,13,-15.4166667,167.15
vu,montmartre,08,-17.75,168.35
vu,morouas,13,-15.4166667,166.9166667
vu,morou,11,-16.3666667,168.25
vu,mosina,07,-13.9,167.5333333
vu,moualakot,14,-17.1333333,168.4166667
vu,mouroubak,14,-15.9333333,168.2666667
vu,nabenbene,06,-15.1333333,168.0833333
vu,nabounay,13,-15.4,166.8166667
vu,naboutariki,06,-15.4333333,167.6833333
vu,naerere,13,-15.4666667,166.8666667
vu,nagwingwim,06,-15.4,167.75
vu,naingama,06,-15.35,167.9166667
vu,nakere,13,-15.5833333,166.9833333
vu,nakonrabonga,12,-15.6666667,168.1333333
vu,nakouita,12,-15.6,168.1166667
vu,namalao,13,-15.4333333,166.8166667
vu,namatasopa,13,-15.5166667,166.8166667
vu,nambia tri,08,-17.7519444,168.3005556
vu,namoumou,06,-14.9333333,168.05
vu,namsafoura,15,-19.25,169.5833333
vu,nanaharoua,13,-14.75,166.6666667
vu,nanako,06,-15.3833333,167.7333333
vu,nanamorou,10,-16.4833333,167.8166667
vu,nangouroua,06,-15.3666667,168.1166667
vu,nanguile,08,-17.7666667,168.3
vu,nanoe,13,-15.5833333,166.9666667
vu,naone,06,-15.0166667,168.05
vu,naone,13,-15.1166667,166.7666667
vu,naous,10,-15.95,167.3333333
vu,naperol,13,-15.5,166.8166667
vu,napila,06,-15.45,167.8166667
vu,napil,13,-15.45,167.0666667
vu,napor,07,-13.8333333,167.6833333
vu,napoul,11,-16.5,168.2166667
vu,naram,10,-16.2,167.5666667
vu,narango,13,-15.55,166.9833333
vu,narea,06,-15.05,168.0666667
vu,nareget,13,-15.0333333,166.9833333
vu,narouwo,06,-15.2833333,167.95
vu,narovorovo,06,-15.1833333,168.1
vu,nasanga,14,-17.2666667,168.4166667
vu,nasawa,06,-15.2,168.1
vu,natanopeta,13,-15.6333333,166.95
vu,natapao,08,-17.6166667,168.2166667
vu,natarimboe,06,-15.4833333,167.8166667
vu,natavoa,13,-15.5166667,166.85
vu,natchino,13,-15.6,166.9833333
vu,natourouk,13,-15.4166667,167.0166667
vu,natowoulata,13,-14.95,168.05
vu,navaras,13,-15.35,166.9166667
vu,naviso,06,-15.1333333,168.1333333
vu,navolou,13,-15.55,166.9666667
vu,navolou,15,-18.75,169.0
vu,navoun,13,-15.2166667,166.8333333
vu,nayo,10,-16.05,167.1666667
vu,nazareth-rantis,12,-15.8666667,168.2666667
vu,nelvololkar,13,-15.2833333,167.1833333
vu,ngalaporoua,09,-16.6,168.1333333
vu,ngalavasorou,09,-16.6,168.1166667
vu,nikaoura,09,-16.65,168.2166667
vu,nikapa,08,-17.4833333,168.35
vu,nivenou,09,-16.6166667,168.2166667
vu,noboros,10,-16.15,167.4666667
vu,nogougou,13,-14.9333333,166.5833333
vu,nokongiri,12,-15.6666667,168.1833333
vu,nokosake,08,-17.7516667,168.2847222
vu,nokowoula,13,-15.35,166.7333333
vu,nokuku,13,-14.9333333,166.5666667
vu,nonona,13,-15.35,166.7833333
vu,noou,11,-16.4666667,168.2166667
vu,norsoup,10,-16.0666667,167.3833333
vu,noul,09,-16.7666667,168.35
vu,nounapon,15,-18.8,169.0166667
vu,npenanavet,10,-16.0166667,167.1666667
vu,olpoi,13,-14.8666667,166.55
vu,olwaa,07,-14.25,167.4166667
vu,ombous,15,-19.55,169.4666667
vu,onesoua,08,-17.5666667,168.45
vu,onetar,07,-14.3,167.4166667
vu,orap,10,-15.9666667,167.3333333
vu,orati,08,-17.7333333,168.5833333
vu,oroibao,13,-15.4333333,166.85
vu,oroni,10,-15.9833333,167.1833333
vu,orota,13,-15.15,166.8166667
vu,oule,05,-16.3333333,168.2833333
vu,ounakop,08,-17.4833333,168.3833333
vu,ounasoule,13,-15.0833333,166.6166667
vu,ounevsem,15,-18.9,169.0333333
vu,ouo-ouo,10,-15.8833333,167.2
vu,oupongkor,15,-18.8166667,169.0166667
vu,oureboul,13,-15.4833333,166.95
vu,oussele,10,-16.1,167.4166667
vu,outanlang,08,-17.4333333,168.3166667
vu,outer,10,-16.0,167.35
vu,paia,09,-16.5833333,168.2
vu,pakapoultol,13,-15.6333333,166.8
vu,pakaroro,13,-15.2333333,166.6666667
vu,pakatam,13,-15.55,166.85
vu,palikoulo,13,-15.5166667,167.2333333
vu,pamel,05,-16.3333333,168.3
vu,panas,12,-15.9166667,168.1833333
vu,pancros,12,-16.0166667,168.2166667
vu,pangona,08,-17.75,168.1833333
vu,panhavoul,12,-15.5666667,168.15
vu,panmouwouom,05,-16.25,168.3833333
vu,panoka,12,-16.0,168.2166667
vu,pantevamal,12,-15.9666667,168.1833333
vu,paonangisu,08,-17.5333333,168.4
vu,paona,13,-15.7166667,167.2333333
vu,papasoule,13,-15.4666667,166.7666667
vu,papoulasmel,13,-14.9833333,166.6
vu,patembiou,06,-14.95,168.0833333
vu,pecherie,13,-15.4833333,167.25
vu,pelol,13,-14.7833333,166.7
vu,penantsiro,13,-15.5666667,166.8833333
vu,penoubere,10,-16.2833333,167.6833333
vu,pesia,05,-16.3166667,168.05
vu,piang-piang,08,-17.6833333,168.5333333
vu,piapieo,13,-15.0833333,166.75
vu,pilioura,08,-17.5,168.4
vu,piloe,13,-15.1166667,166.8
vu,pinaloum,10,-16.0166667,167.4
vu,pinambo,10,-16.0333333,167.1666667
vu,pinapel,05,-16.35,168.2833333
vu,pitikabilendrome,07,-14.2666667,167.4166667
vu,pivosava,07,-13.1833333,166.5666667
vu,plamae,10,-16.05,167.3666667
vu,poal,05,-16.2666667,168.2333333
vu,poetsaysay,13,-15.1833333,166.8666667
vu,ponof,12,-15.9,168.2666667
vu,ponrah,12,-15.9166667,168.2666667
vu,pontasipsip,15,-18.6666667,169.15
vu,poporonous,13,-15.5,166.7666667
vu,porao,13,-14.6833333,166.6333333
vu,port-havannah,08,-17.5666667,168.2666667
vu,port lautour,13,-15.6166667,167.1666667
vu,port-olry,13,-15.05,167.05
vu,port-stanley,13,-16.15,167.45
vu,potiraousak,15,-18.95,169.1333333
vu,potlouzi,15,-18.9333333,169.1
vu,potnarhvin,15,-18.75,169.2
vu,potnaroumpouo,15,-18.9333333,169.1166667
vu,potovrou,10,-15.8833333,167.25
vu,pouilipoe,13,-14.8,166.55
vu,pouillet,15,-19.5333333,169.25
vu,pounalvat,15,-18.6333333,169.0833333
vu,pouriawot,13,-15.0166667,166.6166667
vu,pourke,09,-16.6,168.15
vu,pourtihe,13,-14.9666667,166.6166667
vu,poussabier,08,-17.7833333,168.3666667
vu,poussy,13,-15.3666667,166.65
vu,pwele,13,-15.15,166.6333333
vu,pwelpitou,13,-14.9666667,166.7833333
vu,rambak,10,-16.05,167.15
vu,rampounisia,15,-18.9666667,169.2
vu,rampounmampouo,15,-18.95,169.1666667
vu,ramwady,12,-15.7833333,168.15
vu,ranbili,05,-16.25,168.2166667
vu,ranbwe,05,-16.15,168.1
vu,ranmawat,12,-15.8,168.1666667
vu,rano,12,-15.9,168.1666667
vu,ranpoutor,12,-15.9833333,168.1833333
vu,ranpout,12,-16.0,168.2333333
vu,ransare,10,-16.2166667,167.5666667
vu,ranverekon,05,-16.2,167.9833333
vu,ranwas,12,-15.9666667,168.25
vu,rarepa,10,-16.2833333,167.6666667
vu,rasfahalo,13,-14.7833333,166.6833333
vu,rata,13,-15.35,166.8
vu,remep,10,-16.35,167.7666667
vu,repanbitipbonour,10,-16.3,167.6666667
vu,rewoka namalachi,08,-17.45,168.3666667
vu,rip,13,-14.9666667,167.1
vu,rive yan,08,-17.8,168.45
vu,robago,10,-16.2,167.55
vu,ropoutsoum,13,-15.4166667,166.9666667
vu,roria,13,-15.4333333,166.9
vu,roupesi,13,-15.4833333,166.8666667
vu,rowonawo,06,-15.1,168.0833333
vu,rowo,13,-14.95,167.0333333
vu,safiou,14,-16.9166667,168.5333333
vu,sainte therese,10,-16.35,167.3666667
vu,sai,12,-15.95,168.25
vu,sakeani,13,-15.55,166.75
vu,salap,12,-15.95,168.1833333
vu,saltas,12,-15.9833333,168.25
vu,sameria,15,-19.5666667,169.45
vu,samo,15,-19.5333333,169.4833333
vu,sanapapa,13,-15.6333333,166.7666667
vu,sanghava,14,-17.0833333,168.3833333
vu,sankay,11,-16.4666667,168.2333333
vu,sanwar,10,-15.9833333,167.35
vu,saouma,08,-17.7333333,168.2833333
vu,saraerao,06,-15.3333333,167.9
vu,saranatogoro,06,-15.35,167.7666667
vu,saraotou,13,-15.4333333,167.2
vu,saritamata,06,-15.1,168.1
vu,sarmet,10,-16.2,167.5333333
vu,sarouaetan,06,-15.3666667,167.9166667
vu,sasake,14,-17.05,168.3833333
vu,sasia,15,-19.6,169.35
vu,siviri,08,-17.5333333,168.3166667
vu,sleloure,10,-16.0666667,167.4
vu,soamal,12,-15.6166667,168.1166667
vu,sola,07,-13.8833333,167.55
vu,sonrha,10,-15.9166667,167.1666667
vu,souleisere,13,-14.9833333,166.7666667
vu,soule,13,-15.1166667,166.6333333
vu,sounai,08,-17.5333333,168.2833333
vu,stade,08,-17.7416667,168.3016667
vu,taal netan,11,-16.5,168.2
vu,tabalabalaran,13,-14.9,166.7666667
vu,tabwe,11,-16.4333333,168.2333333
vu,tabwimoli,13,-15.5,166.9166667
vu,tabwimol,13,-15.4,166.85
vu,taemammavi,13,-15.2833333,167.9166667
vu,tafouale,11,-16.4833333,168.2166667
vu,tahouta,06,-15.15,168.1166667
vu,talomaco,13,-15.1666667,166.8166667
vu,tambatalo,13,-15.4833333,167.0833333
vu,tangis,13,-15.5833333,167.0166667
vu,tanopousa,13,-15.5666667,166.85
vu,tanoriki,06,-15.0,168.0833333
vu,tanoutcho,13,-15.0,166.7833333
vu,taoumanouni,13,-15.4666667,166.9
vu,taoutou,10,-16.0833333,167.4166667
vu,tarasag,07,-14.25,167.5833333
vu,tasiriki,13,-15.6,166.7666667
vu,tasmaloum,13,-15.6166667,166.9
vu,tasmate,13,-15.2166667,166.65
vu,tatafo,13,-15.3833333,166.9833333
vu,tatouira,15,-19.5666667,169.4666667
vu,tavala,06,-15.4166667,167.7166667
vu,taviac,05,-16.3666667,168.2333333
vu,tavio,09,-16.6666667,168.2166667
vu,tavoa,13,-15.45,166.9833333
vu,temaonu,08,-17.7513889,168.2847222
vu,tematou,11,-16.4833333,168.3166667
vu,tenmerer,10,-15.9,167.2666667
vu,tenmial,10,-15.95,167.1833333
vu,terebia,13,-15.1,166.8
vu,terou,13,-15.1666667,166.8666667
vu,tichlelamboue,10,-16.0,167.3666667
vu,tigalga,07,-13.8666667,167.4
vu,tioungwi,13,-15.3,167.0666667
vu,tiouroumbo,13,-15.3166667,167.0666667
vu,tisbel,10,-16.2666667,167.4
vu,tivel,10,-16.05,167.4
vu,tobotoumbo,06,-15.4666667,167.7333333
vu,tokofe,08,-17.7505556,168.2844444
vu,tokor,07,-14.35,167.5666667
vu,tolab,07,-14.3166667,167.4166667
vu,tombaesar,13,-15.4,166.0166667
vu,tombet,13,-15.3666667,166.8833333
vu,tomboul,10,-16.0,167.3333333
vu,tondila,13,-15.4,166.8666667
vu,tonvar,13,-15.4166667,166.9
vu,toou,05,-16.2333333,167.95
vu,totokat,13,-15.25,167.15
vu,toumbouria,13,-15.5833333,166.8166667
vu,tsaraepae,13,-15.5166667,166.8
vu,tsariaorou,13,-15.0333333,166.7833333
vu,utanlangi,08,-17.4333333,168.3222222
vu,vaitini,14,-17.0833333,168.35
vu,valae,13,-15.6333333,166.8166667
vu,vanrewerep,12,-15.6833333,168.1833333
vu,vapana,12,-16.6333333,168.1333333
vu,vas,13,-15.0666667,166.8
vu,vatavoui,06,-15.45,167.6833333
vu,vatles,07,-14.2166667,167.45
vu,vatounaki,13,-15.4833333,166.8333333
vu,vatrada,07,-13.9,167.4166667
vu,vatrof,13,-15.3833333,166.8833333
vu,vetoubosor,07,-13.9,167.45
vu,vias,13,-15.5833333,166.8666667
vu,viei,07,-13.6833333,167.6333333
vu,vilakalaka,06,-15.4166667,167.6833333
vu,vipaka,07,-13.3666667,166.6333333
vu,vitouara,13,-15.35,167.1833333
vu,votlo,09,-16.8,168.2666667
vu,vovo,09,-16.8166667,168.1833333
vu,wailapa,13,-15.5833333,166.9333333
vu,wakon,05,-16.2333333,167.9166667
vu,wali,12,-15.9333333,168.1833333
vu,wall,12,-16.0,167.1833333
vu,walpey,13,-14.7666667,166.55
vu,walraoul,13,-15.05,167.0
vu,wanawere,13,-14.8333333,166.75
vu,wanbagam,12,-15.6666667,168.15
vu,wangtoo,07,-14.2333333,167.55
vu,wara kapa,08,-17.55,168.3333333
vu,waraparo,13,-15.4833333,166.8
vu,wararana,09,-16.8,168.3666667
vu,wasaka,07,-13.9666667,167.45
vu,wasalea,13,-15.1666667,166.6333333
vu,watfanwa,06,-15.1,168.1166667
vu,weilberi,13,-15.0833333,167.0166667
vu,welawea,12,-16.6166667,168.15
vu,white sands,15,-19.5166667,169.4333333
vu,wihel,10,-16.15,167.2
vu,wilir,10,-16.1,167.1666667
vu,wilit,05,-16.1333333,168.1833333
vu,wilmet,10,-16.05,167.2
vu,winbou,13,-15.4166667,166.95
vu,wintoua,10,-16.4833333,167.4333333
vu,witaba,10,-16.55,167.4333333
vu,wonisule,13,-15.05,166.6166667
vu,worafiou,14,-16.9,168.55
vu,woralapa,08,-17.4833333,168.3666667
vu,worlissliss,10,-16.5166667,167.4333333
vu,worovok,13,-15.1833333,166.8833333
vu,worowloa,08,-17.7513889,168.2838889
vu,wortatcha,10,-15.9833333,167.3666667
vu,wosaga,07,-13.9666667,167.4333333
vu,woulele,10,-16.2333333,167.55
vu,wounahaowoumhoum,13,-15.05,166.65
vu,wounaouss,13,-15.5833333,167.0
vu,wounawati,13,-15.1166667,166.7333333
vu,woundrpoutsour,13,-15.4166667,166.9833333
vu,wounepara,07,-13.1666667,166.5333333
vu,woungmouil,07,-13.65,167.6833333
vu,wounpipi,13,-14.8,166.7166667
vu,wounpouko,13,-14.7,166.5666667
vu,wountavitslavo,13,-14.8166667,166.7166667
vu,wouta,06,-14.9666667,168.0666667
vu,yakoukak,15,-19.55,169.3166667
vu,yakoul,13,-15.0833333,167.05
vu,yakwaraka,15,-19.6333333,169.45
vu,yanamahou,15,-19.4833333,169.4166667
vu,yankwaneneay,15,-19.6166667,169.35
vu,yanmileun,15,-19.55,169.4
vu,yapimay,15,-19.5666667,169.3166667
vu,yarouareung,15,-19.65,169.3833333
vu,yatoukwey,15,-19.5833333,169.45
vu,yelewar,10,-16.2833333,167.15
vu,yelowouwou,05,-16.2833333,167.9666667
vu,yeno,05,-16.25,167.9833333
vu,yerou,15,-19.5833333,169.3333333
vu,yetap,15,-19.5833333,169.3166667
vu,yoknaeka,15,-19.55,169.3
